2026-04-11 11:39:01.636 [background-preinit] INFO  o.h.validator.internal.util.Version - HV000001: Hibernate Validator 9.0.1.Final
2026-04-11 11:39:01.693 [main] INFO  com.example.demo.DemoApplication - Starting DemoApplication using Java 17.0.18 with PID 23980 (C:\Users\User\OneDrive\Рабочий стол\tutor-workspace\backend\target\classes started by User in C:\Users\User\OneDrive\Рабочий стол\tutor-workspace\backend)
2026-04-11 11:39:01.694 [main] DEBUG com.example.demo.DemoApplication - Running with Spring Boot v4.0.3, Spring v7.0.5
2026-04-11 11:39:01.695 [main] INFO  com.example.demo.DemoApplication - No active profile set, falling back to 1 default profile: "default"
2026-04-11 11:39:03.382 [main] INFO  o.s.d.r.c.RepositoryConfigurationDelegate - Bootstrapping Spring Data JPA repositories in DEFAULT mode.
2026-04-11 11:39:03.485 [main] INFO  o.s.d.r.c.RepositoryConfigurationDelegate - Finished Spring Data repository scanning in 92 ms. Found 19 JPA repository interfaces.
2026-04-11 11:39:04.170 [main] INFO  o.s.boot.tomcat.TomcatWebServer - Tomcat initialized with port 8080 (http)
2026-04-11 11:39:04.183 [main] INFO  o.a.coyote.http11.Http11NioProtocol - Initializing ProtocolHandler ["http-nio-8080"]
2026-04-11 11:39:04.186 [main] INFO  o.a.catalina.core.StandardService - Starting service [Tomcat]
2026-04-11 11:39:04.186 [main] INFO  o.a.catalina.core.StandardEngine - Starting Servlet engine: [Apache Tomcat/11.0.18]
2026-04-11 11:39:04.264 [main] INFO  o.s.b.w.c.s.WebApplicationContextInitializer - Root WebApplicationContext: initialization completed in 2517 ms
2026-04-11 11:39:04.329 [main] DEBUG c.e.demo.config.AuthTokenFilter - Filter 'authTokenFilter' configured for use
2026-04-11 11:39:04.515 [main] INFO  org.hibernate.orm.jpa - HHH008540: Processing PersistenceUnitInfo [name: default]
2026-04-11 11:39:04.589 [main] INFO  org.hibernate.orm.core - HHH000001: Hibernate ORM core version 7.2.4.Final
2026-04-11 11:39:05.095 [main] INFO  o.s.o.j.p.SpringPersistenceUnitInfo - No LoadTimeWeaver setup: ignoring JPA class transformer
2026-04-11 11:39:05.137 [main] INFO  com.zaxxer.hikari.HikariDataSource - HikariPool-1 - Starting...
2026-04-11 11:39:05.286 [main] INFO  com.zaxxer.hikari.pool.HikariPool - HikariPool-1 - Added connection org.postgresql.jdbc.PgConnection@bff764c
2026-04-11 11:39:05.288 [main] INFO  com.zaxxer.hikari.HikariDataSource - HikariPool-1 - Start completed.
2026-04-11 11:39:05.340 [main] WARN  org.hibernate.orm.deprecation - HHH90000025: PostgreSQLDialect does not need to be specified explicitly using 'hibernate.dialect' (remove the property setting and it will be selected by default)
2026-04-11 11:39:05.448 [main] INFO  o.hibernate.orm.connections.pooling - HHH10001005: Database info:
	Database JDBC URL [jdbc:postgresql://localhost:5432/tutor_workspace]
	Database driver: PostgreSQL JDBC Driver
	Database dialect: PostgreSQLDialect
	Database version: 15.15
	Default catalog/schema: tutor_workspace/public
	Autocommit mode: undefined/unknown
	Isolation level: READ_COMMITTED [default READ_COMMITTED]
	JDBC fetch size: none
	Pool: DataSourceConnectionProvider
	Minimum pool size: undefined/unknown
	Maximum pool size: undefined/unknown
2026-04-11 11:39:06.940 [main] INFO  org.hibernate.orm.core - HHH000489: No JTA platform available (set 'hibernate.transaction.jta.platform' to enable JTA platform integration)
2026-04-11 11:39:07.061 [main] INFO  o.s.o.j.LocalContainerEntityManagerFactoryBean - Initialized JPA EntityManagerFactory for persistence unit 'default'
2026-04-11 11:39:07.189 [main] INFO  o.s.d.j.r.q.QueryEnhancerFactories - Hibernate is in classpath; If applicable, HQL parser will be used.
2026-04-11 11:39:09.587 [main] WARN  o.s.b.j.a.JpaBaseConfiguration$JpaWebConfiguration - spring.jpa.open-in-view is enabled by default. Therefore, database queries may be performed during view rendering. Explicitly configure spring.jpa.open-in-view to disable this warning
2026-04-11 11:39:09.679 [main] WARN  o.s.b.s.a.UserDetailsServiceAutoConfiguration - 

Using generated security password: 4a8b6a73-684c-4c60-b0f3-1cf4400e555a

This generated password is for development use only. Your security configuration must be updated before running your application in production.

2026-04-11 11:39:09.689 [main] INFO  o.s.s.c.a.a.c.InitializeUserDetailsBeanManagerConfigurer$InitializeUserDetailsManagerConfigurer - Global AuthenticationManager configured with UserDetailsService bean with name inMemoryUserDetailsManager
2026-04-11 11:39:09.885 [main] DEBUG o.s.s.web.DefaultSecurityFilterChain - Will secure any request with filters: DisableEncodeUrlFilter, WebAsyncManagerIntegrationFilter, SecurityContextHolderFilter, HeaderWriterFilter, CorsFilter, LogoutFilter, AuthTokenFilter, RequestCacheAwareFilter, SecurityContextHolderAwareRequestFilter, AnonymousAuthenticationFilter, SessionManagementFilter, ExceptionTranslationFilter, AuthorizationFilter
2026-04-11 11:39:10.123 [main] DEBUG o.s.w.s.m.m.a.RequestMappingHandlerMapping - 169 mappings in 'requestMappingHandlerMapping'
2026-04-11 11:39:10.167 [main] DEBUG o.s.w.s.h.SimpleUrlHandlerMapping - Patterns [/webjars/**, /**] in 'resourceHandlerMapping'
2026-04-11 11:39:10.212 [main] DEBUG o.s.w.s.m.m.a.RequestMappingHandlerAdapter - ControllerAdvice beans: 0 @ModelAttribute, 0 @InitBinder, 2 RequestBodyAdvice, 1 ResponseBodyAdvice
2026-04-11 11:39:10.274 [main] DEBUG o.s.w.s.m.m.a.ExceptionHandlerExceptionResolver - ControllerAdvice beans: 1 @ExceptionHandler, 1 ResponseBodyAdvice
2026-04-11 11:39:10.388 [main] INFO  o.a.coyote.http11.Http11NioProtocol - Starting ProtocolHandler ["http-nio-8080"]
2026-04-11 11:39:10.410 [main] INFO  o.s.boot.tomcat.TomcatWebServer - Tomcat started on port 8080 (http) with context path '/'
2026-04-11 11:39:10.424 [main] INFO  com.example.demo.DemoApplication - Started DemoApplication in 9.417 seconds (process running for 10.493)
2026-04-11 11:39:20.459 [http-nio-8080-exec-5] INFO  o.a.c.c.C.[Tomcat].[localhost].[/] - Initializing Spring DispatcherServlet 'dispatcherServlet'
2026-04-11 11:39:20.459 [http-nio-8080-exec-5] INFO  o.s.web.servlet.DispatcherServlet - Initializing Servlet 'dispatcherServlet'
2026-04-11 11:39:20.460 [http-nio-8080-exec-5] DEBUG o.s.web.servlet.DispatcherServlet - Detected StandardServletMultipartResolver
2026-04-11 11:39:20.460 [http-nio-8080-exec-5] DEBUG o.s.web.servlet.DispatcherServlet - Detected AcceptHeaderLocaleResolver
2026-04-11 11:39:20.462 [http-nio-8080-exec-5] DEBUG o.s.web.servlet.DispatcherServlet - Detected org.springframework.web.servlet.view.DefaultRequestToViewNameTranslator@3938204d
2026-04-11 11:39:20.463 [http-nio-8080-exec-5] DEBUG o.s.web.servlet.DispatcherServlet - Detected org.springframework.web.servlet.support.SessionFlashMapManager@6e83c9c9
2026-04-11 11:39:20.464 [http-nio-8080-exec-5] DEBUG o.s.web.servlet.DispatcherServlet - enableLoggingRequestDetails='false': request parameters and headers will be masked to prevent unsafe logging of potentially sensitive data
2026-04-11 11:39:20.464 [http-nio-8080-exec-5] INFO  o.s.web.servlet.DispatcherServlet - Completed initialization in 4 ms
2026-04-11 11:39:20.480 [http-nio-8080-exec-1] DEBUG o.s.security.web.FilterChainProxy - Securing OPTIONS /api/progress/student/7/stats
2026-04-11 11:39:20.480 [http-nio-8080-exec-2] DEBUG o.s.security.web.FilterChainProxy - Securing OPTIONS /api/homework/student/7/all
2026-04-11 11:39:20.480 [http-nio-8080-exec-3] DEBUG o.s.security.web.FilterChainProxy - Securing OPTIONS /api/homework/progress/student/7
2026-04-11 11:39:20.480 [http-nio-8080-exec-5] DEBUG o.s.security.web.FilterChainProxy - Securing OPTIONS /api/materials/student/7
2026-04-11 11:39:20.480 [http-nio-8080-exec-6] DEBUG o.s.security.web.FilterChainProxy - Securing OPTIONS /api/stepik/student/7/courses
2026-04-11 11:39:20.480 [http-nio-8080-exec-4] DEBUG o.s.security.web.FilterChainProxy - Securing OPTIONS /api/lessons/student/7
2026-04-11 11:39:20.520 [http-nio-8080-exec-4] DEBUG o.s.security.web.FilterChainProxy - Securing OPTIONS /api/materials/student/7
2026-04-11 11:39:20.520 [http-nio-8080-exec-1] DEBUG o.s.security.web.FilterChainProxy - Securing OPTIONS /api/progress/student/7/stats
2026-04-11 11:39:20.520 [http-nio-8080-exec-6] DEBUG o.s.security.web.FilterChainProxy - Securing OPTIONS /api/stepik/student/7/courses
2026-04-11 11:39:20.520 [http-nio-8080-exec-2] DEBUG o.s.security.web.FilterChainProxy - Securing OPTIONS /api/lessons/student/7
2026-04-11 11:39:20.523 [http-nio-8080-exec-5] DEBUG o.s.security.web.FilterChainProxy - Securing OPTIONS /api/homework/student/7/all
2026-04-11 11:39:20.523 [http-nio-8080-exec-3] DEBUG o.s.security.web.FilterChainProxy - Securing OPTIONS /api/homework/progress/student/7
2026-04-11 11:39:20.542 [http-nio-8080-exec-9] DEBUG o.s.security.web.FilterChainProxy - Securing GET /api/lessons/student/7
2026-04-11 11:39:20.542 [http-nio-8080-exec-7] DEBUG o.s.security.web.FilterChainProxy - Securing GET /api/progress/student/7/stats
2026-04-11 11:39:20.542 [http-nio-8080-exec-4] DEBUG o.s.security.web.FilterChainProxy - Securing GET /api/stepik/student/7/courses
2026-04-11 11:39:20.542 [http-nio-8080-exec-10] DEBUG o.s.security.web.FilterChainProxy - Securing GET /api/homework/progress/student/7
2026-04-11 11:39:20.543 [http-nio-8080-exec-6] DEBUG o.s.security.web.FilterChainProxy - Securing GET /api/materials/student/7
2026-04-11 11:39:20.542 [http-nio-8080-exec-8] DEBUG o.s.security.web.FilterChainProxy - Securing GET /api/homework/student/7/all
2026-04-11 11:39:20.720 [http-nio-8080-exec-9] DEBUG o.s.security.web.FilterChainProxy - Secured GET /api/lessons/student/7
2026-04-11 11:39:20.720 [http-nio-8080-exec-6] DEBUG o.s.security.web.FilterChainProxy - Secured GET /api/materials/student/7
2026-04-11 11:39:20.720 [http-nio-8080-exec-4] DEBUG o.s.security.web.FilterChainProxy - Secured GET /api/stepik/student/7/courses
2026-04-11 11:39:20.721 [http-nio-8080-exec-7] DEBUG o.s.security.web.FilterChainProxy - Secured GET /api/progress/student/7/stats
2026-04-11 11:39:20.721 [http-nio-8080-exec-8] DEBUG o.s.security.web.FilterChainProxy - Secured GET /api/homework/student/7/all
2026-04-11 11:39:20.721 [http-nio-8080-exec-10] DEBUG o.s.security.web.FilterChainProxy - Secured GET /api/homework/progress/student/7
2026-04-11 11:39:20.728 [http-nio-8080-exec-8] DEBUG o.s.web.servlet.DispatcherServlet - GET "/api/homework/student/7/all", parameters={}
2026-04-11 11:39:20.728 [http-nio-8080-exec-9] DEBUG o.s.web.servlet.DispatcherServlet - GET "/api/lessons/student/7", parameters={}
2026-04-11 11:39:20.729 [http-nio-8080-exec-7] DEBUG o.s.web.servlet.DispatcherServlet - GET "/api/progress/student/7/stats", parameters={}
2026-04-11 11:39:20.730 [http-nio-8080-exec-10] DEBUG o.s.web.servlet.DispatcherServlet - GET "/api/homework/progress/student/7", parameters={}
2026-04-11 11:39:20.730 [http-nio-8080-exec-6] DEBUG o.s.web.servlet.DispatcherServlet - GET "/api/materials/student/7", parameters={}
2026-04-11 11:39:20.730 [http-nio-8080-exec-4] DEBUG o.s.web.servlet.DispatcherServlet - GET "/api/stepik/student/7/courses", parameters={}
2026-04-11 11:39:20.747 [http-nio-8080-exec-10] DEBUG o.s.w.s.m.m.a.RequestMappingHandlerMapping - Mapped to com.example.demo.controller.HomeworkController#getDetailedProgressStats(Long, Long, String)
2026-04-11 11:39:20.747 [http-nio-8080-exec-9] DEBUG o.s.w.s.m.m.a.RequestMappingHandlerMapping - Mapped to com.example.demo.controller.LessonController#getLessonsByStudent(Long, Long, String)
2026-04-11 11:39:20.747 [http-nio-8080-exec-6] DEBUG o.s.w.s.m.m.a.RequestMappingHandlerMapping - Mapped to com.example.demo.controller.MaterialController#getMaterialsForStudent(Long, Long, String)
2026-04-11 11:39:20.747 [http-nio-8080-exec-4] DEBUG o.s.w.s.m.m.a.RequestMappingHandlerMapping - Mapped to com.example.demo.controller.StepikController#getStudentCourses(Long)
2026-04-11 11:39:20.747 [http-nio-8080-exec-7] DEBUG o.s.w.s.m.m.a.RequestMappingHandlerMapping - Mapped to com.example.demo.controller.ProgressController#getStudentProgressStats(Long, Long, String)
2026-04-11 11:39:20.747 [http-nio-8080-exec-8] DEBUG o.s.w.s.m.m.a.RequestMappingHandlerMapping - Mapped to com.example.demo.controller.HomeworkController#getAllHomeworkForStudent(Long, Long, String)
2026-04-11 11:39:20.791 [http-nio-8080-exec-4] DEBUG o.s.s.a.m.AuthorizationManagerBeforeMethodInterceptor - Authorizing method invocation ReflectiveMethodInvocation: public org.springframework.http.ResponseEntity com.example.demo.controller.StepikController.getStudentCourses(java.lang.Long); target is of class [com.example.demo.controller.StepikController]
2026-04-11 11:39:20.796 [http-nio-8080-exec-6] DEBUG o.s.s.a.m.AuthorizationManagerBeforeMethodInterceptor - Authorizing method invocation ReflectiveMethodInvocation: public org.springframework.http.ResponseEntity com.example.demo.controller.MaterialController.getMaterialsForStudent(java.lang.Long,java.lang.Long,java.lang.String); target is of class [com.example.demo.controller.MaterialController]
2026-04-11 11:39:20.796 [http-nio-8080-exec-8] DEBUG o.s.s.a.m.AuthorizationManagerBeforeMethodInterceptor - Authorizing method invocation ReflectiveMethodInvocation: public org.springframework.http.ResponseEntity com.example.demo.controller.HomeworkController.getAllHomeworkForStudent(java.lang.Long,java.lang.Long,java.lang.String); target is of class [com.example.demo.controller.HomeworkController]
2026-04-11 11:39:20.796 [http-nio-8080-exec-7] DEBUG o.s.s.a.m.AuthorizationManagerBeforeMethodInterceptor - Authorizing method invocation ReflectiveMethodInvocation: public org.springframework.http.ResponseEntity com.example.demo.controller.ProgressController.getStudentProgressStats(java.lang.Long,java.lang.Long,java.lang.String); target is of class [com.example.demo.controller.ProgressController]
2026-04-11 11:39:20.796 [http-nio-8080-exec-9] DEBUG o.s.s.a.m.AuthorizationManagerBeforeMethodInterceptor - Authorizing method invocation ReflectiveMethodInvocation: public org.springframework.http.ResponseEntity com.example.demo.controller.LessonController.getLessonsByStudent(java.lang.Long,java.lang.Long,java.lang.String); target is of class [com.example.demo.controller.LessonController]
2026-04-11 11:39:20.797 [http-nio-8080-exec-10] DEBUG o.s.s.a.m.AuthorizationManagerBeforeMethodInterceptor - Authorizing method invocation ReflectiveMethodInvocation: public org.springframework.http.ResponseEntity com.example.demo.controller.HomeworkController.getDetailedProgressStats(java.lang.Long,java.lang.Long,java.lang.String); target is of class [com.example.demo.controller.HomeworkController]
2026-04-11 11:39:20.842 [http-nio-8080-exec-8] DEBUG o.s.s.a.m.AuthorizationManagerBeforeMethodInterceptor - Authorized method invocation ReflectiveMethodInvocation: public org.springframework.http.ResponseEntity com.example.demo.controller.HomeworkController.getAllHomeworkForStudent(java.lang.Long,java.lang.Long,java.lang.String); target is of class [com.example.demo.controller.HomeworkController]
2026-04-11 11:39:20.842 [http-nio-8080-exec-9] DEBUG o.s.s.a.m.AuthorizationManagerBeforeMethodInterceptor - Authorized method invocation ReflectiveMethodInvocation: public org.springframework.http.ResponseEntity com.example.demo.controller.LessonController.getLessonsByStudent(java.lang.Long,java.lang.Long,java.lang.String); target is of class [com.example.demo.controller.LessonController]
2026-04-11 11:39:20.842 [http-nio-8080-exec-4] DEBUG o.s.s.a.m.AuthorizationManagerBeforeMethodInterceptor - Authorized method invocation ReflectiveMethodInvocation: public org.springframework.http.ResponseEntity com.example.demo.controller.StepikController.getStudentCourses(java.lang.Long); target is of class [com.example.demo.controller.StepikController]
2026-04-11 11:39:20.842 [http-nio-8080-exec-6] DEBUG o.s.s.a.m.AuthorizationManagerBeforeMethodInterceptor - Authorized method invocation ReflectiveMethodInvocation: public org.springframework.http.ResponseEntity com.example.demo.controller.MaterialController.getMaterialsForStudent(java.lang.Long,java.lang.Long,java.lang.String); target is of class [com.example.demo.controller.MaterialController]
2026-04-11 11:39:20.842 [http-nio-8080-exec-10] DEBUG o.s.s.a.m.AuthorizationManagerBeforeMethodInterceptor - Authorized method invocation ReflectiveMethodInvocation: public org.springframework.http.ResponseEntity com.example.demo.controller.HomeworkController.getDetailedProgressStats(java.lang.Long,java.lang.Long,java.lang.String); target is of class [com.example.demo.controller.HomeworkController]
2026-04-11 11:39:20.842 [http-nio-8080-exec-7] DEBUG o.s.s.a.m.AuthorizationManagerBeforeMethodInterceptor - Authorized method invocation ReflectiveMethodInvocation: public org.springframework.http.ResponseEntity com.example.demo.controller.ProgressController.getStudentProgressStats(java.lang.Long,java.lang.Long,java.lang.String); target is of class [com.example.demo.controller.ProgressController]
2026-04-11 11:39:20.922 [http-nio-8080-exec-9] DEBUG org.hibernate.SQL - 
    select
        s1_0.id,
        s1_0.birthday,
        s1_0.created_at,
        s1_0.email,
        s1_0.full_name,
        p1_0.id,
        p1_0.created_at,
        p1_0.email,
        p1_0.full_name,
        p1_0.password_hash,
        p1_0.phone,
        p1_0.role,
        s1_0.parent_name,
        s1_0.parent_phone,
        s1_0.password_hash,
        s1_0.payment_type,
        s1_0.phone,
        s1_0.role,
        r1_0.student_id,
        r1_0.id,
        r1_0.rate_per_lesson,
        r1_0.tutor_id,
        t1_0.id,
        t1_0.about,
        t1_0.avatar,
        t1_0.birthday,
        t1_0.city,
        t1_0.created_at,
        t1_0.email,
        t1_0.full_name,
        t1_0.is_active,
        t1_0.password_hash,
        t1_0.phone,
        t1_0.role 
    from
        student s1_0 
    left join
        parent p1_0 
            on p1_0.id=s1_0.parent_id 
    left join
        student_rate r1_0 
            on s1_0.id=r1_0.student_id 
    left join
        tutor t1_0 
            on t1_0.id=r1_0.tutor_id 
    where
        s1_0.id=?
2026-04-11 11:39:20.922 [http-nio-8080-exec-6] DEBUG org.hibernate.SQL - 
    select
        s1_0.id,
        s1_0.birthday,
        s1_0.created_at,
        s1_0.email,
        s1_0.full_name,
        p1_0.id,
        p1_0.created_at,
        p1_0.email,
        p1_0.full_name,
        p1_0.password_hash,
        p1_0.phone,
        p1_0.role,
        s1_0.parent_name,
        s1_0.parent_phone,
        s1_0.password_hash,
        s1_0.payment_type,
        s1_0.phone,
        s1_0.role,
        r1_0.student_id,
        r1_0.id,
        r1_0.rate_per_lesson,
        r1_0.tutor_id,
        t1_0.id,
        t1_0.about,
        t1_0.avatar,
        t1_0.birthday,
        t1_0.city,
        t1_0.created_at,
        t1_0.email,
        t1_0.full_name,
        t1_0.is_active,
        t1_0.password_hash,
        t1_0.phone,
        t1_0.role 
    from
        student s1_0 
    left join
        parent p1_0 
            on p1_0.id=s1_0.parent_id 
    left join
        student_rate r1_0 
            on s1_0.id=r1_0.student_id 
    left join
        tutor t1_0 
            on t1_0.id=r1_0.tutor_id 
    where
        s1_0.id=?
2026-04-11 11:39:21.043 [http-nio-8080-exec-6] DEBUG org.hibernate.SQL - 
    select
        t1_0.student_id,
        t1_1.id,
        t1_1.about,
        t1_1.avatar,
        t1_1.birthday,
        t1_1.city,
        t1_1.created_at,
        t1_1.email,
        t1_1.full_name,
        t1_1.is_active,
        t1_1.password_hash,
        t1_1.phone,
        t1_1.role 
    from
        student_tutor t1_0 
    join
        tutor t1_1 
            on t1_1.id=t1_0.tutor_id 
    where
        t1_0.student_id=?
2026-04-11 11:39:21.043 [http-nio-8080-exec-9] DEBUG org.hibernate.SQL - 
    select
        t1_0.student_id,
        t1_1.id,
        t1_1.about,
        t1_1.avatar,
        t1_1.birthday,
        t1_1.city,
        t1_1.created_at,
        t1_1.email,
        t1_1.full_name,
        t1_1.is_active,
        t1_1.password_hash,
        t1_1.phone,
        t1_1.role 
    from
        student_tutor t1_0 
    join
        tutor t1_1 
            on t1_1.id=t1_0.tutor_id 
    where
        t1_0.student_id=?
2026-04-11 11:39:21.053 [http-nio-8080-exec-4] DEBUG org.hibernate.SQL - 
    select
        ssc1_0.id,
        ssc1_0.assigned_at,
        ssc1_0.assigned_by,
        ssc1_0.course_id,
        ssc1_0.course_title,
        ssc1_0.last_sync_at,
        ssc1_0.progress_percent,
        ssc1_0.status,
        ssc1_0.student_id 
    from
        student_stepik_course ssc1_0 
    where
        ssc1_0.student_id=?
2026-04-11 11:39:21.053 [http-nio-8080-exec-7] DEBUG org.hibernate.SQL - 
    select
        pr1_0.id,
        pr1_0.course_id,
        pr1_0.created_at,
        pr1_0.grade,
        pr1_0.homework_id,
        pr1_0.notes,
        pr1_0.record_date,
        pr1_0.score,
        pr1_0.student_id,
        pr1_0.topic 
    from
        progress_record pr1_0 
    where
        pr1_0.student_id=? 
    order by
        pr1_0.record_date
2026-04-11 11:39:21.053 [http-nio-8080-exec-8] DEBUG org.hibernate.SQL - 
    select
        h1_0.id,
        h1_0.attachments,
        h1_0.created_at,
        h1_0.due_date,
        h1_0.feedback,
        h1_0.grade,
        h1_0.max_score,
        h1_0.percentage,
        h1_0.score,
        h1_0.status,
        h1_0.student_id,
        h1_0.submitted_at,
        h1_0.task,
        h1_0.tutor_id,
        h1_0.updated_at 
    from
        homework h1_0 
    where
        h1_0.student_id=?
2026-04-11 11:39:21.053 [http-nio-8080-exec-10] DEBUG org.hibernate.SQL - 
    select
        h1_0.id,
        h1_0.attachments,
        h1_0.created_at,
        h1_0.due_date,
        h1_0.feedback,
        h1_0.grade,
        h1_0.max_score,
        h1_0.percentage,
        h1_0.score,
        h1_0.status,
        h1_0.student_id,
        h1_0.submitted_at,
        h1_0.task,
        h1_0.tutor_id,
        h1_0.updated_at 
    from
        homework h1_0 
    where
        h1_0.student_id=?
2026-04-11 11:39:21.062 [http-nio-8080-exec-9] DEBUG org.hibernate.SQL - 
    select
        s1_0.id 
    from
        student s1_0 
    where
        s1_0.email=?
2026-04-11 11:39:21.073 [http-nio-8080-exec-9] DEBUG org.hibernate.SQL - 
    select
        l1_0.id,
        l1_0.completed_at,
        l1_0.course_id,
        l1_0.created_at,
        l1_0.end_time,
        l1_0.lesson_date,
        l1_0.next_lesson_plan,
        l1_0.notes,
        l1_0.original_lesson_id,
        l1_0.paid_at,
        l1_0.start_time,
        l1_0.status,
        l1_0.student_id,
        l1_0.tutor_id,
        l1_0.updated_at 
    from
        lesson l1_0 
    where
        l1_0.student_id=? 
    order by
        l1_0.lesson_date,
        l1_0.start_time
2026-04-11 11:39:21.081 [http-nio-8080-exec-7] DEBUG o.s.w.s.m.m.a.HttpEntityMethodProcessor - Using 'application/json', given [application/json, text/plain, */*] and supported [application/json, application/*+json]
2026-04-11 11:39:21.081 [http-nio-8080-exec-4] DEBUG o.s.w.s.m.m.a.HttpEntityMethodProcessor - Using 'application/json', given [application/json, text/plain, */*] and supported [application/json, application/*+json]
2026-04-11 11:39:21.082 [http-nio-8080-exec-9] DEBUG o.s.w.s.m.m.a.HttpEntityMethodProcessor - Using 'application/json', given [application/json, text/plain, */*] and supported [application/json, application/*+json]
2026-04-11 11:39:21.082 [http-nio-8080-exec-8] DEBUG o.s.w.s.m.m.a.HttpEntityMethodProcessor - Using 'application/json', given [application/json, text/plain, */*] and supported [application/json, application/*+json]
2026-04-11 11:39:21.085 [http-nio-8080-exec-8] DEBUG o.s.w.s.m.m.a.HttpEntityMethodProcessor - Writing [[]]
2026-04-11 11:39:21.085 [http-nio-8080-exec-10] DEBUG o.s.w.s.m.m.a.HttpEntityMethodProcessor - Using 'application/json', given [application/json, text/plain, */*] and supported [application/json, application/*+json]
2026-04-11 11:39:21.085 [http-nio-8080-exec-7] DEBUG o.s.w.s.m.m.a.HttpEntityMethodProcessor - Writing [{totalRecords=0, averageScore=0, timeline=[], averageGrade=0, courseStats=[], trend=neutral}]
2026-04-11 11:39:21.085 [http-nio-8080-exec-4] DEBUG o.s.w.s.m.m.a.HttpEntityMethodProcessor - Writing [[]]
2026-04-11 11:39:21.085 [http-nio-8080-exec-9] DEBUG o.s.w.s.m.m.a.HttpEntityMethodProcessor - Writing [[]]
2026-04-11 11:39:21.085 [http-nio-8080-exec-10] DEBUG o.s.w.s.m.m.a.HttpEntityMethodProcessor - Writing [{averagePercentage=0, averageGrade=0.0, gradeDistribution={1=0, 2=0, 3=0, 4=0, 5=0}, checkedHomework (truncated)...]
2026-04-11 11:39:21.096 [http-nio-8080-exec-6] DEBUG org.hibernate.SQL - 
    select
        m1_0.id,
        m1_0.course_id,
        m1_0.created_at,
        m1_0.description,
        m1_0.file_name,
        m1_0.file_path,
        m1_0.file_size,
        m1_0.file_type,
        m1_0.folder_id,
        m1_0.student_id,
        m1_0.title,
        m1_0.tutor_id,
        m1_0.updated_at 
    from
        material m1_0
2026-04-11 11:39:21.106 [http-nio-8080-exec-6] DEBUG org.hibernate.SQL - 
    select
        c1_0.id,
        c1_0.color,
        c1_0.created_at,
        c1_0.description,
        c1_0.name,
        c1_0.tutor_id 
    from
        course c1_0 
    join
        course_student es1_0 
            on c1_0.id=es1_0.course_id 
    where
        es1_0.student_id=?
2026-04-11 11:39:21.115 [http-nio-8080-exec-6] DEBUG org.hibernate.SQL - 
    select
        c1_0.id,
        c1_0.color,
        c1_0.created_at,
        c1_0.description,
        c1_0.name,
        c1_0.tutor_id 
    from
        course c1_0 
    join
        course_student es1_0 
            on c1_0.id=es1_0.course_id 
    where
        es1_0.student_id=?
2026-04-11 11:39:21.119 [http-nio-8080-exec-6] DEBUG org.hibernate.SQL - 
    select
        mf1_0.id,
        mf1_0.course_id,
        mf1_0.created_at,
        mf1_0.name,
        mf1_0.parent_folder_id,
        mf1_0.tutor_id 
    from
        material_folder mf1_0
2026-04-11 11:39:21.125 [http-nio-8080-exec-6] DEBUG o.s.w.s.m.m.a.HttpEntityMethodProcessor - Using 'application/json', given [application/json, text/plain, */*] and supported [application/json, application/*+json]
2026-04-11 11:39:21.125 [http-nio-8080-exec-6] DEBUG o.s.w.s.m.m.a.HttpEntityMethodProcessor - Writing [{folders=[], materials=[]}]
2026-04-11 11:39:21.130 [http-nio-8080-exec-9] DEBUG o.s.web.servlet.DispatcherServlet - Completed 200 OK
2026-04-11 11:39:21.130 [http-nio-8080-exec-8] DEBUG o.s.web.servlet.DispatcherServlet - Completed 200 OK
2026-04-11 11:39:21.131 [http-nio-8080-exec-4] DEBUG o.s.web.servlet.DispatcherServlet - Completed 200 OK
2026-04-11 11:39:21.134 [http-nio-8080-exec-2] DEBUG o.s.security.web.FilterChainProxy - Securing GET /api/materials/student/7
2026-04-11 11:39:21.134 [http-nio-8080-exec-6] DEBUG o.s.web.servlet.DispatcherServlet - Completed 200 OK
2026-04-11 11:39:21.135 [http-nio-8080-exec-3] DEBUG o.s.security.web.FilterChainProxy - Securing GET /api/lessons/student/7
2026-04-11 11:39:21.136 [http-nio-8080-exec-6] DEBUG o.s.security.web.FilterChainProxy - Securing GET /api/progress/student/7/stats
2026-04-11 11:39:21.141 [http-nio-8080-exec-10] DEBUG o.s.web.servlet.DispatcherServlet - Completed 200 OK
2026-04-11 11:39:21.142 [http-nio-8080-exec-2] DEBUG o.s.security.web.FilterChainProxy - Secured GET /api/materials/student/7
2026-04-11 11:39:21.142 [http-nio-8080-exec-2] DEBUG o.s.web.servlet.DispatcherServlet - GET "/api/materials/student/7", parameters={}
2026-04-11 11:39:21.143 [http-nio-8080-exec-3] DEBUG o.s.security.web.FilterChainProxy - Secured GET /api/lessons/student/7
2026-04-11 11:39:21.143 [http-nio-8080-exec-3] DEBUG o.s.web.servlet.DispatcherServlet - GET "/api/lessons/student/7", parameters={}
2026-04-11 11:39:21.143 [http-nio-8080-exec-5] DEBUG o.s.security.web.FilterChainProxy - Securing GET /api/homework/progress/student/7
2026-04-11 11:39:21.143 [http-nio-8080-exec-2] DEBUG o.s.w.s.m.m.a.RequestMappingHandlerMapping - Mapped to com.example.demo.controller.MaterialController#getMaterialsForStudent(Long, Long, String)
2026-04-11 11:39:21.144 [http-nio-8080-exec-3] DEBUG o.s.w.s.m.m.a.RequestMappingHandlerMapping - Mapped to com.example.demo.controller.LessonController#getLessonsByStudent(Long, Long, String)
2026-04-11 11:39:21.144 [http-nio-8080-exec-2] DEBUG o.s.s.a.m.AuthorizationManagerBeforeMethodInterceptor - Authorizing method invocation ReflectiveMethodInvocation: public org.springframework.http.ResponseEntity com.example.demo.controller.MaterialController.getMaterialsForStudent(java.lang.Long,java.lang.Long,java.lang.String); target is of class [com.example.demo.controller.MaterialController]
2026-04-11 11:39:21.144 [http-nio-8080-exec-3] DEBUG o.s.s.a.m.AuthorizationManagerBeforeMethodInterceptor - Authorizing method invocation ReflectiveMethodInvocation: public org.springframework.http.ResponseEntity com.example.demo.controller.LessonController.getLessonsByStudent(java.lang.Long,java.lang.Long,java.lang.String); target is of class [com.example.demo.controller.LessonController]
2026-04-11 11:39:21.144 [http-nio-8080-exec-2] DEBUG o.s.s.a.m.AuthorizationManagerBeforeMethodInterceptor - Authorized method invocation ReflectiveMethodInvocation: public org.springframework.http.ResponseEntity com.example.demo.controller.MaterialController.getMaterialsForStudent(java.lang.Long,java.lang.Long,java.lang.String); target is of class [com.example.demo.controller.MaterialController]
2026-04-11 11:39:21.144 [http-nio-8080-exec-3] DEBUG o.s.s.a.m.AuthorizationManagerBeforeMethodInterceptor - Authorized method invocation ReflectiveMethodInvocation: public org.springframework.http.ResponseEntity com.example.demo.controller.LessonController.getLessonsByStudent(java.lang.Long,java.lang.Long,java.lang.String); target is of class [com.example.demo.controller.LessonController]
2026-04-11 11:39:21.145 [http-nio-8080-exec-1] DEBUG o.s.security.web.FilterChainProxy - Securing GET /api/stepik/student/7/courses
2026-04-11 11:39:21.145 [http-nio-8080-exec-6] DEBUG o.s.security.web.FilterChainProxy - Secured GET /api/progress/student/7/stats
2026-04-11 11:39:21.145 [http-nio-8080-exec-6] DEBUG o.s.web.servlet.DispatcherServlet - GET "/api/progress/student/7/stats", parameters={}
2026-04-11 11:39:21.146 [http-nio-8080-exec-6] DEBUG o.s.w.s.m.m.a.RequestMappingHandlerMapping - Mapped to com.example.demo.controller.ProgressController#getStudentProgressStats(Long, Long, String)
2026-04-11 11:39:21.146 [http-nio-8080-exec-3] DEBUG org.hibernate.SQL - 
    select
        s1_0.id,
        s1_0.birthday,
        s1_0.created_at,
        s1_0.email,
        s1_0.full_name,
        p1_0.id,
        p1_0.created_at,
        p1_0.email,
        p1_0.full_name,
        p1_0.password_hash,
        p1_0.phone,
        p1_0.role,
        s1_0.parent_name,
        s1_0.parent_phone,
        s1_0.password_hash,
        s1_0.payment_type,
        s1_0.phone,
        s1_0.role,
        r1_0.student_id,
        r1_0.id,
        r1_0.rate_per_lesson,
        r1_0.tutor_id,
        t1_0.id,
        t1_0.about,
        t1_0.avatar,
        t1_0.birthday,
        t1_0.city,
        t1_0.created_at,
        t1_0.email,
        t1_0.full_name,
        t1_0.is_active,
        t1_0.password_hash,
        t1_0.phone,
        t1_0.role 
    from
        student s1_0 
    left join
        parent p1_0 
            on p1_0.id=s1_0.parent_id 
    left join
        student_rate r1_0 
            on s1_0.id=r1_0.student_id 
    left join
        tutor t1_0 
            on t1_0.id=r1_0.tutor_id 
    where
        s1_0.id=?
2026-04-11 11:39:21.147 [http-nio-8080-exec-2] DEBUG org.hibernate.SQL - 
    select
        s1_0.id,
        s1_0.birthday,
        s1_0.created_at,
        s1_0.email,
        s1_0.full_name,
        p1_0.id,
        p1_0.created_at,
        p1_0.email,
        p1_0.full_name,
        p1_0.password_hash,
        p1_0.phone,
        p1_0.role,
        s1_0.parent_name,
        s1_0.parent_phone,
        s1_0.password_hash,
        s1_0.payment_type,
        s1_0.phone,
        s1_0.role,
        r1_0.student_id,
        r1_0.id,
        r1_0.rate_per_lesson,
        r1_0.tutor_id,
        t1_0.id,
        t1_0.about,
        t1_0.avatar,
        t1_0.birthday,
        t1_0.city,
        t1_0.created_at,
        t1_0.email,
        t1_0.full_name,
        t1_0.is_active,
        t1_0.password_hash,
        t1_0.phone,
        t1_0.role 
    from
        student s1_0 
    left join
        parent p1_0 
            on p1_0.id=s1_0.parent_id 
    left join
        student_rate r1_0 
            on s1_0.id=r1_0.student_id 
    left join
        tutor t1_0 
            on t1_0.id=r1_0.tutor_id 
    where
        s1_0.id=?
2026-04-11 11:39:21.147 [http-nio-8080-exec-6] DEBUG o.s.s.a.m.AuthorizationManagerBeforeMethodInterceptor - Authorizing method invocation ReflectiveMethodInvocation: public org.springframework.http.ResponseEntity com.example.demo.controller.ProgressController.getStudentProgressStats(java.lang.Long,java.lang.Long,java.lang.String); target is of class [com.example.demo.controller.ProgressController]
2026-04-11 11:39:21.147 [http-nio-8080-exec-6] DEBUG o.s.s.a.m.AuthorizationManagerBeforeMethodInterceptor - Authorized method invocation ReflectiveMethodInvocation: public org.springframework.http.ResponseEntity com.example.demo.controller.ProgressController.getStudentProgressStats(java.lang.Long,java.lang.Long,java.lang.String); target is of class [com.example.demo.controller.ProgressController]
2026-04-11 11:39:21.149 [http-nio-8080-exec-6] DEBUG org.hibernate.SQL - 
    select
        pr1_0.id,
        pr1_0.course_id,
        pr1_0.created_at,
        pr1_0.grade,
        pr1_0.homework_id,
        pr1_0.notes,
        pr1_0.record_date,
        pr1_0.score,
        pr1_0.student_id,
        pr1_0.topic 
    from
        progress_record pr1_0 
    where
        pr1_0.student_id=? 
    order by
        pr1_0.record_date
2026-04-11 11:39:21.150 [http-nio-8080-exec-2] DEBUG org.hibernate.SQL - 
    select
        t1_0.student_id,
        t1_1.id,
        t1_1.about,
        t1_1.avatar,
        t1_1.birthday,
        t1_1.city,
        t1_1.created_at,
        t1_1.email,
        t1_1.full_name,
        t1_1.is_active,
        t1_1.password_hash,
        t1_1.phone,
        t1_1.role 
    from
        student_tutor t1_0 
    join
        tutor t1_1 
            on t1_1.id=t1_0.tutor_id 
    where
        t1_0.student_id=?
2026-04-11 11:39:21.151 [http-nio-8080-exec-3] DEBUG org.hibernate.SQL - 
    select
        t1_0.student_id,
        t1_1.id,
        t1_1.about,
        t1_1.avatar,
        t1_1.birthday,
        t1_1.city,
        t1_1.created_at,
        t1_1.email,
        t1_1.full_name,
        t1_1.is_active,
        t1_1.password_hash,
        t1_1.phone,
        t1_1.role 
    from
        student_tutor t1_0 
    join
        tutor t1_1 
            on t1_1.id=t1_0.tutor_id 
    where
        t1_0.student_id=?
2026-04-11 11:39:21.152 [http-nio-8080-exec-6] DEBUG o.s.w.s.m.m.a.HttpEntityMethodProcessor - Using 'application/json', given [application/json, text/plain, */*] and supported [application/json, application/*+json]
2026-04-11 11:39:21.153 [http-nio-8080-exec-5] DEBUG o.s.security.web.FilterChainProxy - Secured GET /api/homework/progress/student/7
2026-04-11 11:39:21.153 [http-nio-8080-exec-6] DEBUG o.s.w.s.m.m.a.HttpEntityMethodProcessor - Writing [{totalRecords=0, averageScore=0, timeline=[], averageGrade=0, courseStats=[], trend=neutral}]
2026-04-11 11:39:21.153 [http-nio-8080-exec-3] DEBUG org.hibernate.SQL - 
    select
        s1_0.id 
    from
        student s1_0 
    where
        s1_0.email=?
2026-04-11 11:39:21.153 [http-nio-8080-exec-5] DEBUG o.s.web.servlet.DispatcherServlet - GET "/api/homework/progress/student/7", parameters={}
2026-04-11 11:39:21.154 [http-nio-8080-exec-5] DEBUG o.s.w.s.m.m.a.RequestMappingHandlerMapping - Mapped to com.example.demo.controller.HomeworkController#getDetailedProgressStats(Long, Long, String)
2026-04-11 11:39:21.154 [http-nio-8080-exec-2] DEBUG org.hibernate.SQL - 
    select
        m1_0.id,
        m1_0.course_id,
        m1_0.created_at,
        m1_0.description,
        m1_0.file_name,
        m1_0.file_path,
        m1_0.file_size,
        m1_0.file_type,
        m1_0.folder_id,
        m1_0.student_id,
        m1_0.title,
        m1_0.tutor_id,
        m1_0.updated_at 
    from
        material m1_0
2026-04-11 11:39:21.154 [http-nio-8080-exec-3] DEBUG org.hibernate.SQL - 
    select
        l1_0.id,
        l1_0.completed_at,
        l1_0.course_id,
        l1_0.created_at,
        l1_0.end_time,
        l1_0.lesson_date,
        l1_0.next_lesson_plan,
        l1_0.notes,
        l1_0.original_lesson_id,
        l1_0.paid_at,
        l1_0.start_time,
        l1_0.status,
        l1_0.student_id,
        l1_0.tutor_id,
        l1_0.updated_at 
    from
        lesson l1_0 
    where
        l1_0.student_id=? 
    order by
        l1_0.lesson_date,
        l1_0.start_time
2026-04-11 11:39:21.155 [http-nio-8080-exec-5] DEBUG o.s.s.a.m.AuthorizationManagerBeforeMethodInterceptor - Authorizing method invocation ReflectiveMethodInvocation: public org.springframework.http.ResponseEntity com.example.demo.controller.HomeworkController.getDetailedProgressStats(java.lang.Long,java.lang.Long,java.lang.String); target is of class [com.example.demo.controller.HomeworkController]
2026-04-11 11:39:21.155 [http-nio-8080-exec-5] DEBUG o.s.s.a.m.AuthorizationManagerBeforeMethodInterceptor - Authorized method invocation ReflectiveMethodInvocation: public org.springframework.http.ResponseEntity com.example.demo.controller.HomeworkController.getDetailedProgressStats(java.lang.Long,java.lang.Long,java.lang.String); target is of class [com.example.demo.controller.HomeworkController]
2026-04-11 11:39:21.156 [http-nio-8080-exec-5] DEBUG org.hibernate.SQL - 
    select
        h1_0.id,
        h1_0.attachments,
        h1_0.created_at,
        h1_0.due_date,
        h1_0.feedback,
        h1_0.grade,
        h1_0.max_score,
        h1_0.percentage,
        h1_0.score,
        h1_0.status,
        h1_0.student_id,
        h1_0.submitted_at,
        h1_0.task,
        h1_0.tutor_id,
        h1_0.updated_at 
    from
        homework h1_0 
    where
        h1_0.student_id=?
2026-04-11 11:39:21.156 [http-nio-8080-exec-2] DEBUG org.hibernate.SQL - 
    select
        c1_0.id,
        c1_0.color,
        c1_0.created_at,
        c1_0.description,
        c1_0.name,
        c1_0.tutor_id 
    from
        course c1_0 
    join
        course_student es1_0 
            on c1_0.id=es1_0.course_id 
    where
        es1_0.student_id=?
2026-04-11 11:39:21.156 [http-nio-8080-exec-3] DEBUG o.s.w.s.m.m.a.HttpEntityMethodProcessor - Using 'application/json', given [application/json, text/plain, */*] and supported [application/json, application/*+json]
2026-04-11 11:39:21.156 [http-nio-8080-exec-3] DEBUG o.s.w.s.m.m.a.HttpEntityMethodProcessor - Writing [[]]
2026-04-11 11:39:21.158 [http-nio-8080-exec-3] DEBUG o.s.web.servlet.DispatcherServlet - Completed 200 OK
2026-04-11 11:39:21.159 [http-nio-8080-exec-2] DEBUG org.hibernate.SQL - 
    select
        c1_0.id,
        c1_0.color,
        c1_0.created_at,
        c1_0.description,
        c1_0.name,
        c1_0.tutor_id 
    from
        course c1_0 
    join
        course_student es1_0 
            on c1_0.id=es1_0.course_id 
    where
        es1_0.student_id=?
2026-04-11 11:39:21.159 [http-nio-8080-exec-5] DEBUG o.s.w.s.m.m.a.HttpEntityMethodProcessor - Using 'application/json', given [application/json, text/plain, */*] and supported [application/json, application/*+json]
2026-04-11 11:39:21.159 [http-nio-8080-exec-5] DEBUG o.s.w.s.m.m.a.HttpEntityMethodProcessor - Writing [{averagePercentage=0, averageGrade=0.0, gradeDistribution={1=0, 2=0, 3=0, 4=0, 5=0}, checkedHomework (truncated)...]
2026-04-11 11:39:21.159 [http-nio-8080-exec-3] DEBUG o.s.security.web.FilterChainProxy - Securing GET /api/homework/student/7/all
2026-04-11 11:39:21.160 [http-nio-8080-exec-5] DEBUG o.s.web.servlet.DispatcherServlet - Completed 200 OK
2026-04-11 11:39:21.163 [http-nio-8080-exec-2] DEBUG org.hibernate.SQL - 
    select
        mf1_0.id,
        mf1_0.course_id,
        mf1_0.created_at,
        mf1_0.name,
        mf1_0.parent_folder_id,
        mf1_0.tutor_id 
    from
        material_folder mf1_0
2026-04-11 11:39:21.164 [http-nio-8080-exec-1] DEBUG o.s.security.web.FilterChainProxy - Secured GET /api/stepik/student/7/courses
2026-04-11 11:39:21.164 [http-nio-8080-exec-1] DEBUG o.s.web.servlet.DispatcherServlet - GET "/api/stepik/student/7/courses", parameters={}
2026-04-11 11:39:21.165 [http-nio-8080-exec-1] DEBUG o.s.w.s.m.m.a.RequestMappingHandlerMapping - Mapped to com.example.demo.controller.StepikController#getStudentCourses(Long)
2026-04-11 11:39:21.166 [http-nio-8080-exec-1] DEBUG o.s.s.a.m.AuthorizationManagerBeforeMethodInterceptor - Authorizing method invocation ReflectiveMethodInvocation: public org.springframework.http.ResponseEntity com.example.demo.controller.StepikController.getStudentCourses(java.lang.Long); target is of class [com.example.demo.controller.StepikController]
2026-04-11 11:39:21.166 [http-nio-8080-exec-2] DEBUG o.s.w.s.m.m.a.HttpEntityMethodProcessor - Using 'application/json', given [application/json, text/plain, */*] and supported [application/json, application/*+json]
2026-04-11 11:39:21.166 [http-nio-8080-exec-1] DEBUG o.s.s.a.m.AuthorizationManagerBeforeMethodInterceptor - Authorized method invocation ReflectiveMethodInvocation: public org.springframework.http.ResponseEntity com.example.demo.controller.StepikController.getStudentCourses(java.lang.Long); target is of class [com.example.demo.controller.StepikController]
2026-04-11 11:39:21.166 [http-nio-8080-exec-2] DEBUG o.s.w.s.m.m.a.HttpEntityMethodProcessor - Writing [{folders=[], materials=[]}]
2026-04-11 11:39:21.167 [http-nio-8080-exec-1] DEBUG org.hibernate.SQL - 
    select
        ssc1_0.id,
        ssc1_0.assigned_at,
        ssc1_0.assigned_by,
        ssc1_0.course_id,
        ssc1_0.course_title,
        ssc1_0.last_sync_at,
        ssc1_0.progress_percent,
        ssc1_0.status,
        ssc1_0.student_id 
    from
        student_stepik_course ssc1_0 
    where
        ssc1_0.student_id=?
2026-04-11 11:39:21.167 [http-nio-8080-exec-2] DEBUG o.s.web.servlet.DispatcherServlet - Completed 200 OK
2026-04-11 11:39:21.169 [http-nio-8080-exec-3] DEBUG o.s.security.web.FilterChainProxy - Secured GET /api/homework/student/7/all
2026-04-11 11:39:21.169 [http-nio-8080-exec-3] DEBUG o.s.web.servlet.DispatcherServlet - GET "/api/homework/student/7/all", parameters={}
2026-04-11 11:39:21.170 [http-nio-8080-exec-3] DEBUG o.s.w.s.m.m.a.RequestMappingHandlerMapping - Mapped to com.example.demo.controller.HomeworkController#getAllHomeworkForStudent(Long, Long, String)
2026-04-11 11:39:21.172 [http-nio-8080-exec-3] DEBUG o.s.s.a.m.AuthorizationManagerBeforeMethodInterceptor - Authorizing method invocation ReflectiveMethodInvocation: public org.springframework.http.ResponseEntity com.example.demo.controller.HomeworkController.getAllHomeworkForStudent(java.lang.Long,java.lang.Long,java.lang.String); target is of class [com.example.demo.controller.HomeworkController]
2026-04-11 11:39:21.172 [http-nio-8080-exec-1] DEBUG o.s.w.s.m.m.a.HttpEntityMethodProcessor - Using 'application/json', given [application/json, text/plain, */*] and supported [application/json, application/*+json]
2026-04-11 11:39:21.172 [http-nio-8080-exec-3] DEBUG o.s.s.a.m.AuthorizationManagerBeforeMethodInterceptor - Authorized method invocation ReflectiveMethodInvocation: public org.springframework.http.ResponseEntity com.example.demo.controller.HomeworkController.getAllHomeworkForStudent(java.lang.Long,java.lang.Long,java.lang.String); target is of class [com.example.demo.controller.HomeworkController]
2026-04-11 11:39:21.172 [http-nio-8080-exec-1] DEBUG o.s.w.s.m.m.a.HttpEntityMethodProcessor - Writing [[]]
2026-04-11 11:39:21.173 [http-nio-8080-exec-3] DEBUG org.hibernate.SQL - 
    select
        h1_0.id,
        h1_0.attachments,
        h1_0.created_at,
        h1_0.due_date,
        h1_0.feedback,
        h1_0.grade,
        h1_0.max_score,
        h1_0.percentage,
        h1_0.score,
        h1_0.status,
        h1_0.student_id,
        h1_0.submitted_at,
        h1_0.task,
        h1_0.tutor_id,
        h1_0.updated_at 
    from
        homework h1_0 
    where
        h1_0.student_id=?
2026-04-11 11:39:21.173 [http-nio-8080-exec-1] DEBUG o.s.web.servlet.DispatcherServlet - Completed 200 OK
2026-04-11 11:39:21.177 [http-nio-8080-exec-3] DEBUG o.s.w.s.m.m.a.HttpEntityMethodProcessor - Using 'application/json', given [application/json, text/plain, */*] and supported [application/json, application/*+json]
2026-04-11 11:39:21.177 [http-nio-8080-exec-3] DEBUG o.s.w.s.m.m.a.HttpEntityMethodProcessor - Writing [[]]
2026-04-11 11:39:21.179 [http-nio-8080-exec-3] DEBUG o.s.web.servlet.DispatcherServlet - Completed 200 OK
2026-04-11 11:39:21.199 [http-nio-8080-exec-7] DEBUG o.s.web.servlet.DispatcherServlet - Completed 200 OK
2026-04-11 11:39:21.199 [http-nio-8080-exec-6] DEBUG o.s.web.servlet.DispatcherServlet - Completed 200 OK
2026-04-11 11:40:03.948 [http-nio-8080-exec-9] DEBUG o.s.security.web.FilterChainProxy - Securing OPTIONS /api/auth/login
2026-04-11 11:40:03.951 [http-nio-8080-exec-4] DEBUG o.s.security.web.FilterChainProxy - Securing POST /api/auth/login
2026-04-11 11:40:03.953 [http-nio-8080-exec-4] DEBUG o.s.s.w.a.AnonymousAuthenticationFilter - Set SecurityContextHolder to anonymous SecurityContext
2026-04-11 11:40:03.953 [http-nio-8080-exec-4] DEBUG o.s.security.web.FilterChainProxy - Secured POST /api/auth/login
2026-04-11 11:40:03.953 [http-nio-8080-exec-4] DEBUG o.s.web.servlet.DispatcherServlet - POST "/api/auth/login", parameters={}
2026-04-11 11:40:03.953 [http-nio-8080-exec-4] DEBUG o.s.w.s.m.m.a.RequestMappingHandlerMapping - Mapped to com.example.demo.controller.AuthController#login(Map)
2026-04-11 11:40:03.970 [http-nio-8080-exec-4] DEBUG o.s.w.s.m.m.a.RequestResponseBodyMethodProcessor - Read "application/json;charset=UTF-8" to [{email=tutor1@mail.ru, password=Twcn7163@}]
2026-04-11 11:40:03.974 [http-nio-8080-exec-4] DEBUG org.hibernate.SQL - 
    select
        t1_0.id,
        t1_0.about,
        t1_0.avatar,
        t1_0.birthday,
        t1_0.city,
        t1_0.created_at,
        t1_0.email,
        t1_0.full_name,
        t1_0.is_active,
        t1_0.password_hash,
        t1_0.phone,
        t1_0.role 
    from
        tutor t1_0 
    where
        t1_0.email=?
2026-04-11 11:40:04.041 [http-nio-8080-exec-4] DEBUG com.example.demo.config.JwtUtils - Генерация токена для пользователя: tutor1@mail.ru, роль: ROLE_TUTOR
2026-04-11 11:40:04.075 [http-nio-8080-exec-4] DEBUG com.example.demo.config.JwtUtils - Токен успешно сгенерирован
2026-04-11 11:40:04.075 [http-nio-8080-exec-4] DEBUG o.s.w.s.m.m.a.HttpEntityMethodProcessor - Using 'application/json', given [application/json, text/plain, */*] and supported [application/json, application/*+json]
2026-04-11 11:40:04.076 [http-nio-8080-exec-4] DEBUG o.s.w.s.m.m.a.HttpEntityMethodProcessor - Writing [{fullName=РЕпетитор1, role=tutor, token=eyJhbGciOiJIUzI1NiJ9.eyJzdWIiOiJ0dXRvcjFAbWFpbC5ydSIsImlkIjo (truncated)...]
2026-04-11 11:40:04.078 [http-nio-8080-exec-4] DEBUG o.s.web.servlet.DispatcherServlet - Completed 200 OK
2026-04-11 11:40:04.126 [http-nio-8080-exec-8] DEBUG o.s.security.web.FilterChainProxy - Securing OPTIONS /api/tutors/3/avatar
2026-04-11 11:40:04.126 [http-nio-8080-exec-10] DEBUG o.s.security.web.FilterChainProxy - Securing OPTIONS /api/lessons/all?tutorId=3
2026-04-11 11:40:04.126 [http-nio-8080-exec-5] DEBUG o.s.security.web.FilterChainProxy - Securing OPTIONS /api/lessons/all?tutorId=3
2026-04-11 11:40:04.132 [http-nio-8080-exec-7] DEBUG o.s.security.web.FilterChainProxy - Securing GET /api/tutors/3/avatar
2026-04-11 11:40:04.132 [http-nio-8080-exec-1] DEBUG o.s.security.web.FilterChainProxy - Securing OPTIONS /api/lessons/all?tutorId=3
2026-04-11 11:40:04.132 [http-nio-8080-exec-2] DEBUG o.s.security.web.FilterChainProxy - Securing OPTIONS /api/tutors/3/avatar
2026-04-11 11:40:04.132 [http-nio-8080-exec-3] DEBUG o.s.security.web.FilterChainProxy - Securing OPTIONS /api/lessons/all?tutorId=3
2026-04-11 11:40:04.132 [http-nio-8080-exec-6] DEBUG o.s.security.web.FilterChainProxy - Securing GET /api/lessons/all?tutorId=3
2026-04-11 11:40:04.133 [http-nio-8080-exec-9] DEBUG o.s.security.web.FilterChainProxy - Securing GET /api/lessons/all?tutorId=3
2026-04-11 11:40:04.138 [http-nio-8080-exec-8] DEBUG o.s.security.web.FilterChainProxy - Securing GET /api/tutors/3/avatar
2026-04-11 11:40:04.138 [http-nio-8080-exec-10] DEBUG o.s.security.web.FilterChainProxy - Securing GET /api/lessons/all?tutorId=3
2026-04-11 11:40:04.138 [http-nio-8080-exec-4] DEBUG o.s.security.web.FilterChainProxy - Securing GET /api/lessons/all?tutorId=3
2026-04-11 11:40:04.142 [http-nio-8080-exec-9] DEBUG o.s.security.web.FilterChainProxy - Secured GET /api/lessons/all?tutorId=3
2026-04-11 11:40:04.143 [http-nio-8080-exec-6] DEBUG o.s.security.web.FilterChainProxy - Secured GET /api/lessons/all?tutorId=3
2026-04-11 11:40:04.144 [http-nio-8080-exec-6] DEBUG o.s.web.servlet.DispatcherServlet - GET "/api/lessons/all?tutorId=3", parameters={masked}
2026-04-11 11:40:04.143 [http-nio-8080-exec-9] DEBUG o.s.web.servlet.DispatcherServlet - GET "/api/lessons/all?tutorId=3", parameters={masked}
2026-04-11 11:40:04.144 [http-nio-8080-exec-6] DEBUG o.s.w.s.m.m.a.RequestMappingHandlerMapping - Mapped to com.example.demo.controller.LessonController#getAllLessons(Long, Long)
2026-04-11 11:40:04.144 [http-nio-8080-exec-9] DEBUG o.s.w.s.m.m.a.RequestMappingHandlerMapping - Mapped to com.example.demo.controller.LessonController#getAllLessons(Long, Long)
2026-04-11 11:40:04.145 [http-nio-8080-exec-9] DEBUG o.s.s.a.m.AuthorizationManagerBeforeMethodInterceptor - Authorizing method invocation ReflectiveMethodInvocation: public org.springframework.http.ResponseEntity com.example.demo.controller.LessonController.getAllLessons(java.lang.Long,java.lang.Long); target is of class [com.example.demo.controller.LessonController]
2026-04-11 11:40:04.146 [http-nio-8080-exec-7] DEBUG o.s.security.web.FilterChainProxy - Secured GET /api/tutors/3/avatar
2026-04-11 11:40:04.146 [http-nio-8080-exec-4] DEBUG o.s.security.web.FilterChainProxy - Secured GET /api/lessons/all?tutorId=3
2026-04-11 11:40:04.146 [http-nio-8080-exec-10] DEBUG o.s.security.web.FilterChainProxy - Secured GET /api/lessons/all?tutorId=3
2026-04-11 11:40:04.146 [http-nio-8080-exec-7] DEBUG o.s.web.servlet.DispatcherServlet - GET "/api/tutors/3/avatar", parameters={}
2026-04-11 11:40:04.146 [http-nio-8080-exec-4] DEBUG o.s.web.servlet.DispatcherServlet - GET "/api/lessons/all?tutorId=3", parameters={masked}
2026-04-11 11:40:04.146 [http-nio-8080-exec-10] DEBUG o.s.web.servlet.DispatcherServlet - GET "/api/lessons/all?tutorId=3", parameters={masked}
2026-04-11 11:40:04.146 [http-nio-8080-exec-8] DEBUG o.s.security.web.FilterChainProxy - Secured GET /api/tutors/3/avatar
2026-04-11 11:40:04.146 [http-nio-8080-exec-10] DEBUG o.s.w.s.m.m.a.RequestMappingHandlerMapping - Mapped to com.example.demo.controller.LessonController#getAllLessons(Long, Long)
2026-04-11 11:40:04.146 [http-nio-8080-exec-8] DEBUG o.s.web.servlet.DispatcherServlet - GET "/api/tutors/3/avatar", parameters={}
2026-04-11 11:40:04.146 [http-nio-8080-exec-4] DEBUG o.s.w.s.m.m.a.RequestMappingHandlerMapping - Mapped to com.example.demo.controller.LessonController#getAllLessons(Long, Long)
2026-04-11 11:40:04.147 [http-nio-8080-exec-6] DEBUG o.s.s.a.m.AuthorizationManagerBeforeMethodInterceptor - Authorizing method invocation ReflectiveMethodInvocation: public org.springframework.http.ResponseEntity com.example.demo.controller.LessonController.getAllLessons(java.lang.Long,java.lang.Long); target is of class [com.example.demo.controller.LessonController]
2026-04-11 11:40:04.147 [http-nio-8080-exec-8] DEBUG o.s.w.s.m.m.a.RequestMappingHandlerMapping - Mapped to com.example.demo.controller.TutorController#getAvatar(Long)
2026-04-11 11:40:04.147 [http-nio-8080-exec-9] DEBUG o.s.s.a.m.AuthorizationManagerBeforeMethodInterceptor - Authorized method invocation ReflectiveMethodInvocation: public org.springframework.http.ResponseEntity com.example.demo.controller.LessonController.getAllLessons(java.lang.Long,java.lang.Long); target is of class [com.example.demo.controller.LessonController]
2026-04-11 11:40:04.147 [http-nio-8080-exec-10] DEBUG o.s.s.a.m.AuthorizationManagerBeforeMethodInterceptor - Authorizing method invocation ReflectiveMethodInvocation: public org.springframework.http.ResponseEntity com.example.demo.controller.LessonController.getAllLessons(java.lang.Long,java.lang.Long); target is of class [com.example.demo.controller.LessonController]
2026-04-11 11:40:04.147 [http-nio-8080-exec-10] DEBUG o.s.s.a.m.AuthorizationManagerBeforeMethodInterceptor - Authorized method invocation ReflectiveMethodInvocation: public org.springframework.http.ResponseEntity com.example.demo.controller.LessonController.getAllLessons(java.lang.Long,java.lang.Long); target is of class [com.example.demo.controller.LessonController]
2026-04-11 11:40:04.147 [http-nio-8080-exec-6] DEBUG o.s.s.a.m.AuthorizationManagerBeforeMethodInterceptor - Authorized method invocation ReflectiveMethodInvocation: public org.springframework.http.ResponseEntity com.example.demo.controller.LessonController.getAllLessons(java.lang.Long,java.lang.Long); target is of class [com.example.demo.controller.LessonController]
2026-04-11 11:40:04.147 [http-nio-8080-exec-4] DEBUG o.s.s.a.m.AuthorizationManagerBeforeMethodInterceptor - Authorizing method invocation ReflectiveMethodInvocation: public org.springframework.http.ResponseEntity com.example.demo.controller.LessonController.getAllLessons(java.lang.Long,java.lang.Long); target is of class [com.example.demo.controller.LessonController]
2026-04-11 11:40:04.147 [http-nio-8080-exec-7] DEBUG o.s.w.s.m.m.a.RequestMappingHandlerMapping - Mapped to com.example.demo.controller.TutorController#getAvatar(Long)
2026-04-11 11:40:04.148 [http-nio-8080-exec-4] DEBUG o.s.s.a.m.AuthorizationManagerBeforeMethodInterceptor - Authorized method invocation ReflectiveMethodInvocation: public org.springframework.http.ResponseEntity com.example.demo.controller.LessonController.getAllLessons(java.lang.Long,java.lang.Long); target is of class [com.example.demo.controller.LessonController]
2026-04-11 11:40:04.149 [http-nio-8080-exec-7] DEBUG org.hibernate.SQL - 
    select
        t1_0.id,
        t1_0.about,
        t1_0.avatar,
        t1_0.birthday,
        t1_0.city,
        t1_0.created_at,
        t1_0.email,
        t1_0.full_name,
        t1_0.is_active,
        t1_0.password_hash,
        t1_0.phone,
        t1_0.role 
    from
        tutor t1_0 
    where
        t1_0.id=?
2026-04-11 11:40:04.149 [http-nio-8080-exec-8] DEBUG org.hibernate.SQL - 
    select
        t1_0.id,
        t1_0.about,
        t1_0.avatar,
        t1_0.birthday,
        t1_0.city,
        t1_0.created_at,
        t1_0.email,
        t1_0.full_name,
        t1_0.is_active,
        t1_0.password_hash,
        t1_0.phone,
        t1_0.role 
    from
        tutor t1_0 
    where
        t1_0.id=?
2026-04-11 11:40:04.150 [http-nio-8080-exec-9] DEBUG org.hibernate.SQL - 
    select
        l1_0.id,
        l1_0.completed_at,
        l1_0.course_id,
        l1_0.created_at,
        l1_0.end_time,
        l1_0.lesson_date,
        l1_0.next_lesson_plan,
        l1_0.notes,
        l1_0.original_lesson_id,
        l1_0.paid_at,
        l1_0.start_time,
        l1_0.status,
        l1_0.student_id,
        l1_0.tutor_id,
        l1_0.updated_at 
    from
        lesson l1_0 
    where
        l1_0.tutor_id=? 
    order by
        l1_0.lesson_date,
        l1_0.start_time
2026-04-11 11:40:04.150 [http-nio-8080-exec-10] DEBUG org.hibernate.SQL - 
    select
        l1_0.id,
        l1_0.completed_at,
        l1_0.course_id,
        l1_0.created_at,
        l1_0.end_time,
        l1_0.lesson_date,
        l1_0.next_lesson_plan,
        l1_0.notes,
        l1_0.original_lesson_id,
        l1_0.paid_at,
        l1_0.start_time,
        l1_0.status,
        l1_0.student_id,
        l1_0.tutor_id,
        l1_0.updated_at 
    from
        lesson l1_0 
    where
        l1_0.tutor_id=? 
    order by
        l1_0.lesson_date,
        l1_0.start_time
2026-04-11 11:40:04.150 [http-nio-8080-exec-4] DEBUG org.hibernate.SQL - 
    select
        l1_0.id,
        l1_0.completed_at,
        l1_0.course_id,
        l1_0.created_at,
        l1_0.end_time,
        l1_0.lesson_date,
        l1_0.next_lesson_plan,
        l1_0.notes,
        l1_0.original_lesson_id,
        l1_0.paid_at,
        l1_0.start_time,
        l1_0.status,
        l1_0.student_id,
        l1_0.tutor_id,
        l1_0.updated_at 
    from
        lesson l1_0 
    where
        l1_0.tutor_id=? 
    order by
        l1_0.lesson_date,
        l1_0.start_time
2026-04-11 11:40:04.151 [http-nio-8080-exec-6] DEBUG org.hibernate.SQL - 
    select
        l1_0.id,
        l1_0.completed_at,
        l1_0.course_id,
        l1_0.created_at,
        l1_0.end_time,
        l1_0.lesson_date,
        l1_0.next_lesson_plan,
        l1_0.notes,
        l1_0.original_lesson_id,
        l1_0.paid_at,
        l1_0.start_time,
        l1_0.status,
        l1_0.student_id,
        l1_0.tutor_id,
        l1_0.updated_at 
    from
        lesson l1_0 
    where
        l1_0.tutor_id=? 
    order by
        l1_0.lesson_date,
        l1_0.start_time
2026-04-11 11:40:04.153 [http-nio-8080-exec-9] DEBUG o.s.w.s.m.m.a.HttpEntityMethodProcessor - Using 'application/json', given [application/json, text/plain, */*] and supported [application/json, application/*+json]
2026-04-11 11:40:04.153 [http-nio-8080-exec-9] DEBUG o.s.w.s.m.m.a.HttpEntityMethodProcessor - Writing [[]]
2026-04-11 11:40:04.154 [http-nio-8080-exec-9] DEBUG o.s.web.servlet.DispatcherServlet - Completed 200 OK
2026-04-11 11:40:04.155 [http-nio-8080-exec-10] DEBUG o.s.w.s.m.m.a.HttpEntityMethodProcessor - Using 'application/json', given [application/json, text/plain, */*] and supported [application/json, application/*+json]
2026-04-11 11:40:04.155 [http-nio-8080-exec-10] DEBUG o.s.w.s.m.m.a.HttpEntityMethodProcessor - Writing [[]]
2026-04-11 11:40:04.156 [http-nio-8080-exec-10] DEBUG o.s.web.servlet.DispatcherServlet - Completed 200 OK
2026-04-11 11:40:04.158 [http-nio-8080-exec-6] DEBUG o.s.w.s.m.m.a.HttpEntityMethodProcessor - Using 'application/json', given [application/json, text/plain, */*] and supported [application/json, application/*+json]
2026-04-11 11:40:04.158 [http-nio-8080-exec-6] DEBUG o.s.w.s.m.m.a.HttpEntityMethodProcessor - Writing [[]]
2026-04-11 11:40:04.160 [http-nio-8080-exec-6] DEBUG o.s.web.servlet.DispatcherServlet - Completed 200 OK
2026-04-11 11:40:04.164 [http-nio-8080-exec-4] DEBUG o.s.w.s.m.m.a.HttpEntityMethodProcessor - Using 'application/json', given [application/json, text/plain, */*] and supported [application/json, application/*+json]
2026-04-11 11:40:04.164 [http-nio-8080-exec-4] DEBUG o.s.w.s.m.m.a.HttpEntityMethodProcessor - Writing [[]]
2026-04-11 11:40:04.166 [http-nio-8080-exec-4] DEBUG o.s.web.servlet.DispatcherServlet - Completed 200 OK
2026-04-11 11:40:04.167 [http-nio-8080-exec-8] DEBUG o.s.w.s.m.m.a.ExceptionHandlerExceptionResolver - Using @ExceptionHandler com.example.demo.exception.GlobalExceptionHandler#handleRuntimeException(RuntimeException)
2026-04-11 11:40:04.169 [http-nio-8080-exec-7] DEBUG o.s.w.s.m.m.a.ExceptionHandlerExceptionResolver - Using @ExceptionHandler com.example.demo.exception.GlobalExceptionHandler#handleRuntimeException(RuntimeException)
2026-04-11 11:40:04.167 [http-nio-8080-exec-8] ERROR c.e.d.e.GlobalExceptionHandler - Ошибка выполнения: null
java.lang.NullPointerException
	at java.base/java.util.Objects.requireNonNull(Objects.java:209)
	at java.base/java.util.ImmutableCollections$Map1.<init>(ImmutableCollections.java:1105)
	at java.base/java.util.Map.of(Map.java:1353)
	at com.example.demo.controller.TutorController.getAvatar(TutorController.java:93)
	at java.base/jdk.internal.reflect.NativeMethodAccessorImpl.invoke0(Native Method)
	at java.base/jdk.internal.reflect.NativeMethodAccessorImpl.invoke(NativeMethodAccessorImpl.java:77)
	at java.base/jdk.internal.reflect.DelegatingMethodAccessorImpl.invoke(DelegatingMethodAccessorImpl.java:43)
	at java.base/java.lang.reflect.Method.invoke(Method.java:569)
	at org.springframework.web.method.support.InvocableHandlerMethod.doInvoke(InvocableHandlerMethod.java:252)
	at org.springframework.web.method.support.InvocableHandlerMethod.invokeForRequest(InvocableHandlerMethod.java:184)
	at org.springframework.web.servlet.mvc.method.annotation.ServletInvocableHandlerMethod.invokeAndHandle(ServletInvocableHandlerMethod.java:117)
	at org.springframework.web.servlet.mvc.method.annotation.RequestMappingHandlerAdapter.invokeHandlerMethod(RequestMappingHandlerAdapter.java:934)
	at org.springframework.web.servlet.mvc.method.annotation.RequestMappingHandlerAdapter.handleInternal(RequestMappingHandlerAdapter.java:853)
	at org.springframework.web.servlet.mvc.method.AbstractHandlerMethodAdapter.handle(AbstractHandlerMethodAdapter.java:86)
	at org.springframework.web.servlet.DispatcherServlet.doDispatch(DispatcherServlet.java:963)
	at org.springframework.web.servlet.DispatcherServlet.doService(DispatcherServlet.java:866)
	at org.springframework.web.servlet.FrameworkServlet.processRequest(FrameworkServlet.java:1000)
	at org.springframework.web.servlet.FrameworkServlet.doGet(FrameworkServlet.java:892)
	at jakarta.servlet.http.HttpServlet.service(HttpServlet.java:622)
	at org.springframework.web.servlet.FrameworkServlet.service(FrameworkServlet.java:874)
	at jakarta.servlet.http.HttpServlet.service(HttpServlet.java:710)
	at org.apache.catalina.core.ApplicationFilterChain.doFilter(ApplicationFilterChain.java:128)
	at org.apache.tomcat.websocket.server.WsFilter.doFilter(WsFilter.java:53)
	at org.apache.catalina.core.ApplicationFilterChain.doFilter(ApplicationFilterChain.java:107)
	at org.springframework.web.filter.OncePerRequestFilter.doFilter(OncePerRequestFilter.java:110)
	at org.apache.catalina.core.ApplicationFilterChain.doFilter(ApplicationFilterChain.java:107)
	at org.springframework.web.filter.CompositeFilter$VirtualFilterChain.doFilter(CompositeFilter.java:108)
	at org.springframework.security.web.FilterChainProxy.lambda$doFilterInternal$3(FilterChainProxy.java:235)
	at org.springframework.security.web.FilterChainProxy$VirtualFilterChain.doFilter(FilterChainProxy.java:371)
	at org.springframework.security.web.access.intercept.AuthorizationFilter.doFilter(AuthorizationFilter.java:101)
	at org.springframework.security.web.FilterChainProxy$VirtualFilterChain.doFilter(FilterChainProxy.java:380)
	at org.springframework.security.web.access.ExceptionTranslationFilter.doFilter(ExceptionTranslationFilter.java:126)
	at org.springframework.security.web.access.ExceptionTranslationFilter.doFilter(ExceptionTranslationFilter.java:120)
	at org.springframework.security.web.FilterChainProxy$VirtualFilterChain.doFilter(FilterChainProxy.java:380)
	at org.springframework.security.web.session.SessionManagementFilter.doFilter(SessionManagementFilter.java:132)
	at org.springframework.security.web.session.SessionManagementFilter.doFilter(SessionManagementFilter.java:86)
	at org.springframework.security.web.FilterChainProxy$VirtualFilterChain.doFilter(FilterChainProxy.java:380)
	at org.springframework.security.web.authentication.AnonymousAuthenticationFilter.doFilter(AnonymousAuthenticationFilter.java:100)
	at org.springframework.security.web.FilterChainProxy$VirtualFilterChain.doFilter(FilterChainProxy.java:380)
	at org.springframework.security.web.servletapi.SecurityContextHolderAwareRequestFilter.doFilter(SecurityContextHolderAwareRequestFilter.java:181)
	at org.springframework.security.web.FilterChainProxy$VirtualFilterChain.doFilter(FilterChainProxy.java:380)
	at org.springframework.security.web.savedrequest.RequestCacheAwareFilter.doFilter(RequestCacheAwareFilter.java:63)
	at org.springframework.security.web.FilterChainProxy$VirtualFilterChain.doFilter(FilterChainProxy.java:380)
	at com.example.demo.config.AuthTokenFilter.doFilterInternal(AuthTokenFilter.java:59)
	at org.springframework.web.filter.OncePerRequestFilter.doFilter(OncePerRequestFilter.java:116)
	at org.springframework.security.web.FilterChainProxy$VirtualFilterChain.doFilter(FilterChainProxy.java:380)
	at org.springframework.security.web.authentication.logout.LogoutFilter.doFilter(LogoutFilter.java:110)
	at org.springframework.security.web.authentication.logout.LogoutFilter.doFilter(LogoutFilter.java:96)
	at org.springframework.security.web.FilterChainProxy$VirtualFilterChain.doFilter(FilterChainProxy.java:380)
	at org.springframework.web.filter.CorsFilter.doFilterInternal(CorsFilter.java:91)
	at org.springframework.web.filter.OncePerRequestFilter.doFilter(OncePerRequestFilter.java:116)
	at org.springframework.security.web.FilterChainProxy$VirtualFilterChain.doFilter(FilterChainProxy.java:380)
	at org.springframework.security.web.header.HeaderWriterFilter.doHeadersAfter(HeaderWriterFilter.java:90)
	at org.springframework.security.web.header.HeaderWriterFilter.doFilterInternal(HeaderWriterFilter.java:75)
	at org.springframework.web.filter.OncePerRequestFilter.doFilter(OncePerRequestFilter.java:116)
	at org.springframework.security.web.FilterChainProxy$VirtualFilterChain.doFilter(FilterChainProxy.java:380)
	at org.springframework.security.web.context.SecurityContextHolderFilter.doFilter(SecurityContextHolderFilter.java:82)
	at org.springframework.security.web.context.SecurityContextHolderFilter.doFilter(SecurityContextHolderFilter.java:69)
	at org.springframework.security.web.FilterChainProxy$VirtualFilterChain.doFilter(FilterChainProxy.java:380)
	at org.springframework.security.web.context.request.async.WebAsyncManagerIntegrationFilter.doFilterInternal(WebAsyncManagerIntegrationFilter.java:62)
	at org.springframework.web.filter.OncePerRequestFilter.doFilter(OncePerRequestFilter.java:116)
	at org.springframework.security.web.FilterChainProxy$VirtualFilterChain.doFilter(FilterChainProxy.java:380)
	at org.springframework.security.web.session.DisableEncodeUrlFilter.doFilterInternal(DisableEncodeUrlFilter.java:42)
	at org.springframework.web.filter.OncePerRequestFilter.doFilter(OncePerRequestFilter.java:116)
	at org.springframework.security.web.FilterChainProxy$VirtualFilterChain.doFilter(FilterChainProxy.java:380)
	at org.springframework.security.web.FilterChainProxy.doFilterInternal(FilterChainProxy.java:237)
	at org.springframework.security.web.FilterChainProxy.doFilter(FilterChainProxy.java:195)
	at org.springframework.web.filter.CompositeFilter$VirtualFilterChain.doFilter(CompositeFilter.java:113)
	at org.springframework.web.filter.ServletRequestPathFilter.doFilter(ServletRequestPathFilter.java:52)
	at org.springframework.web.filter.CompositeFilter$VirtualFilterChain.doFilter(CompositeFilter.java:113)
	at org.springframework.web.filter.CompositeFilter.doFilter(CompositeFilter.java:74)
	at org.springframework.security.config.annotation.web.configuration.WebSecurityConfiguration$CompositeFilterChainProxy.doFilter(WebSecurityConfiguration.java:317)
	at org.springframework.web.filter.DelegatingFilterProxy.invokeDelegate(DelegatingFilterProxy.java:355)
	at org.springframework.web.filter.DelegatingFilterProxy.doFilter(DelegatingFilterProxy.java:272)
	at org.apache.catalina.core.ApplicationFilterChain.doFilter(ApplicationFilterChain.java:107)
	at org.springframework.web.filter.RequestContextFilter.doFilterInternal(RequestContextFilter.java:100)
	at org.springframework.web.filter.OncePerRequestFilter.doFilter(OncePerRequestFilter.java:116)
	at org.apache.catalina.core.ApplicationFilterChain.doFilter(ApplicationFilterChain.java:107)
	at org.springframework.web.filter.FormContentFilter.doFilterInternal(FormContentFilter.java:93)
	at org.springframework.web.filter.OncePerRequestFilter.doFilter(OncePerRequestFilter.java:116)
	at org.apache.catalina.core.ApplicationFilterChain.doFilter(ApplicationFilterChain.java:107)
	at org.springframework.web.filter.CharacterEncodingFilter.doFilterInternal(CharacterEncodingFilter.java:199)
	at org.springframework.web.filter.OncePerRequestFilter.doFilter(OncePerRequestFilter.java:116)
	at org.apache.catalina.core.ApplicationFilterChain.doFilter(ApplicationFilterChain.java:107)
	at org.apache.catalina.core.StandardWrapperValve.invoke(StandardWrapperValve.java:165)
	at org.apache.catalina.core.StandardContextValve.invoke(StandardContextValve.java:77)
	at org.apache.catalina.authenticator.AuthenticatorBase.invoke(AuthenticatorBase.java:492)
	at org.apache.catalina.core.StandardHostValve.invoke(StandardHostValve.java:113)
	at org.apache.catalina.valves.ErrorReportValve.invoke(ErrorReportValve.java:83)
	at org.apache.catalina.core.StandardEngineValve.invoke(StandardEngineValve.java:72)
	at org.apache.catalina.connector.CoyoteAdapter.service(CoyoteAdapter.java:341)
	at org.apache.coyote.http11.Http11Processor.service(Http11Processor.java:397)
	at org.apache.coyote.AbstractProcessorLight.process(AbstractProcessorLight.java:63)
	at org.apache.coyote.AbstractProtocol$ConnectionHandler.process(AbstractProtocol.java:903)
	at org.apache.tomcat.util.net.NioEndpoint$SocketProcessor.doRun(NioEndpoint.java:1779)
	at org.apache.tomcat.util.net.SocketProcessorBase.run(SocketProcessorBase.java:52)
	at org.apache.tomcat.util.threads.ThreadPoolExecutor.runWorker(ThreadPoolExecutor.java:946)
	at org.apache.tomcat.util.threads.ThreadPoolExecutor$Worker.run(ThreadPoolExecutor.java:480)
	at org.apache.tomcat.util.threads.TaskThread$WrappingRunnable.run(TaskThread.java:57)
	at java.base/java.lang.Thread.run(Thread.java:840)
2026-04-11 11:40:04.170 [http-nio-8080-exec-7] ERROR c.e.d.e.GlobalExceptionHandler - Ошибка выполнения: null
java.lang.NullPointerException
	at java.base/java.util.Objects.requireNonNull(Objects.java:209)
	at java.base/java.util.ImmutableCollections$Map1.<init>(ImmutableCollections.java:1105)
	at java.base/java.util.Map.of(Map.java:1353)
	at com.example.demo.controller.TutorController.getAvatar(TutorController.java:93)
	at java.base/jdk.internal.reflect.NativeMethodAccessorImpl.invoke0(Native Method)
	at java.base/jdk.internal.reflect.NativeMethodAccessorImpl.invoke(NativeMethodAccessorImpl.java:77)
	at java.base/jdk.internal.reflect.DelegatingMethodAccessorImpl.invoke(DelegatingMethodAccessorImpl.java:43)
	at java.base/java.lang.reflect.Method.invoke(Method.java:569)
	at org.springframework.web.method.support.InvocableHandlerMethod.doInvoke(InvocableHandlerMethod.java:252)
	at org.springframework.web.method.support.InvocableHandlerMethod.invokeForRequest(InvocableHandlerMethod.java:184)
	at org.springframework.web.servlet.mvc.method.annotation.ServletInvocableHandlerMethod.invokeAndHandle(ServletInvocableHandlerMethod.java:117)
	at org.springframework.web.servlet.mvc.method.annotation.RequestMappingHandlerAdapter.invokeHandlerMethod(RequestMappingHandlerAdapter.java:934)
	at org.springframework.web.servlet.mvc.method.annotation.RequestMappingHandlerAdapter.handleInternal(RequestMappingHandlerAdapter.java:853)
	at org.springframework.web.servlet.mvc.method.AbstractHandlerMethodAdapter.handle(AbstractHandlerMethodAdapter.java:86)
	at org.springframework.web.servlet.DispatcherServlet.doDispatch(DispatcherServlet.java:963)
	at org.springframework.web.servlet.DispatcherServlet.doService(DispatcherServlet.java:866)
	at org.springframework.web.servlet.FrameworkServlet.processRequest(FrameworkServlet.java:1000)
	at org.springframework.web.servlet.FrameworkServlet.doGet(FrameworkServlet.java:892)
	at jakarta.servlet.http.HttpServlet.service(HttpServlet.java:622)
	at org.springframework.web.servlet.FrameworkServlet.service(FrameworkServlet.java:874)
	at jakarta.servlet.http.HttpServlet.service(HttpServlet.java:710)
	at org.apache.catalina.core.ApplicationFilterChain.doFilter(ApplicationFilterChain.java:128)
	at org.apache.tomcat.websocket.server.WsFilter.doFilter(WsFilter.java:53)
	at org.apache.catalina.core.ApplicationFilterChain.doFilter(ApplicationFilterChain.java:107)
	at org.springframework.web.filter.OncePerRequestFilter.doFilter(OncePerRequestFilter.java:110)
	at org.apache.catalina.core.ApplicationFilterChain.doFilter(ApplicationFilterChain.java:107)
	at org.springframework.web.filter.CompositeFilter$VirtualFilterChain.doFilter(CompositeFilter.java:108)
	at org.springframework.security.web.FilterChainProxy.lambda$doFilterInternal$3(FilterChainProxy.java:235)
	at org.springframework.security.web.FilterChainProxy$VirtualFilterChain.doFilter(FilterChainProxy.java:371)
	at org.springframework.security.web.access.intercept.AuthorizationFilter.doFilter(AuthorizationFilter.java:101)
	at org.springframework.security.web.FilterChainProxy$VirtualFilterChain.doFilter(FilterChainProxy.java:380)
	at org.springframework.security.web.access.ExceptionTranslationFilter.doFilter(ExceptionTranslationFilter.java:126)
	at org.springframework.security.web.access.ExceptionTranslationFilter.doFilter(ExceptionTranslationFilter.java:120)
	at org.springframework.security.web.FilterChainProxy$VirtualFilterChain.doFilter(FilterChainProxy.java:380)
	at org.springframework.security.web.session.SessionManagementFilter.doFilter(SessionManagementFilter.java:132)
	at org.springframework.security.web.session.SessionManagementFilter.doFilter(SessionManagementFilter.java:86)
	at org.springframework.security.web.FilterChainProxy$VirtualFilterChain.doFilter(FilterChainProxy.java:380)
	at org.springframework.security.web.authentication.AnonymousAuthenticationFilter.doFilter(AnonymousAuthenticationFilter.java:100)
	at org.springframework.security.web.FilterChainProxy$VirtualFilterChain.doFilter(FilterChainProxy.java:380)
	at org.springframework.security.web.servletapi.SecurityContextHolderAwareRequestFilter.doFilter(SecurityContextHolderAwareRequestFilter.java:181)
	at org.springframework.security.web.FilterChainProxy$VirtualFilterChain.doFilter(FilterChainProxy.java:380)
	at org.springframework.security.web.savedrequest.RequestCacheAwareFilter.doFilter(RequestCacheAwareFilter.java:63)
	at org.springframework.security.web.FilterChainProxy$VirtualFilterChain.doFilter(FilterChainProxy.java:380)
	at com.example.demo.config.AuthTokenFilter.doFilterInternal(AuthTokenFilter.java:59)
	at org.springframework.web.filter.OncePerRequestFilter.doFilter(OncePerRequestFilter.java:116)
	at org.springframework.security.web.FilterChainProxy$VirtualFilterChain.doFilter(FilterChainProxy.java:380)
	at org.springframework.security.web.authentication.logout.LogoutFilter.doFilter(LogoutFilter.java:110)
	at org.springframework.security.web.authentication.logout.LogoutFilter.doFilter(LogoutFilter.java:96)
	at org.springframework.security.web.FilterChainProxy$VirtualFilterChain.doFilter(FilterChainProxy.java:380)
	at org.springframework.web.filter.CorsFilter.doFilterInternal(CorsFilter.java:91)
	at org.springframework.web.filter.OncePerRequestFilter.doFilter(OncePerRequestFilter.java:116)
	at org.springframework.security.web.FilterChainProxy$VirtualFilterChain.doFilter(FilterChainProxy.java:380)
	at org.springframework.security.web.header.HeaderWriterFilter.doHeadersAfter(HeaderWriterFilter.java:90)
	at org.springframework.security.web.header.HeaderWriterFilter.doFilterInternal(HeaderWriterFilter.java:75)
	at org.springframework.web.filter.OncePerRequestFilter.doFilter(OncePerRequestFilter.java:116)
	at org.springframework.security.web.FilterChainProxy$VirtualFilterChain.doFilter(FilterChainProxy.java:380)
	at org.springframework.security.web.context.SecurityContextHolderFilter.doFilter(SecurityContextHolderFilter.java:82)
	at org.springframework.security.web.context.SecurityContextHolderFilter.doFilter(SecurityContextHolderFilter.java:69)
	at org.springframework.security.web.FilterChainProxy$VirtualFilterChain.doFilter(FilterChainProxy.java:380)
	at org.springframework.security.web.context.request.async.WebAsyncManagerIntegrationFilter.doFilterInternal(WebAsyncManagerIntegrationFilter.java:62)
	at org.springframework.web.filter.OncePerRequestFilter.doFilter(OncePerRequestFilter.java:116)
	at org.springframework.security.web.FilterChainProxy$VirtualFilterChain.doFilter(FilterChainProxy.java:380)
	at org.springframework.security.web.session.DisableEncodeUrlFilter.doFilterInternal(DisableEncodeUrlFilter.java:42)
	at org.springframework.web.filter.OncePerRequestFilter.doFilter(OncePerRequestFilter.java:116)
	at org.springframework.security.web.FilterChainProxy$VirtualFilterChain.doFilter(FilterChainProxy.java:380)
	at org.springframework.security.web.FilterChainProxy.doFilterInternal(FilterChainProxy.java:237)
	at org.springframework.security.web.FilterChainProxy.doFilter(FilterChainProxy.java:195)
	at org.springframework.web.filter.CompositeFilter$VirtualFilterChain.doFilter(CompositeFilter.java:113)
	at org.springframework.web.filter.ServletRequestPathFilter.doFilter(ServletRequestPathFilter.java:52)
	at org.springframework.web.filter.CompositeFilter$VirtualFilterChain.doFilter(CompositeFilter.java:113)
	at org.springframework.web.filter.CompositeFilter.doFilter(CompositeFilter.java:74)
	at org.springframework.security.config.annotation.web.configuration.WebSecurityConfiguration$CompositeFilterChainProxy.doFilter(WebSecurityConfiguration.java:317)
	at org.springframework.web.filter.DelegatingFilterProxy.invokeDelegate(DelegatingFilterProxy.java:355)
	at org.springframework.web.filter.DelegatingFilterProxy.doFilter(DelegatingFilterProxy.java:272)
	at org.apache.catalina.core.ApplicationFilterChain.doFilter(ApplicationFilterChain.java:107)
	at org.springframework.web.filter.RequestContextFilter.doFilterInternal(RequestContextFilter.java:100)
	at org.springframework.web.filter.OncePerRequestFilter.doFilter(OncePerRequestFilter.java:116)
	at org.apache.catalina.core.ApplicationFilterChain.doFilter(ApplicationFilterChain.java:107)
	at org.springframework.web.filter.FormContentFilter.doFilterInternal(FormContentFilter.java:93)
	at org.springframework.web.filter.OncePerRequestFilter.doFilter(OncePerRequestFilter.java:116)
	at org.apache.catalina.core.ApplicationFilterChain.doFilter(ApplicationFilterChain.java:107)
	at org.springframework.web.filter.CharacterEncodingFilter.doFilterInternal(CharacterEncodingFilter.java:199)
	at org.springframework.web.filter.OncePerRequestFilter.doFilter(OncePerRequestFilter.java:116)
	at org.apache.catalina.core.ApplicationFilterChain.doFilter(ApplicationFilterChain.java:107)
	at org.apache.catalina.core.StandardWrapperValve.invoke(StandardWrapperValve.java:165)
	at org.apache.catalina.core.StandardContextValve.invoke(StandardContextValve.java:77)
	at org.apache.catalina.authenticator.AuthenticatorBase.invoke(AuthenticatorBase.java:492)
	at org.apache.catalina.core.StandardHostValve.invoke(StandardHostValve.java:113)
	at org.apache.catalina.valves.ErrorReportValve.invoke(ErrorReportValve.java:83)
	at org.apache.catalina.core.StandardEngineValve.invoke(StandardEngineValve.java:72)
	at org.apache.catalina.connector.CoyoteAdapter.service(CoyoteAdapter.java:341)
	at org.apache.coyote.http11.Http11Processor.service(Http11Processor.java:397)
	at org.apache.coyote.AbstractProcessorLight.process(AbstractProcessorLight.java:63)
	at org.apache.coyote.AbstractProtocol$ConnectionHandler.process(AbstractProtocol.java:903)
	at org.apache.tomcat.util.net.NioEndpoint$SocketProcessor.doRun(NioEndpoint.java:1779)
	at org.apache.tomcat.util.net.SocketProcessorBase.run(SocketProcessorBase.java:52)
	at org.apache.tomcat.util.threads.ThreadPoolExecutor.runWorker(ThreadPoolExecutor.java:946)
	at org.apache.tomcat.util.threads.ThreadPoolExecutor$Worker.run(ThreadPoolExecutor.java:480)
	at org.apache.tomcat.util.threads.TaskThread$WrappingRunnable.run(TaskThread.java:57)
	at java.base/java.lang.Thread.run(Thread.java:840)
2026-04-11 11:40:04.175 [http-nio-8080-exec-8] DEBUG o.s.w.s.m.m.a.HttpEntityMethodProcessor - Using 'application/json', given [application/json, text/plain, */*] and supported [application/json, application/*+json]
2026-04-11 11:40:04.175 [http-nio-8080-exec-7] DEBUG o.s.w.s.m.m.a.HttpEntityMethodProcessor - Using 'application/json', given [application/json, text/plain, */*] and supported [application/json, application/*+json]
2026-04-11 11:40:04.175 [http-nio-8080-exec-7] DEBUG o.s.w.s.m.m.a.HttpEntityMethodProcessor - Writing [{error=Внутренняя ошибка сервера}]
2026-04-11 11:40:04.175 [http-nio-8080-exec-8] DEBUG o.s.w.s.m.m.a.HttpEntityMethodProcessor - Writing [{error=Внутренняя ошибка сервера}]
2026-04-11 11:40:04.177 [http-nio-8080-exec-8] DEBUG o.s.w.s.m.m.a.ExceptionHandlerExceptionResolver - Resolved [java.lang.NullPointerException]
2026-04-11 11:40:04.178 [http-nio-8080-exec-7] DEBUG o.s.w.s.m.m.a.ExceptionHandlerExceptionResolver - Resolved [java.lang.NullPointerException]
2026-04-11 11:40:04.178 [http-nio-8080-exec-8] DEBUG o.s.web.servlet.DispatcherServlet - Completed 500 INTERNAL_SERVER_ERROR
2026-04-11 11:40:04.179 [http-nio-8080-exec-7] DEBUG o.s.web.servlet.DispatcherServlet - Completed 500 INTERNAL_SERVER_ERROR
2026-04-11 11:40:04.204 [http-nio-8080-exec-5] DEBUG o.s.security.web.FilterChainProxy - Securing GET /api/lessons/all?tutorId=3
2026-04-11 11:40:04.204 [http-nio-8080-exec-3] DEBUG o.s.security.web.FilterChainProxy - Securing GET /api/lessons/all?tutorId=3
2026-04-11 11:40:04.215 [http-nio-8080-exec-3] DEBUG o.s.security.web.FilterChainProxy - Secured GET /api/lessons/all?tutorId=3
2026-04-11 11:40:04.215 [http-nio-8080-exec-5] DEBUG o.s.security.web.FilterChainProxy - Secured GET /api/lessons/all?tutorId=3
2026-04-11 11:40:04.215 [http-nio-8080-exec-3] DEBUG o.s.web.servlet.DispatcherServlet - GET "/api/lessons/all?tutorId=3", parameters={masked}
2026-04-11 11:40:04.215 [http-nio-8080-exec-5] DEBUG o.s.web.servlet.DispatcherServlet - GET "/api/lessons/all?tutorId=3", parameters={masked}
2026-04-11 11:40:04.215 [http-nio-8080-exec-5] DEBUG o.s.w.s.m.m.a.RequestMappingHandlerMapping - Mapped to com.example.demo.controller.LessonController#getAllLessons(Long, Long)
2026-04-11 11:40:04.215 [http-nio-8080-exec-3] DEBUG o.s.w.s.m.m.a.RequestMappingHandlerMapping - Mapped to com.example.demo.controller.LessonController#getAllLessons(Long, Long)
2026-04-11 11:40:04.216 [http-nio-8080-exec-5] DEBUG o.s.s.a.m.AuthorizationManagerBeforeMethodInterceptor - Authorizing method invocation ReflectiveMethodInvocation: public org.springframework.http.ResponseEntity com.example.demo.controller.LessonController.getAllLessons(java.lang.Long,java.lang.Long); target is of class [com.example.demo.controller.LessonController]
2026-04-11 11:40:04.216 [http-nio-8080-exec-3] DEBUG o.s.s.a.m.AuthorizationManagerBeforeMethodInterceptor - Authorizing method invocation ReflectiveMethodInvocation: public org.springframework.http.ResponseEntity com.example.demo.controller.LessonController.getAllLessons(java.lang.Long,java.lang.Long); target is of class [com.example.demo.controller.LessonController]
2026-04-11 11:40:04.216 [http-nio-8080-exec-5] DEBUG o.s.s.a.m.AuthorizationManagerBeforeMethodInterceptor - Authorized method invocation ReflectiveMethodInvocation: public org.springframework.http.ResponseEntity com.example.demo.controller.LessonController.getAllLessons(java.lang.Long,java.lang.Long); target is of class [com.example.demo.controller.LessonController]
2026-04-11 11:40:04.216 [http-nio-8080-exec-3] DEBUG o.s.s.a.m.AuthorizationManagerBeforeMethodInterceptor - Authorized method invocation ReflectiveMethodInvocation: public org.springframework.http.ResponseEntity com.example.demo.controller.LessonController.getAllLessons(java.lang.Long,java.lang.Long); target is of class [com.example.demo.controller.LessonController]
2026-04-11 11:40:04.217 [http-nio-8080-exec-5] DEBUG org.hibernate.SQL - 
    select
        l1_0.id,
        l1_0.completed_at,
        l1_0.course_id,
        l1_0.created_at,
        l1_0.end_time,
        l1_0.lesson_date,
        l1_0.next_lesson_plan,
        l1_0.notes,
        l1_0.original_lesson_id,
        l1_0.paid_at,
        l1_0.start_time,
        l1_0.status,
        l1_0.student_id,
        l1_0.tutor_id,
        l1_0.updated_at 
    from
        lesson l1_0 
    where
        l1_0.tutor_id=? 
    order by
        l1_0.lesson_date,
        l1_0.start_time
2026-04-11 11:40:04.217 [http-nio-8080-exec-3] DEBUG org.hibernate.SQL - 
    select
        l1_0.id,
        l1_0.completed_at,
        l1_0.course_id,
        l1_0.created_at,
        l1_0.end_time,
        l1_0.lesson_date,
        l1_0.next_lesson_plan,
        l1_0.notes,
        l1_0.original_lesson_id,
        l1_0.paid_at,
        l1_0.start_time,
        l1_0.status,
        l1_0.student_id,
        l1_0.tutor_id,
        l1_0.updated_at 
    from
        lesson l1_0 
    where
        l1_0.tutor_id=? 
    order by
        l1_0.lesson_date,
        l1_0.start_time
2026-04-11 11:40:04.219 [http-nio-8080-exec-5] DEBUG o.s.w.s.m.m.a.HttpEntityMethodProcessor - Using 'application/json', given [application/json, text/plain, */*] and supported [application/json, application/*+json]
2026-04-11 11:40:04.219 [http-nio-8080-exec-3] DEBUG o.s.w.s.m.m.a.HttpEntityMethodProcessor - Using 'application/json', given [application/json, text/plain, */*] and supported [application/json, application/*+json]
2026-04-11 11:40:04.219 [http-nio-8080-exec-3] DEBUG o.s.w.s.m.m.a.HttpEntityMethodProcessor - Writing [[]]
2026-04-11 11:40:04.219 [http-nio-8080-exec-5] DEBUG o.s.w.s.m.m.a.HttpEntityMethodProcessor - Writing [[]]
2026-04-11 11:40:04.220 [http-nio-8080-exec-3] DEBUG o.s.web.servlet.DispatcherServlet - Completed 200 OK
2026-04-11 11:40:04.220 [http-nio-8080-exec-5] DEBUG o.s.web.servlet.DispatcherServlet - Completed 200 OK
2026-04-11 11:41:07.741 [http-nio-8080-exec-6] DEBUG o.s.security.web.FilterChainProxy - Securing GET /api/tutors/3/avatar
2026-04-11 11:41:07.742 [http-nio-8080-exec-4] DEBUG o.s.security.web.FilterChainProxy - Securing GET /api/lessons/all?tutorId=3
2026-04-11 11:41:07.744 [http-nio-8080-exec-7] DEBUG o.s.security.web.FilterChainProxy - Securing GET /api/lessons/all?tutorId=3
2026-04-11 11:41:07.748 [http-nio-8080-exec-6] DEBUG o.s.security.web.FilterChainProxy - Secured GET /api/tutors/3/avatar
2026-04-11 11:41:07.748 [http-nio-8080-exec-6] DEBUG o.s.web.servlet.DispatcherServlet - GET "/api/tutors/3/avatar", parameters={}
2026-04-11 11:41:07.749 [http-nio-8080-exec-8] DEBUG o.s.security.web.FilterChainProxy - Securing OPTIONS /api/students/tutor/3
2026-04-11 11:41:07.749 [http-nio-8080-exec-3] DEBUG o.s.security.web.FilterChainProxy - Securing OPTIONS /api/students/tutor/3
2026-04-11 11:41:07.749 [http-nio-8080-exec-5] DEBUG o.s.security.web.FilterChainProxy - Securing OPTIONS /api/subscriptions/tutor/3
2026-04-11 11:41:07.749 [http-nio-8080-exec-6] DEBUG o.s.w.s.m.m.a.RequestMappingHandlerMapping - Mapped to com.example.demo.controller.TutorController#getAvatar(Long)
2026-04-11 11:41:07.749 [http-nio-8080-exec-4] DEBUG o.s.security.web.FilterChainProxy - Secured GET /api/lessons/all?tutorId=3
2026-04-11 11:41:07.749 [http-nio-8080-exec-4] DEBUG o.s.web.servlet.DispatcherServlet - GET "/api/lessons/all?tutorId=3", parameters={masked}
2026-04-11 11:41:07.749 [http-nio-8080-exec-4] DEBUG o.s.w.s.m.m.a.RequestMappingHandlerMapping - Mapped to com.example.demo.controller.LessonController#getAllLessons(Long, Long)
2026-04-11 11:41:07.750 [http-nio-8080-exec-4] DEBUG o.s.s.a.m.AuthorizationManagerBeforeMethodInterceptor - Authorizing method invocation ReflectiveMethodInvocation: public org.springframework.http.ResponseEntity com.example.demo.controller.LessonController.getAllLessons(java.lang.Long,java.lang.Long); target is of class [com.example.demo.controller.LessonController]
2026-04-11 11:41:07.750 [http-nio-8080-exec-4] DEBUG o.s.s.a.m.AuthorizationManagerBeforeMethodInterceptor - Authorized method invocation ReflectiveMethodInvocation: public org.springframework.http.ResponseEntity com.example.demo.controller.LessonController.getAllLessons(java.lang.Long,java.lang.Long); target is of class [com.example.demo.controller.LessonController]
2026-04-11 11:41:07.750 [http-nio-8080-exec-9] DEBUG o.s.security.web.FilterChainProxy - Securing OPTIONS /api/subscriptions/tutor/3
2026-04-11 11:41:07.750 [http-nio-8080-exec-7] DEBUG o.s.security.web.FilterChainProxy - Secured GET /api/lessons/all?tutorId=3
2026-04-11 11:41:07.750 [http-nio-8080-exec-7] DEBUG o.s.web.servlet.DispatcherServlet - GET "/api/lessons/all?tutorId=3", parameters={masked}
2026-04-11 11:41:07.751 [http-nio-8080-exec-6] DEBUG org.hibernate.SQL - 
    select
        t1_0.id,
        t1_0.about,
        t1_0.avatar,
        t1_0.birthday,
        t1_0.city,
        t1_0.created_at,
        t1_0.email,
        t1_0.full_name,
        t1_0.is_active,
        t1_0.password_hash,
        t1_0.phone,
        t1_0.role 
    from
        tutor t1_0 
    where
        t1_0.id=?
2026-04-11 11:41:07.751 [http-nio-8080-exec-7] DEBUG o.s.w.s.m.m.a.RequestMappingHandlerMapping - Mapped to com.example.demo.controller.LessonController#getAllLessons(Long, Long)
2026-04-11 11:41:07.751 [http-nio-8080-exec-4] DEBUG org.hibernate.SQL - 
    select
        l1_0.id,
        l1_0.completed_at,
        l1_0.course_id,
        l1_0.created_at,
        l1_0.end_time,
        l1_0.lesson_date,
        l1_0.next_lesson_plan,
        l1_0.notes,
        l1_0.original_lesson_id,
        l1_0.paid_at,
        l1_0.start_time,
        l1_0.status,
        l1_0.student_id,
        l1_0.tutor_id,
        l1_0.updated_at 
    from
        lesson l1_0 
    where
        l1_0.tutor_id=? 
    order by
        l1_0.lesson_date,
        l1_0.start_time
2026-04-11 11:41:07.751 [http-nio-8080-exec-7] DEBUG o.s.s.a.m.AuthorizationManagerBeforeMethodInterceptor - Authorizing method invocation ReflectiveMethodInvocation: public org.springframework.http.ResponseEntity com.example.demo.controller.LessonController.getAllLessons(java.lang.Long,java.lang.Long); target is of class [com.example.demo.controller.LessonController]
2026-04-11 11:41:07.751 [http-nio-8080-exec-7] DEBUG o.s.s.a.m.AuthorizationManagerBeforeMethodInterceptor - Authorized method invocation ReflectiveMethodInvocation: public org.springframework.http.ResponseEntity com.example.demo.controller.LessonController.getAllLessons(java.lang.Long,java.lang.Long); target is of class [com.example.demo.controller.LessonController]
2026-04-11 11:41:07.752 [http-nio-8080-exec-4] DEBUG o.s.w.s.m.m.a.HttpEntityMethodProcessor - Using 'application/json', given [application/json, text/plain, */*] and supported [application/json, application/*+json]
2026-04-11 11:41:07.752 [http-nio-8080-exec-7] DEBUG org.hibernate.SQL - 
    select
        l1_0.id,
        l1_0.completed_at,
        l1_0.course_id,
        l1_0.created_at,
        l1_0.end_time,
        l1_0.lesson_date,
        l1_0.next_lesson_plan,
        l1_0.notes,
        l1_0.original_lesson_id,
        l1_0.paid_at,
        l1_0.start_time,
        l1_0.status,
        l1_0.student_id,
        l1_0.tutor_id,
        l1_0.updated_at 
    from
        lesson l1_0 
    where
        l1_0.tutor_id=? 
    order by
        l1_0.lesson_date,
        l1_0.start_time
2026-04-11 11:41:07.753 [http-nio-8080-exec-4] DEBUG o.s.w.s.m.m.a.HttpEntityMethodProcessor - Writing [[]]
2026-04-11 11:41:07.753 [http-nio-8080-exec-6] DEBUG o.s.w.s.m.m.a.ExceptionHandlerExceptionResolver - Using @ExceptionHandler com.example.demo.exception.GlobalExceptionHandler#handleRuntimeException(RuntimeException)
2026-04-11 11:41:07.753 [http-nio-8080-exec-4] DEBUG o.s.web.servlet.DispatcherServlet - Completed 200 OK
2026-04-11 11:41:07.753 [http-nio-8080-exec-6] ERROR c.e.d.e.GlobalExceptionHandler - Ошибка выполнения: null
java.lang.NullPointerException
	at java.base/java.util.Objects.requireNonNull(Objects.java:209)
	at java.base/java.util.ImmutableCollections$Map1.<init>(ImmutableCollections.java:1105)
	at java.base/java.util.Map.of(Map.java:1353)
	at com.example.demo.controller.TutorController.getAvatar(TutorController.java:93)
	at java.base/jdk.internal.reflect.NativeMethodAccessorImpl.invoke0(Native Method)
	at java.base/jdk.internal.reflect.NativeMethodAccessorImpl.invoke(NativeMethodAccessorImpl.java:77)
	at java.base/jdk.internal.reflect.DelegatingMethodAccessorImpl.invoke(DelegatingMethodAccessorImpl.java:43)
	at java.base/java.lang.reflect.Method.invoke(Method.java:569)
	at org.springframework.web.method.support.InvocableHandlerMethod.doInvoke(InvocableHandlerMethod.java:252)
	at org.springframework.web.method.support.InvocableHandlerMethod.invokeForRequest(InvocableHandlerMethod.java:184)
	at org.springframework.web.servlet.mvc.method.annotation.ServletInvocableHandlerMethod.invokeAndHandle(ServletInvocableHandlerMethod.java:117)
	at org.springframework.web.servlet.mvc.method.annotation.RequestMappingHandlerAdapter.invokeHandlerMethod(RequestMappingHandlerAdapter.java:934)
	at org.springframework.web.servlet.mvc.method.annotation.RequestMappingHandlerAdapter.handleInternal(RequestMappingHandlerAdapter.java:853)
	at org.springframework.web.servlet.mvc.method.AbstractHandlerMethodAdapter.handle(AbstractHandlerMethodAdapter.java:86)
	at org.springframework.web.servlet.DispatcherServlet.doDispatch(DispatcherServlet.java:963)
	at org.springframework.web.servlet.DispatcherServlet.doService(DispatcherServlet.java:866)
	at org.springframework.web.servlet.FrameworkServlet.processRequest(FrameworkServlet.java:1000)
	at org.springframework.web.servlet.FrameworkServlet.doGet(FrameworkServlet.java:892)
	at jakarta.servlet.http.HttpServlet.service(HttpServlet.java:622)
	at org.springframework.web.servlet.FrameworkServlet.service(FrameworkServlet.java:874)
	at jakarta.servlet.http.HttpServlet.service(HttpServlet.java:710)
	at org.apache.catalina.core.ApplicationFilterChain.doFilter(ApplicationFilterChain.java:128)
	at org.apache.tomcat.websocket.server.WsFilter.doFilter(WsFilter.java:53)
	at org.apache.catalina.core.ApplicationFilterChain.doFilter(ApplicationFilterChain.java:107)
	at org.springframework.web.filter.OncePerRequestFilter.doFilter(OncePerRequestFilter.java:110)
	at org.apache.catalina.core.ApplicationFilterChain.doFilter(ApplicationFilterChain.java:107)
	at org.springframework.web.filter.CompositeFilter$VirtualFilterChain.doFilter(CompositeFilter.java:108)
	at org.springframework.security.web.FilterChainProxy.lambda$doFilterInternal$3(FilterChainProxy.java:235)
	at org.springframework.security.web.FilterChainProxy$VirtualFilterChain.doFilter(FilterChainProxy.java:371)
	at org.springframework.security.web.access.intercept.AuthorizationFilter.doFilter(AuthorizationFilter.java:101)
	at org.springframework.security.web.FilterChainProxy$VirtualFilterChain.doFilter(FilterChainProxy.java:380)
	at org.springframework.security.web.access.ExceptionTranslationFilter.doFilter(ExceptionTranslationFilter.java:126)
	at org.springframework.security.web.access.ExceptionTranslationFilter.doFilter(ExceptionTranslationFilter.java:120)
	at org.springframework.security.web.FilterChainProxy$VirtualFilterChain.doFilter(FilterChainProxy.java:380)
	at org.springframework.security.web.session.SessionManagementFilter.doFilter(SessionManagementFilter.java:132)
	at org.springframework.security.web.session.SessionManagementFilter.doFilter(SessionManagementFilter.java:86)
	at org.springframework.security.web.FilterChainProxy$VirtualFilterChain.doFilter(FilterChainProxy.java:380)
	at org.springframework.security.web.authentication.AnonymousAuthenticationFilter.doFilter(AnonymousAuthenticationFilter.java:100)
	at org.springframework.security.web.FilterChainProxy$VirtualFilterChain.doFilter(FilterChainProxy.java:380)
	at org.springframework.security.web.servletapi.SecurityContextHolderAwareRequestFilter.doFilter(SecurityContextHolderAwareRequestFilter.java:181)
	at org.springframework.security.web.FilterChainProxy$VirtualFilterChain.doFilter(FilterChainProxy.java:380)
	at org.springframework.security.web.savedrequest.RequestCacheAwareFilter.doFilter(RequestCacheAwareFilter.java:63)
	at org.springframework.security.web.FilterChainProxy$VirtualFilterChain.doFilter(FilterChainProxy.java:380)
	at com.example.demo.config.AuthTokenFilter.doFilterInternal(AuthTokenFilter.java:59)
	at org.springframework.web.filter.OncePerRequestFilter.doFilter(OncePerRequestFilter.java:116)
	at org.springframework.security.web.FilterChainProxy$VirtualFilterChain.doFilter(FilterChainProxy.java:380)
	at org.springframework.security.web.authentication.logout.LogoutFilter.doFilter(LogoutFilter.java:110)
	at org.springframework.security.web.authentication.logout.LogoutFilter.doFilter(LogoutFilter.java:96)
	at org.springframework.security.web.FilterChainProxy$VirtualFilterChain.doFilter(FilterChainProxy.java:380)
	at org.springframework.web.filter.CorsFilter.doFilterInternal(CorsFilter.java:91)
	at org.springframework.web.filter.OncePerRequestFilter.doFilter(OncePerRequestFilter.java:116)
	at org.springframework.security.web.FilterChainProxy$VirtualFilterChain.doFilter(FilterChainProxy.java:380)
	at org.springframework.security.web.header.HeaderWriterFilter.doHeadersAfter(HeaderWriterFilter.java:90)
	at org.springframework.security.web.header.HeaderWriterFilter.doFilterInternal(HeaderWriterFilter.java:75)
	at org.springframework.web.filter.OncePerRequestFilter.doFilter(OncePerRequestFilter.java:116)
	at org.springframework.security.web.FilterChainProxy$VirtualFilterChain.doFilter(FilterChainProxy.java:380)
	at org.springframework.security.web.context.SecurityContextHolderFilter.doFilter(SecurityContextHolderFilter.java:82)
	at org.springframework.security.web.context.SecurityContextHolderFilter.doFilter(SecurityContextHolderFilter.java:69)
	at org.springframework.security.web.FilterChainProxy$VirtualFilterChain.doFilter(FilterChainProxy.java:380)
	at org.springframework.security.web.context.request.async.WebAsyncManagerIntegrationFilter.doFilterInternal(WebAsyncManagerIntegrationFilter.java:62)
	at org.springframework.web.filter.OncePerRequestFilter.doFilter(OncePerRequestFilter.java:116)
	at org.springframework.security.web.FilterChainProxy$VirtualFilterChain.doFilter(FilterChainProxy.java:380)
	at org.springframework.security.web.session.DisableEncodeUrlFilter.doFilterInternal(DisableEncodeUrlFilter.java:42)
	at org.springframework.web.filter.OncePerRequestFilter.doFilter(OncePerRequestFilter.java:116)
	at org.springframework.security.web.FilterChainProxy$VirtualFilterChain.doFilter(FilterChainProxy.java:380)
	at org.springframework.security.web.FilterChainProxy.doFilterInternal(FilterChainProxy.java:237)
	at org.springframework.security.web.FilterChainProxy.doFilter(FilterChainProxy.java:195)
	at org.springframework.web.filter.CompositeFilter$VirtualFilterChain.doFilter(CompositeFilter.java:113)
	at org.springframework.web.filter.ServletRequestPathFilter.doFilter(ServletRequestPathFilter.java:52)
	at org.springframework.web.filter.CompositeFilter$VirtualFilterChain.doFilter(CompositeFilter.java:113)
	at org.springframework.web.filter.CompositeFilter.doFilter(CompositeFilter.java:74)
	at org.springframework.security.config.annotation.web.configuration.WebSecurityConfiguration$CompositeFilterChainProxy.doFilter(WebSecurityConfiguration.java:317)
	at org.springframework.web.filter.DelegatingFilterProxy.invokeDelegate(DelegatingFilterProxy.java:355)
	at org.springframework.web.filter.DelegatingFilterProxy.doFilter(DelegatingFilterProxy.java:272)
	at org.apache.catalina.core.ApplicationFilterChain.doFilter(ApplicationFilterChain.java:107)
	at org.springframework.web.filter.RequestContextFilter.doFilterInternal(RequestContextFilter.java:100)
	at org.springframework.web.filter.OncePerRequestFilter.doFilter(OncePerRequestFilter.java:116)
	at org.apache.catalina.core.ApplicationFilterChain.doFilter(ApplicationFilterChain.java:107)
	at org.springframework.web.filter.FormContentFilter.doFilterInternal(FormContentFilter.java:93)
	at org.springframework.web.filter.OncePerRequestFilter.doFilter(OncePerRequestFilter.java:116)
	at org.apache.catalina.core.ApplicationFilterChain.doFilter(ApplicationFilterChain.java:107)
	at org.springframework.web.filter.CharacterEncodingFilter.doFilterInternal(CharacterEncodingFilter.java:199)
	at org.springframework.web.filter.OncePerRequestFilter.doFilter(OncePerRequestFilter.java:116)
	at org.apache.catalina.core.ApplicationFilterChain.doFilter(ApplicationFilterChain.java:107)
	at org.apache.catalina.core.StandardWrapperValve.invoke(StandardWrapperValve.java:165)
	at org.apache.catalina.core.StandardContextValve.invoke(StandardContextValve.java:77)
	at org.apache.catalina.authenticator.AuthenticatorBase.invoke(AuthenticatorBase.java:492)
	at org.apache.catalina.core.StandardHostValve.invoke(StandardHostValve.java:113)
	at org.apache.catalina.valves.ErrorReportValve.invoke(ErrorReportValve.java:83)
	at org.apache.catalina.core.StandardEngineValve.invoke(StandardEngineValve.java:72)
	at org.apache.catalina.connector.CoyoteAdapter.service(CoyoteAdapter.java:341)
	at org.apache.coyote.http11.Http11Processor.service(Http11Processor.java:397)
	at org.apache.coyote.AbstractProcessorLight.process(AbstractProcessorLight.java:63)
	at org.apache.coyote.AbstractProtocol$ConnectionHandler.process(AbstractProtocol.java:903)
	at org.apache.tomcat.util.net.NioEndpoint$SocketProcessor.doRun(NioEndpoint.java:1779)
	at org.apache.tomcat.util.net.SocketProcessorBase.run(SocketProcessorBase.java:52)
	at org.apache.tomcat.util.threads.ThreadPoolExecutor.runWorker(ThreadPoolExecutor.java:946)
	at org.apache.tomcat.util.threads.ThreadPoolExecutor$Worker.run(ThreadPoolExecutor.java:480)
	at org.apache.tomcat.util.threads.TaskThread$WrappingRunnable.run(TaskThread.java:57)
	at java.base/java.lang.Thread.run(Thread.java:840)
2026-04-11 11:41:07.755 [http-nio-8080-exec-6] DEBUG o.s.w.s.m.m.a.HttpEntityMethodProcessor - Using 'application/json', given [application/json, text/plain, */*] and supported [application/json, application/*+json]
2026-04-11 11:41:07.756 [http-nio-8080-exec-6] DEBUG o.s.w.s.m.m.a.HttpEntityMethodProcessor - Writing [{error=Внутренняя ошибка сервера}]
2026-04-11 11:41:07.756 [http-nio-8080-exec-2] DEBUG o.s.security.web.FilterChainProxy - Securing GET /api/students/tutor/3
2026-04-11 11:41:07.756 [http-nio-8080-exec-1] DEBUG o.s.security.web.FilterChainProxy - Securing GET /api/students/tutor/3
2026-04-11 11:41:07.756 [http-nio-8080-exec-3] DEBUG o.s.security.web.FilterChainProxy - Securing GET /api/subscriptions/tutor/3
2026-04-11 11:41:07.756 [http-nio-8080-exec-6] DEBUG o.s.w.s.m.m.a.ExceptionHandlerExceptionResolver - Resolved [java.lang.NullPointerException]
2026-04-11 11:41:07.757 [http-nio-8080-exec-6] DEBUG o.s.web.servlet.DispatcherServlet - Completed 500 INTERNAL_SERVER_ERROR
2026-04-11 11:41:07.757 [http-nio-8080-exec-10] DEBUG o.s.security.web.FilterChainProxy - Securing GET /api/subscriptions/tutor/3
2026-04-11 11:41:07.758 [http-nio-8080-exec-7] DEBUG o.s.w.s.m.m.a.HttpEntityMethodProcessor - Using 'application/json', given [application/json, text/plain, */*] and supported [application/json, application/*+json]
2026-04-11 11:41:07.759 [http-nio-8080-exec-7] DEBUG o.s.w.s.m.m.a.HttpEntityMethodProcessor - Writing [[]]
2026-04-11 11:41:07.760 [http-nio-8080-exec-7] DEBUG o.s.web.servlet.DispatcherServlet - Completed 200 OK
2026-04-11 11:41:07.764 [http-nio-8080-exec-10] DEBUG o.s.security.web.FilterChainProxy - Secured GET /api/subscriptions/tutor/3
2026-04-11 11:41:07.764 [http-nio-8080-exec-2] DEBUG o.s.security.web.FilterChainProxy - Secured GET /api/students/tutor/3
2026-04-11 11:41:07.764 [http-nio-8080-exec-3] DEBUG o.s.security.web.FilterChainProxy - Secured GET /api/subscriptions/tutor/3
2026-04-11 11:41:07.764 [http-nio-8080-exec-10] DEBUG o.s.web.servlet.DispatcherServlet - GET "/api/subscriptions/tutor/3", parameters={}
2026-04-11 11:41:07.764 [http-nio-8080-exec-2] DEBUG o.s.web.servlet.DispatcherServlet - GET "/api/students/tutor/3", parameters={}
2026-04-11 11:41:07.764 [http-nio-8080-exec-3] DEBUG o.s.web.servlet.DispatcherServlet - GET "/api/subscriptions/tutor/3", parameters={}
2026-04-11 11:41:07.765 [http-nio-8080-exec-2] DEBUG o.s.w.s.m.m.a.RequestMappingHandlerMapping - Mapped to com.example.demo.controller.StudentController#getStudentsByTutor(Long, Long, String)
2026-04-11 11:41:07.765 [http-nio-8080-exec-10] DEBUG o.s.w.s.m.m.a.RequestMappingHandlerMapping - Mapped to com.example.demo.controller.SubscriptionController#getSubscriptionsByTutor(Long)
2026-04-11 11:41:07.765 [http-nio-8080-exec-3] DEBUG o.s.w.s.m.m.a.RequestMappingHandlerMapping - Mapped to com.example.demo.controller.SubscriptionController#getSubscriptionsByTutor(Long)
2026-04-11 11:41:07.766 [http-nio-8080-exec-1] DEBUG o.s.security.web.FilterChainProxy - Secured GET /api/students/tutor/3
2026-04-11 11:41:07.766 [http-nio-8080-exec-1] DEBUG o.s.web.servlet.DispatcherServlet - GET "/api/students/tutor/3", parameters={}
2026-04-11 11:41:07.766 [http-nio-8080-exec-3] DEBUG o.s.s.a.m.AuthorizationManagerBeforeMethodInterceptor - Authorizing method invocation ReflectiveMethodInvocation: public org.springframework.http.ResponseEntity com.example.demo.controller.SubscriptionController.getSubscriptionsByTutor(java.lang.Long); target is of class [com.example.demo.controller.SubscriptionController]
2026-04-11 11:41:07.766 [http-nio-8080-exec-10] DEBUG o.s.s.a.m.AuthorizationManagerBeforeMethodInterceptor - Authorizing method invocation ReflectiveMethodInvocation: public org.springframework.http.ResponseEntity com.example.demo.controller.SubscriptionController.getSubscriptionsByTutor(java.lang.Long); target is of class [com.example.demo.controller.SubscriptionController]
2026-04-11 11:41:07.766 [http-nio-8080-exec-2] DEBUG o.s.s.a.m.AuthorizationManagerBeforeMethodInterceptor - Authorizing method invocation ReflectiveMethodInvocation: public org.springframework.http.ResponseEntity com.example.demo.controller.StudentController.getStudentsByTutor(java.lang.Long,java.lang.Long,java.lang.String); target is of class [com.example.demo.controller.StudentController]
2026-04-11 11:41:07.766 [http-nio-8080-exec-1] DEBUG o.s.w.s.m.m.a.RequestMappingHandlerMapping - Mapped to com.example.demo.controller.StudentController#getStudentsByTutor(Long, Long, String)
2026-04-11 11:41:07.766 [http-nio-8080-exec-3] DEBUG o.s.s.a.m.AuthorizationManagerBeforeMethodInterceptor - Authorized method invocation ReflectiveMethodInvocation: public org.springframework.http.ResponseEntity com.example.demo.controller.SubscriptionController.getSubscriptionsByTutor(java.lang.Long); target is of class [com.example.demo.controller.SubscriptionController]
2026-04-11 11:41:07.766 [http-nio-8080-exec-10] DEBUG o.s.s.a.m.AuthorizationManagerBeforeMethodInterceptor - Authorized method invocation ReflectiveMethodInvocation: public org.springframework.http.ResponseEntity com.example.demo.controller.SubscriptionController.getSubscriptionsByTutor(java.lang.Long); target is of class [com.example.demo.controller.SubscriptionController]
2026-04-11 11:41:07.766 [http-nio-8080-exec-2] DEBUG o.s.s.a.m.AuthorizationManagerBeforeMethodInterceptor - Authorized method invocation ReflectiveMethodInvocation: public org.springframework.http.ResponseEntity com.example.demo.controller.StudentController.getStudentsByTutor(java.lang.Long,java.lang.Long,java.lang.String); target is of class [com.example.demo.controller.StudentController]
2026-04-11 11:41:07.767 [http-nio-8080-exec-1] DEBUG o.s.s.a.m.AuthorizationManagerBeforeMethodInterceptor - Authorizing method invocation ReflectiveMethodInvocation: public org.springframework.http.ResponseEntity com.example.demo.controller.StudentController.getStudentsByTutor(java.lang.Long,java.lang.Long,java.lang.String); target is of class [com.example.demo.controller.StudentController]
2026-04-11 11:41:07.767 [http-nio-8080-exec-1] DEBUG o.s.s.a.m.AuthorizationManagerBeforeMethodInterceptor - Authorized method invocation ReflectiveMethodInvocation: public org.springframework.http.ResponseEntity com.example.demo.controller.StudentController.getStudentsByTutor(java.lang.Long,java.lang.Long,java.lang.String); target is of class [com.example.demo.controller.StudentController]
2026-04-11 11:41:07.768 [http-nio-8080-exec-3] DEBUG org.hibernate.SQL - 
    select
        s1_0.id,
        s1_0.created_at,
        s1_0.end_date,
        s1_0.lessons_count,
        s1_0.lessons_used,
        s1_0.paid_at,
        s1_0.price,
        s1_0.start_date,
        s1_0.status,
        s1_0.student_id,
        s1_0.tutor_id 
    from
        subscription s1_0 
    where
        s1_0.tutor_id=? 
    order by
        s1_0.start_date desc
2026-04-11 11:41:07.768 [http-nio-8080-exec-1] DEBUG org.hibernate.SQL - 
    select
        s1_0.id,
        s1_0.birthday,
        s1_0.created_at,
        s1_0.email,
        s1_0.full_name,
        s1_0.parent_id,
        s1_0.parent_name,
        s1_0.parent_phone,
        s1_0.password_hash,
        s1_0.payment_type,
        s1_0.phone,
        s1_0.role 
    from
        student s1_0
2026-04-11 11:41:07.768 [http-nio-8080-exec-2] DEBUG org.hibernate.SQL - 
    select
        s1_0.id,
        s1_0.birthday,
        s1_0.created_at,
        s1_0.email,
        s1_0.full_name,
        s1_0.parent_id,
        s1_0.parent_name,
        s1_0.parent_phone,
        s1_0.password_hash,
        s1_0.payment_type,
        s1_0.phone,
        s1_0.role 
    from
        student s1_0
2026-04-11 11:41:07.768 [http-nio-8080-exec-10] DEBUG org.hibernate.SQL - 
    select
        s1_0.id,
        s1_0.created_at,
        s1_0.end_date,
        s1_0.lessons_count,
        s1_0.lessons_used,
        s1_0.paid_at,
        s1_0.price,
        s1_0.start_date,
        s1_0.status,
        s1_0.student_id,
        s1_0.tutor_id 
    from
        subscription s1_0 
    where
        s1_0.tutor_id=? 
    order by
        s1_0.start_date desc
2026-04-11 11:41:07.771 [http-nio-8080-exec-1] DEBUG org.hibernate.SQL - 
    select
        p1_0.id,
        p1_0.created_at,
        p1_0.email,
        p1_0.full_name,
        p1_0.password_hash,
        p1_0.phone,
        p1_0.role 
    from
        parent p1_0 
    where
        p1_0.id=?
2026-04-11 11:41:07.771 [http-nio-8080-exec-2] DEBUG org.hibernate.SQL - 
    select
        p1_0.id,
        p1_0.created_at,
        p1_0.email,
        p1_0.full_name,
        p1_0.password_hash,
        p1_0.phone,
        p1_0.role 
    from
        parent p1_0 
    where
        p1_0.id=?
2026-04-11 11:41:07.772 [http-nio-8080-exec-3] DEBUG o.s.w.s.m.m.a.HttpEntityMethodProcessor - Using 'application/json', given [application/json, text/plain, */*] and supported [application/json, application/*+json]
2026-04-11 11:41:07.772 [http-nio-8080-exec-10] DEBUG o.s.w.s.m.m.a.HttpEntityMethodProcessor - Using 'application/json', given [application/json, text/plain, */*] and supported [application/json, application/*+json]
2026-04-11 11:41:07.773 [http-nio-8080-exec-3] DEBUG o.s.w.s.m.m.a.HttpEntityMethodProcessor - Writing [[]]
2026-04-11 11:41:07.773 [http-nio-8080-exec-10] DEBUG o.s.w.s.m.m.a.HttpEntityMethodProcessor - Writing [[]]
2026-04-11 11:41:07.773 [http-nio-8080-exec-2] DEBUG org.hibernate.SQL - 
    select
        t1_0.student_id,
        t1_1.id,
        t1_1.about,
        t1_1.avatar,
        t1_1.birthday,
        t1_1.city,
        t1_1.created_at,
        t1_1.email,
        t1_1.full_name,
        t1_1.is_active,
        t1_1.password_hash,
        t1_1.phone,
        t1_1.role 
    from
        student_tutor t1_0 
    join
        tutor t1_1 
            on t1_1.id=t1_0.tutor_id 
    where
        t1_0.student_id=?
2026-04-11 11:41:07.773 [http-nio-8080-exec-1] DEBUG org.hibernate.SQL - 
    select
        t1_0.student_id,
        t1_1.id,
        t1_1.about,
        t1_1.avatar,
        t1_1.birthday,
        t1_1.city,
        t1_1.created_at,
        t1_1.email,
        t1_1.full_name,
        t1_1.is_active,
        t1_1.password_hash,
        t1_1.phone,
        t1_1.role 
    from
        student_tutor t1_0 
    join
        tutor t1_1 
            on t1_1.id=t1_0.tutor_id 
    where
        t1_0.student_id=?
2026-04-11 11:41:07.774 [http-nio-8080-exec-10] DEBUG o.s.web.servlet.DispatcherServlet - Completed 200 OK
2026-04-11 11:41:07.774 [http-nio-8080-exec-3] DEBUG o.s.web.servlet.DispatcherServlet - Completed 200 OK
2026-04-11 11:41:07.775 [http-nio-8080-exec-2] DEBUG org.hibernate.SQL - 
    select
        r1_0.student_id,
        r1_0.id,
        r1_0.rate_per_lesson,
        r1_0.tutor_id,
        t1_0.id,
        t1_0.about,
        t1_0.avatar,
        t1_0.birthday,
        t1_0.city,
        t1_0.created_at,
        t1_0.email,
        t1_0.full_name,
        t1_0.is_active,
        t1_0.password_hash,
        t1_0.phone,
        t1_0.role 
    from
        student_rate r1_0 
    left join
        tutor t1_0 
            on t1_0.id=r1_0.tutor_id 
    where
        r1_0.student_id=?
2026-04-11 11:41:07.775 [http-nio-8080-exec-1] DEBUG org.hibernate.SQL - 
    select
        r1_0.student_id,
        r1_0.id,
        r1_0.rate_per_lesson,
        r1_0.tutor_id,
        t1_0.id,
        t1_0.about,
        t1_0.avatar,
        t1_0.birthday,
        t1_0.city,
        t1_0.created_at,
        t1_0.email,
        t1_0.full_name,
        t1_0.is_active,
        t1_0.password_hash,
        t1_0.phone,
        t1_0.role 
    from
        student_rate r1_0 
    left join
        tutor t1_0 
            on t1_0.id=r1_0.tutor_id 
    where
        r1_0.student_id=?
2026-04-11 11:41:07.780 [http-nio-8080-exec-1] DEBUG o.s.w.s.m.m.a.HttpEntityMethodProcessor - Using 'application/json', given [application/json, text/plain, */*] and supported [application/json, application/*+json]
2026-04-11 11:41:07.780 [http-nio-8080-exec-2] DEBUG o.s.w.s.m.m.a.HttpEntityMethodProcessor - Using 'application/json', given [application/json, text/plain, */*] and supported [application/json, application/*+json]
2026-04-11 11:41:07.781 [http-nio-8080-exec-2] DEBUG o.s.w.s.m.m.a.HttpEntityMethodProcessor - Writing [[com.example.demo.entity.Student@7ae814f4]]
2026-04-11 11:41:07.781 [http-nio-8080-exec-1] DEBUG o.s.w.s.m.m.a.HttpEntityMethodProcessor - Writing [[com.example.demo.entity.Student@35ef924]]
2026-04-11 11:41:07.813 [http-nio-8080-exec-2] DEBUG o.s.web.servlet.DispatcherServlet - Completed 200 OK
2026-04-11 11:41:07.813 [http-nio-8080-exec-1] DEBUG o.s.web.servlet.DispatcherServlet - Completed 200 OK
2026-04-11 11:41:57.799 [http-nio-8080-exec-5] DEBUG o.s.security.web.FilterChainProxy - Securing GET /api/tutors/3/avatar
2026-04-11 11:41:57.799 [http-nio-8080-exec-9] DEBUG o.s.security.web.FilterChainProxy - Securing GET /api/lessons/all?tutorId=3
2026-04-11 11:41:57.799 [http-nio-8080-exec-8] DEBUG o.s.security.web.FilterChainProxy - Securing GET /api/students/tutor/3
2026-04-11 11:41:57.799 [http-nio-8080-exec-4] DEBUG o.s.security.web.FilterChainProxy - Securing GET /api/subscriptions/tutor/3
2026-04-11 11:41:57.802 [http-nio-8080-exec-6] DEBUG o.s.security.web.FilterChainProxy - Securing GET /api/tutors/3/avatar
2026-04-11 11:41:57.803 [http-nio-8080-exec-7] DEBUG o.s.security.web.FilterChainProxy - Securing GET /api/students/tutor/3
2026-04-11 11:41:57.807 [http-nio-8080-exec-4] DEBUG o.s.security.web.FilterChainProxy - Secured GET /api/subscriptions/tutor/3
2026-04-11 11:41:57.807 [http-nio-8080-exec-5] DEBUG o.s.security.web.FilterChainProxy - Secured GET /api/tutors/3/avatar
2026-04-11 11:41:57.807 [http-nio-8080-exec-4] DEBUG o.s.web.servlet.DispatcherServlet - GET "/api/subscriptions/tutor/3", parameters={}
2026-04-11 11:41:57.807 [http-nio-8080-exec-5] DEBUG o.s.web.servlet.DispatcherServlet - GET "/api/tutors/3/avatar", parameters={}
2026-04-11 11:41:57.807 [http-nio-8080-exec-9] DEBUG o.s.security.web.FilterChainProxy - Secured GET /api/lessons/all?tutorId=3
2026-04-11 11:41:57.807 [http-nio-8080-exec-8] DEBUG o.s.security.web.FilterChainProxy - Secured GET /api/students/tutor/3
2026-04-11 11:41:57.807 [http-nio-8080-exec-8] DEBUG o.s.web.servlet.DispatcherServlet - GET "/api/students/tutor/3", parameters={}
2026-04-11 11:41:57.807 [http-nio-8080-exec-9] DEBUG o.s.web.servlet.DispatcherServlet - GET "/api/lessons/all?tutorId=3", parameters={masked}
2026-04-11 11:41:57.808 [http-nio-8080-exec-9] DEBUG o.s.w.s.m.m.a.RequestMappingHandlerMapping - Mapped to com.example.demo.controller.LessonController#getAllLessons(Long, Long)
2026-04-11 11:41:57.808 [http-nio-8080-exec-8] DEBUG o.s.w.s.m.m.a.RequestMappingHandlerMapping - Mapped to com.example.demo.controller.StudentController#getStudentsByTutor(Long, Long, String)
2026-04-11 11:41:57.808 [http-nio-8080-exec-5] DEBUG o.s.w.s.m.m.a.RequestMappingHandlerMapping - Mapped to com.example.demo.controller.TutorController#getAvatar(Long)
2026-04-11 11:41:57.808 [http-nio-8080-exec-4] DEBUG o.s.w.s.m.m.a.RequestMappingHandlerMapping - Mapped to com.example.demo.controller.SubscriptionController#getSubscriptionsByTutor(Long)
2026-04-11 11:41:57.808 [http-nio-8080-exec-4] DEBUG o.s.s.a.m.AuthorizationManagerBeforeMethodInterceptor - Authorizing method invocation ReflectiveMethodInvocation: public org.springframework.http.ResponseEntity com.example.demo.controller.SubscriptionController.getSubscriptionsByTutor(java.lang.Long); target is of class [com.example.demo.controller.SubscriptionController]
2026-04-11 11:41:57.808 [http-nio-8080-exec-8] DEBUG o.s.s.a.m.AuthorizationManagerBeforeMethodInterceptor - Authorizing method invocation ReflectiveMethodInvocation: public org.springframework.http.ResponseEntity com.example.demo.controller.StudentController.getStudentsByTutor(java.lang.Long,java.lang.Long,java.lang.String); target is of class [com.example.demo.controller.StudentController]
2026-04-11 11:41:57.808 [http-nio-8080-exec-9] DEBUG o.s.s.a.m.AuthorizationManagerBeforeMethodInterceptor - Authorizing method invocation ReflectiveMethodInvocation: public org.springframework.http.ResponseEntity com.example.demo.controller.LessonController.getAllLessons(java.lang.Long,java.lang.Long); target is of class [com.example.demo.controller.LessonController]
2026-04-11 11:41:57.808 [http-nio-8080-exec-4] DEBUG o.s.s.a.m.AuthorizationManagerBeforeMethodInterceptor - Authorized method invocation ReflectiveMethodInvocation: public org.springframework.http.ResponseEntity com.example.demo.controller.SubscriptionController.getSubscriptionsByTutor(java.lang.Long); target is of class [com.example.demo.controller.SubscriptionController]
2026-04-11 11:41:57.808 [http-nio-8080-exec-8] DEBUG o.s.s.a.m.AuthorizationManagerBeforeMethodInterceptor - Authorized method invocation ReflectiveMethodInvocation: public org.springframework.http.ResponseEntity com.example.demo.controller.StudentController.getStudentsByTutor(java.lang.Long,java.lang.Long,java.lang.String); target is of class [com.example.demo.controller.StudentController]
2026-04-11 11:41:57.808 [http-nio-8080-exec-9] DEBUG o.s.s.a.m.AuthorizationManagerBeforeMethodInterceptor - Authorized method invocation ReflectiveMethodInvocation: public org.springframework.http.ResponseEntity com.example.demo.controller.LessonController.getAllLessons(java.lang.Long,java.lang.Long); target is of class [com.example.demo.controller.LessonController]
2026-04-11 11:41:57.809 [http-nio-8080-exec-4] DEBUG org.hibernate.SQL - 
    select
        s1_0.id,
        s1_0.created_at,
        s1_0.end_date,
        s1_0.lessons_count,
        s1_0.lessons_used,
        s1_0.paid_at,
        s1_0.price,
        s1_0.start_date,
        s1_0.status,
        s1_0.student_id,
        s1_0.tutor_id 
    from
        subscription s1_0 
    where
        s1_0.tutor_id=? 
    order by
        s1_0.start_date desc
2026-04-11 11:41:57.809 [http-nio-8080-exec-9] DEBUG org.hibernate.SQL - 
    select
        l1_0.id,
        l1_0.completed_at,
        l1_0.course_id,
        l1_0.created_at,
        l1_0.end_time,
        l1_0.lesson_date,
        l1_0.next_lesson_plan,
        l1_0.notes,
        l1_0.original_lesson_id,
        l1_0.paid_at,
        l1_0.start_time,
        l1_0.status,
        l1_0.student_id,
        l1_0.tutor_id,
        l1_0.updated_at 
    from
        lesson l1_0 
    where
        l1_0.tutor_id=? 
    order by
        l1_0.lesson_date,
        l1_0.start_time
2026-04-11 11:41:57.809 [http-nio-8080-exec-6] DEBUG o.s.security.web.FilterChainProxy - Secured GET /api/tutors/3/avatar
2026-04-11 11:41:57.809 [http-nio-8080-exec-6] DEBUG o.s.web.servlet.DispatcherServlet - GET "/api/tutors/3/avatar", parameters={}
2026-04-11 11:41:57.809 [http-nio-8080-exec-7] DEBUG o.s.security.web.FilterChainProxy - Secured GET /api/students/tutor/3
2026-04-11 11:41:57.810 [http-nio-8080-exec-7] DEBUG o.s.web.servlet.DispatcherServlet - GET "/api/students/tutor/3", parameters={}
2026-04-11 11:41:57.810 [http-nio-8080-exec-5] DEBUG org.hibernate.SQL - 
    select
        t1_0.id,
        t1_0.about,
        t1_0.avatar,
        t1_0.birthday,
        t1_0.city,
        t1_0.created_at,
        t1_0.email,
        t1_0.full_name,
        t1_0.is_active,
        t1_0.password_hash,
        t1_0.phone,
        t1_0.role 
    from
        tutor t1_0 
    where
        t1_0.id=?
2026-04-11 11:41:57.810 [http-nio-8080-exec-7] DEBUG o.s.w.s.m.m.a.RequestMappingHandlerMapping - Mapped to com.example.demo.controller.StudentController#getStudentsByTutor(Long, Long, String)
2026-04-11 11:41:57.810 [http-nio-8080-exec-6] DEBUG o.s.w.s.m.m.a.RequestMappingHandlerMapping - Mapped to com.example.demo.controller.TutorController#getAvatar(Long)
2026-04-11 11:41:57.810 [http-nio-8080-exec-8] DEBUG org.hibernate.SQL - 
    select
        s1_0.id,
        s1_0.birthday,
        s1_0.created_at,
        s1_0.email,
        s1_0.full_name,
        s1_0.parent_id,
        s1_0.parent_name,
        s1_0.parent_phone,
        s1_0.password_hash,
        s1_0.payment_type,
        s1_0.phone,
        s1_0.role 
    from
        student s1_0
2026-04-11 11:41:57.811 [http-nio-8080-exec-9] DEBUG o.s.w.s.m.m.a.HttpEntityMethodProcessor - Using 'application/json', given [application/json, text/plain, */*] and supported [application/json, application/*+json]
2026-04-11 11:41:57.811 [http-nio-8080-exec-7] DEBUG o.s.s.a.m.AuthorizationManagerBeforeMethodInterceptor - Authorizing method invocation ReflectiveMethodInvocation: public org.springframework.http.ResponseEntity com.example.demo.controller.StudentController.getStudentsByTutor(java.lang.Long,java.lang.Long,java.lang.String); target is of class [com.example.demo.controller.StudentController]
2026-04-11 11:41:57.811 [http-nio-8080-exec-9] DEBUG o.s.w.s.m.m.a.HttpEntityMethodProcessor - Writing [[]]
2026-04-11 11:41:57.812 [http-nio-8080-exec-6] DEBUG org.hibernate.SQL - 
    select
        t1_0.id,
        t1_0.about,
        t1_0.avatar,
        t1_0.birthday,
        t1_0.city,
        t1_0.created_at,
        t1_0.email,
        t1_0.full_name,
        t1_0.is_active,
        t1_0.password_hash,
        t1_0.phone,
        t1_0.role 
    from
        tutor t1_0 
    where
        t1_0.id=?
2026-04-11 11:41:57.812 [http-nio-8080-exec-7] DEBUG o.s.s.a.m.AuthorizationManagerBeforeMethodInterceptor - Authorized method invocation ReflectiveMethodInvocation: public org.springframework.http.ResponseEntity com.example.demo.controller.StudentController.getStudentsByTutor(java.lang.Long,java.lang.Long,java.lang.String); target is of class [com.example.demo.controller.StudentController]
2026-04-11 11:41:57.812 [http-nio-8080-exec-9] DEBUG o.s.web.servlet.DispatcherServlet - Completed 200 OK
2026-04-11 11:41:57.812 [http-nio-8080-exec-5] DEBUG o.s.w.s.m.m.a.ExceptionHandlerExceptionResolver - Using @ExceptionHandler com.example.demo.exception.GlobalExceptionHandler#handleRuntimeException(RuntimeException)
2026-04-11 11:41:57.812 [http-nio-8080-exec-4] DEBUG o.s.w.s.m.m.a.HttpEntityMethodProcessor - Using 'application/json', given [application/json, text/plain, */*] and supported [application/json, application/*+json]
2026-04-11 11:41:57.812 [http-nio-8080-exec-4] DEBUG o.s.w.s.m.m.a.HttpEntityMethodProcessor - Writing [[]]
2026-04-11 11:41:57.813 [http-nio-8080-exec-4] DEBUG o.s.web.servlet.DispatcherServlet - Completed 200 OK
2026-04-11 11:41:57.813 [http-nio-8080-exec-8] DEBUG org.hibernate.SQL - 
    select
        p1_0.id,
        p1_0.created_at,
        p1_0.email,
        p1_0.full_name,
        p1_0.password_hash,
        p1_0.phone,
        p1_0.role 
    from
        parent p1_0 
    where
        p1_0.id=?
2026-04-11 11:41:57.812 [http-nio-8080-exec-5] ERROR c.e.d.e.GlobalExceptionHandler - Ошибка выполнения: null
java.lang.NullPointerException
	at java.base/java.util.Objects.requireNonNull(Objects.java:209)
	at java.base/java.util.ImmutableCollections$Map1.<init>(ImmutableCollections.java:1105)
	at java.base/java.util.Map.of(Map.java:1353)
	at com.example.demo.controller.TutorController.getAvatar(TutorController.java:93)
	at java.base/jdk.internal.reflect.NativeMethodAccessorImpl.invoke0(Native Method)
	at java.base/jdk.internal.reflect.NativeMethodAccessorImpl.invoke(NativeMethodAccessorImpl.java:77)
	at java.base/jdk.internal.reflect.DelegatingMethodAccessorImpl.invoke(DelegatingMethodAccessorImpl.java:43)
	at java.base/java.lang.reflect.Method.invoke(Method.java:569)
	at org.springframework.web.method.support.InvocableHandlerMethod.doInvoke(InvocableHandlerMethod.java:252)
	at org.springframework.web.method.support.InvocableHandlerMethod.invokeForRequest(InvocableHandlerMethod.java:184)
	at org.springframework.web.servlet.mvc.method.annotation.ServletInvocableHandlerMethod.invokeAndHandle(ServletInvocableHandlerMethod.java:117)
	at org.springframework.web.servlet.mvc.method.annotation.RequestMappingHandlerAdapter.invokeHandlerMethod(RequestMappingHandlerAdapter.java:934)
	at org.springframework.web.servlet.mvc.method.annotation.RequestMappingHandlerAdapter.handleInternal(RequestMappingHandlerAdapter.java:853)
	at org.springframework.web.servlet.mvc.method.AbstractHandlerMethodAdapter.handle(AbstractHandlerMethodAdapter.java:86)
	at org.springframework.web.servlet.DispatcherServlet.doDispatch(DispatcherServlet.java:963)
	at org.springframework.web.servlet.DispatcherServlet.doService(DispatcherServlet.java:866)
	at org.springframework.web.servlet.FrameworkServlet.processRequest(FrameworkServlet.java:1000)
	at org.springframework.web.servlet.FrameworkServlet.doGet(FrameworkServlet.java:892)
	at jakarta.servlet.http.HttpServlet.service(HttpServlet.java:622)
	at org.springframework.web.servlet.FrameworkServlet.service(FrameworkServlet.java:874)
	at jakarta.servlet.http.HttpServlet.service(HttpServlet.java:710)
	at org.apache.catalina.core.ApplicationFilterChain.doFilter(ApplicationFilterChain.java:128)
	at org.apache.tomcat.websocket.server.WsFilter.doFilter(WsFilter.java:53)
	at org.apache.catalina.core.ApplicationFilterChain.doFilter(ApplicationFilterChain.java:107)
	at org.springframework.web.filter.OncePerRequestFilter.doFilter(OncePerRequestFilter.java:110)
	at org.apache.catalina.core.ApplicationFilterChain.doFilter(ApplicationFilterChain.java:107)
	at org.springframework.web.filter.CompositeFilter$VirtualFilterChain.doFilter(CompositeFilter.java:108)
	at org.springframework.security.web.FilterChainProxy.lambda$doFilterInternal$3(FilterChainProxy.java:235)
	at org.springframework.security.web.FilterChainProxy$VirtualFilterChain.doFilter(FilterChainProxy.java:371)
	at org.springframework.security.web.access.intercept.AuthorizationFilter.doFilter(AuthorizationFilter.java:101)
	at org.springframework.security.web.FilterChainProxy$VirtualFilterChain.doFilter(FilterChainProxy.java:380)
	at org.springframework.security.web.access.ExceptionTranslationFilter.doFilter(ExceptionTranslationFilter.java:126)
	at org.springframework.security.web.access.ExceptionTranslationFilter.doFilter(ExceptionTranslationFilter.java:120)
	at org.springframework.security.web.FilterChainProxy$VirtualFilterChain.doFilter(FilterChainProxy.java:380)
	at org.springframework.security.web.session.SessionManagementFilter.doFilter(SessionManagementFilter.java:132)
	at org.springframework.security.web.session.SessionManagementFilter.doFilter(SessionManagementFilter.java:86)
	at org.springframework.security.web.FilterChainProxy$VirtualFilterChain.doFilter(FilterChainProxy.java:380)
	at org.springframework.security.web.authentication.AnonymousAuthenticationFilter.doFilter(AnonymousAuthenticationFilter.java:100)
	at org.springframework.security.web.FilterChainProxy$VirtualFilterChain.doFilter(FilterChainProxy.java:380)
	at org.springframework.security.web.servletapi.SecurityContextHolderAwareRequestFilter.doFilter(SecurityContextHolderAwareRequestFilter.java:181)
	at org.springframework.security.web.FilterChainProxy$VirtualFilterChain.doFilter(FilterChainProxy.java:380)
	at org.springframework.security.web.savedrequest.RequestCacheAwareFilter.doFilter(RequestCacheAwareFilter.java:63)
	at org.springframework.security.web.FilterChainProxy$VirtualFilterChain.doFilter(FilterChainProxy.java:380)
	at com.example.demo.config.AuthTokenFilter.doFilterInternal(AuthTokenFilter.java:59)
	at org.springframework.web.filter.OncePerRequestFilter.doFilter(OncePerRequestFilter.java:116)
	at org.springframework.security.web.FilterChainProxy$VirtualFilterChain.doFilter(FilterChainProxy.java:380)
	at org.springframework.security.web.authentication.logout.LogoutFilter.doFilter(LogoutFilter.java:110)
	at org.springframework.security.web.authentication.logout.LogoutFilter.doFilter(LogoutFilter.java:96)
	at org.springframework.security.web.FilterChainProxy$VirtualFilterChain.doFilter(FilterChainProxy.java:380)
	at org.springframework.web.filter.CorsFilter.doFilterInternal(CorsFilter.java:91)
	at org.springframework.web.filter.OncePerRequestFilter.doFilter(OncePerRequestFilter.java:116)
	at org.springframework.security.web.FilterChainProxy$VirtualFilterChain.doFilter(FilterChainProxy.java:380)
	at org.springframework.security.web.header.HeaderWriterFilter.doHeadersAfter(HeaderWriterFilter.java:90)
	at org.springframework.security.web.header.HeaderWriterFilter.doFilterInternal(HeaderWriterFilter.java:75)
	at org.springframework.web.filter.OncePerRequestFilter.doFilter(OncePerRequestFilter.java:116)
	at org.springframework.security.web.FilterChainProxy$VirtualFilterChain.doFilter(FilterChainProxy.java:380)
	at org.springframework.security.web.context.SecurityContextHolderFilter.doFilter(SecurityContextHolderFilter.java:82)
	at org.springframework.security.web.context.SecurityContextHolderFilter.doFilter(SecurityContextHolderFilter.java:69)
	at org.springframework.security.web.FilterChainProxy$VirtualFilterChain.doFilter(FilterChainProxy.java:380)
	at org.springframework.security.web.context.request.async.WebAsyncManagerIntegrationFilter.doFilterInternal(WebAsyncManagerIntegrationFilter.java:62)
	at org.springframework.web.filter.OncePerRequestFilter.doFilter(OncePerRequestFilter.java:116)
	at org.springframework.security.web.FilterChainProxy$VirtualFilterChain.doFilter(FilterChainProxy.java:380)
	at org.springframework.security.web.session.DisableEncodeUrlFilter.doFilterInternal(DisableEncodeUrlFilter.java:42)
	at org.springframework.web.filter.OncePerRequestFilter.doFilter(OncePerRequestFilter.java:116)
	at org.springframework.security.web.FilterChainProxy$VirtualFilterChain.doFilter(FilterChainProxy.java:380)
	at org.springframework.security.web.FilterChainProxy.doFilterInternal(FilterChainProxy.java:237)
	at org.springframework.security.web.FilterChainProxy.doFilter(FilterChainProxy.java:195)
	at org.springframework.web.filter.CompositeFilter$VirtualFilterChain.doFilter(CompositeFilter.java:113)
	at org.springframework.web.filter.ServletRequestPathFilter.doFilter(ServletRequestPathFilter.java:52)
	at org.springframework.web.filter.CompositeFilter$VirtualFilterChain.doFilter(CompositeFilter.java:113)
	at org.springframework.web.filter.CompositeFilter.doFilter(CompositeFilter.java:74)
	at org.springframework.security.config.annotation.web.configuration.WebSecurityConfiguration$CompositeFilterChainProxy.doFilter(WebSecurityConfiguration.java:317)
	at org.springframework.web.filter.DelegatingFilterProxy.invokeDelegate(DelegatingFilterProxy.java:355)
	at org.springframework.web.filter.DelegatingFilterProxy.doFilter(DelegatingFilterProxy.java:272)
	at org.apache.catalina.core.ApplicationFilterChain.doFilter(ApplicationFilterChain.java:107)
	at org.springframework.web.filter.RequestContextFilter.doFilterInternal(RequestContextFilter.java:100)
	at org.springframework.web.filter.OncePerRequestFilter.doFilter(OncePerRequestFilter.java:116)
	at org.apache.catalina.core.ApplicationFilterChain.doFilter(ApplicationFilterChain.java:107)
	at org.springframework.web.filter.FormContentFilter.doFilterInternal(FormContentFilter.java:93)
	at org.springframework.web.filter.OncePerRequestFilter.doFilter(OncePerRequestFilter.java:116)
	at org.apache.catalina.core.ApplicationFilterChain.doFilter(ApplicationFilterChain.java:107)
	at org.springframework.web.filter.CharacterEncodingFilter.doFilterInternal(CharacterEncodingFilter.java:199)
	at org.springframework.web.filter.OncePerRequestFilter.doFilter(OncePerRequestFilter.java:116)
	at org.apache.catalina.core.ApplicationFilterChain.doFilter(ApplicationFilterChain.java:107)
	at org.apache.catalina.core.StandardWrapperValve.invoke(StandardWrapperValve.java:165)
	at org.apache.catalina.core.StandardContextValve.invoke(StandardContextValve.java:77)
	at org.apache.catalina.authenticator.AuthenticatorBase.invoke(AuthenticatorBase.java:492)
	at org.apache.catalina.core.StandardHostValve.invoke(StandardHostValve.java:113)
	at org.apache.catalina.valves.ErrorReportValve.invoke(ErrorReportValve.java:83)
	at org.apache.catalina.core.StandardEngineValve.invoke(StandardEngineValve.java:72)
	at org.apache.catalina.connector.CoyoteAdapter.service(CoyoteAdapter.java:341)
	at org.apache.coyote.http11.Http11Processor.service(Http11Processor.java:397)
	at org.apache.coyote.AbstractProcessorLight.process(AbstractProcessorLight.java:63)
	at org.apache.coyote.AbstractProtocol$ConnectionHandler.process(AbstractProtocol.java:903)
	at org.apache.tomcat.util.net.NioEndpoint$SocketProcessor.doRun(NioEndpoint.java:1779)
	at org.apache.tomcat.util.net.SocketProcessorBase.run(SocketProcessorBase.java:52)
	at org.apache.tomcat.util.threads.ThreadPoolExecutor.runWorker(ThreadPoolExecutor.java:946)
	at org.apache.tomcat.util.threads.ThreadPoolExecutor$Worker.run(ThreadPoolExecutor.java:480)
	at org.apache.tomcat.util.threads.TaskThread$WrappingRunnable.run(TaskThread.java:57)
	at java.base/java.lang.Thread.run(Thread.java:840)
2026-04-11 11:41:57.814 [http-nio-8080-exec-10] DEBUG o.s.security.web.FilterChainProxy - Securing GET /api/lessons/all?tutorId=3
2026-04-11 11:41:57.814 [http-nio-8080-exec-3] DEBUG o.s.security.web.FilterChainProxy - Securing GET /api/subscriptions/tutor/3
2026-04-11 11:41:57.814 [http-nio-8080-exec-5] DEBUG o.s.w.s.m.m.a.HttpEntityMethodProcessor - Using 'application/json', given [application/json, text/plain, */*] and supported [application/json, application/*+json]
2026-04-11 11:41:57.815 [http-nio-8080-exec-5] DEBUG o.s.w.s.m.m.a.HttpEntityMethodProcessor - Writing [{error=Внутренняя ошибка сервера}]
2026-04-11 11:41:57.815 [http-nio-8080-exec-5] DEBUG o.s.w.s.m.m.a.ExceptionHandlerExceptionResolver - Resolved [java.lang.NullPointerException]
2026-04-11 11:41:57.816 [http-nio-8080-exec-5] DEBUG o.s.web.servlet.DispatcherServlet - Completed 500 INTERNAL_SERVER_ERROR
2026-04-11 11:41:57.816 [http-nio-8080-exec-7] DEBUG org.hibernate.SQL - 
    select
        s1_0.id,
        s1_0.birthday,
        s1_0.created_at,
        s1_0.email,
        s1_0.full_name,
        s1_0.parent_id,
        s1_0.parent_name,
        s1_0.parent_phone,
        s1_0.password_hash,
        s1_0.payment_type,
        s1_0.phone,
        s1_0.role 
    from
        student s1_0
2026-04-11 11:41:57.817 [http-nio-8080-exec-6] DEBUG o.s.w.s.m.m.a.ExceptionHandlerExceptionResolver - Using @ExceptionHandler com.example.demo.exception.GlobalExceptionHandler#handleRuntimeException(RuntimeException)
2026-04-11 11:41:57.818 [http-nio-8080-exec-8] DEBUG org.hibernate.SQL - 
    select
        t1_0.student_id,
        t1_1.id,
        t1_1.about,
        t1_1.avatar,
        t1_1.birthday,
        t1_1.city,
        t1_1.created_at,
        t1_1.email,
        t1_1.full_name,
        t1_1.is_active,
        t1_1.password_hash,
        t1_1.phone,
        t1_1.role 
    from
        student_tutor t1_0 
    join
        tutor t1_1 
            on t1_1.id=t1_0.tutor_id 
    where
        t1_0.student_id=?
2026-04-11 11:41:57.819 [http-nio-8080-exec-7] DEBUG org.hibernate.SQL - 
    select
        p1_0.id,
        p1_0.created_at,
        p1_0.email,
        p1_0.full_name,
        p1_0.password_hash,
        p1_0.phone,
        p1_0.role 
    from
        parent p1_0 
    where
        p1_0.id=?
2026-04-11 11:41:57.818 [http-nio-8080-exec-6] ERROR c.e.d.e.GlobalExceptionHandler - Ошибка выполнения: null
java.lang.NullPointerException
	at java.base/java.util.Objects.requireNonNull(Objects.java:209)
	at java.base/java.util.ImmutableCollections$Map1.<init>(ImmutableCollections.java:1105)
	at java.base/java.util.Map.of(Map.java:1353)
	at com.example.demo.controller.TutorController.getAvatar(TutorController.java:93)
	at java.base/jdk.internal.reflect.NativeMethodAccessorImpl.invoke0(Native Method)
	at java.base/jdk.internal.reflect.NativeMethodAccessorImpl.invoke(NativeMethodAccessorImpl.java:77)
	at java.base/jdk.internal.reflect.DelegatingMethodAccessorImpl.invoke(DelegatingMethodAccessorImpl.java:43)
	at java.base/java.lang.reflect.Method.invoke(Method.java:569)
	at org.springframework.web.method.support.InvocableHandlerMethod.doInvoke(InvocableHandlerMethod.java:252)
	at org.springframework.web.method.support.InvocableHandlerMethod.invokeForRequest(InvocableHandlerMethod.java:184)
	at org.springframework.web.servlet.mvc.method.annotation.ServletInvocableHandlerMethod.invokeAndHandle(ServletInvocableHandlerMethod.java:117)
	at org.springframework.web.servlet.mvc.method.annotation.RequestMappingHandlerAdapter.invokeHandlerMethod(RequestMappingHandlerAdapter.java:934)
	at org.springframework.web.servlet.mvc.method.annotation.RequestMappingHandlerAdapter.handleInternal(RequestMappingHandlerAdapter.java:853)
	at org.springframework.web.servlet.mvc.method.AbstractHandlerMethodAdapter.handle(AbstractHandlerMethodAdapter.java:86)
	at org.springframework.web.servlet.DispatcherServlet.doDispatch(DispatcherServlet.java:963)
	at org.springframework.web.servlet.DispatcherServlet.doService(DispatcherServlet.java:866)
	at org.springframework.web.servlet.FrameworkServlet.processRequest(FrameworkServlet.java:1000)
	at org.springframework.web.servlet.FrameworkServlet.doGet(FrameworkServlet.java:892)
	at jakarta.servlet.http.HttpServlet.service(HttpServlet.java:622)
	at org.springframework.web.servlet.FrameworkServlet.service(FrameworkServlet.java:874)
	at jakarta.servlet.http.HttpServlet.service(HttpServlet.java:710)
	at org.apache.catalina.core.ApplicationFilterChain.doFilter(ApplicationFilterChain.java:128)
	at org.apache.tomcat.websocket.server.WsFilter.doFilter(WsFilter.java:53)
	at org.apache.catalina.core.ApplicationFilterChain.doFilter(ApplicationFilterChain.java:107)
	at org.springframework.web.filter.OncePerRequestFilter.doFilter(OncePerRequestFilter.java:110)
	at org.apache.catalina.core.ApplicationFilterChain.doFilter(ApplicationFilterChain.java:107)
	at org.springframework.web.filter.CompositeFilter$VirtualFilterChain.doFilter(CompositeFilter.java:108)
	at org.springframework.security.web.FilterChainProxy.lambda$doFilterInternal$3(FilterChainProxy.java:235)
	at org.springframework.security.web.FilterChainProxy$VirtualFilterChain.doFilter(FilterChainProxy.java:371)
	at org.springframework.security.web.access.intercept.AuthorizationFilter.doFilter(AuthorizationFilter.java:101)
	at org.springframework.security.web.FilterChainProxy$VirtualFilterChain.doFilter(FilterChainProxy.java:380)
	at org.springframework.security.web.access.ExceptionTranslationFilter.doFilter(ExceptionTranslationFilter.java:126)
	at org.springframework.security.web.access.ExceptionTranslationFilter.doFilter(ExceptionTranslationFilter.java:120)
	at org.springframework.security.web.FilterChainProxy$VirtualFilterChain.doFilter(FilterChainProxy.java:380)
	at org.springframework.security.web.session.SessionManagementFilter.doFilter(SessionManagementFilter.java:132)
	at org.springframework.security.web.session.SessionManagementFilter.doFilter(SessionManagementFilter.java:86)
	at org.springframework.security.web.FilterChainProxy$VirtualFilterChain.doFilter(FilterChainProxy.java:380)
	at org.springframework.security.web.authentication.AnonymousAuthenticationFilter.doFilter(AnonymousAuthenticationFilter.java:100)
	at org.springframework.security.web.FilterChainProxy$VirtualFilterChain.doFilter(FilterChainProxy.java:380)
	at org.springframework.security.web.servletapi.SecurityContextHolderAwareRequestFilter.doFilter(SecurityContextHolderAwareRequestFilter.java:181)
	at org.springframework.security.web.FilterChainProxy$VirtualFilterChain.doFilter(FilterChainProxy.java:380)
	at org.springframework.security.web.savedrequest.RequestCacheAwareFilter.doFilter(RequestCacheAwareFilter.java:63)
	at org.springframework.security.web.FilterChainProxy$VirtualFilterChain.doFilter(FilterChainProxy.java:380)
	at com.example.demo.config.AuthTokenFilter.doFilterInternal(AuthTokenFilter.java:59)
	at org.springframework.web.filter.OncePerRequestFilter.doFilter(OncePerRequestFilter.java:116)
	at org.springframework.security.web.FilterChainProxy$VirtualFilterChain.doFilter(FilterChainProxy.java:380)
	at org.springframework.security.web.authentication.logout.LogoutFilter.doFilter(LogoutFilter.java:110)
	at org.springframework.security.web.authentication.logout.LogoutFilter.doFilter(LogoutFilter.java:96)
	at org.springframework.security.web.FilterChainProxy$VirtualFilterChain.doFilter(FilterChainProxy.java:380)
	at org.springframework.web.filter.CorsFilter.doFilterInternal(CorsFilter.java:91)
	at org.springframework.web.filter.OncePerRequestFilter.doFilter(OncePerRequestFilter.java:116)
	at org.springframework.security.web.FilterChainProxy$VirtualFilterChain.doFilter(FilterChainProxy.java:380)
	at org.springframework.security.web.header.HeaderWriterFilter.doHeadersAfter(HeaderWriterFilter.java:90)
	at org.springframework.security.web.header.HeaderWriterFilter.doFilterInternal(HeaderWriterFilter.java:75)
	at org.springframework.web.filter.OncePerRequestFilter.doFilter(OncePerRequestFilter.java:116)
	at org.springframework.security.web.FilterChainProxy$VirtualFilterChain.doFilter(FilterChainProxy.java:380)
	at org.springframework.security.web.context.SecurityContextHolderFilter.doFilter(SecurityContextHolderFilter.java:82)
	at org.springframework.security.web.context.SecurityContextHolderFilter.doFilter(SecurityContextHolderFilter.java:69)
	at org.springframework.security.web.FilterChainProxy$VirtualFilterChain.doFilter(FilterChainProxy.java:380)
	at org.springframework.security.web.context.request.async.WebAsyncManagerIntegrationFilter.doFilterInternal(WebAsyncManagerIntegrationFilter.java:62)
	at org.springframework.web.filter.OncePerRequestFilter.doFilter(OncePerRequestFilter.java:116)
	at org.springframework.security.web.FilterChainProxy$VirtualFilterChain.doFilter(FilterChainProxy.java:380)
	at org.springframework.security.web.session.DisableEncodeUrlFilter.doFilterInternal(DisableEncodeUrlFilter.java:42)
	at org.springframework.web.filter.OncePerRequestFilter.doFilter(OncePerRequestFilter.java:116)
	at org.springframework.security.web.FilterChainProxy$VirtualFilterChain.doFilter(FilterChainProxy.java:380)
	at org.springframework.security.web.FilterChainProxy.doFilterInternal(FilterChainProxy.java:237)
	at org.springframework.security.web.FilterChainProxy.doFilter(FilterChainProxy.java:195)
	at org.springframework.web.filter.CompositeFilter$VirtualFilterChain.doFilter(CompositeFilter.java:113)
	at org.springframework.web.filter.ServletRequestPathFilter.doFilter(ServletRequestPathFilter.java:52)
	at org.springframework.web.filter.CompositeFilter$VirtualFilterChain.doFilter(CompositeFilter.java:113)
	at org.springframework.web.filter.CompositeFilter.doFilter(CompositeFilter.java:74)
	at org.springframework.security.config.annotation.web.configuration.WebSecurityConfiguration$CompositeFilterChainProxy.doFilter(WebSecurityConfiguration.java:317)
	at org.springframework.web.filter.DelegatingFilterProxy.invokeDelegate(DelegatingFilterProxy.java:355)
	at org.springframework.web.filter.DelegatingFilterProxy.doFilter(DelegatingFilterProxy.java:272)
	at org.apache.catalina.core.ApplicationFilterChain.doFilter(ApplicationFilterChain.java:107)
	at org.springframework.web.filter.RequestContextFilter.doFilterInternal(RequestContextFilter.java:100)
	at org.springframework.web.filter.OncePerRequestFilter.doFilter(OncePerRequestFilter.java:116)
	at org.apache.catalina.core.ApplicationFilterChain.doFilter(ApplicationFilterChain.java:107)
	at org.springframework.web.filter.FormContentFilter.doFilterInternal(FormContentFilter.java:93)
	at org.springframework.web.filter.OncePerRequestFilter.doFilter(OncePerRequestFilter.java:116)
	at org.apache.catalina.core.ApplicationFilterChain.doFilter(ApplicationFilterChain.java:107)
	at org.springframework.web.filter.CharacterEncodingFilter.doFilterInternal(CharacterEncodingFilter.java:199)
	at org.springframework.web.filter.OncePerRequestFilter.doFilter(OncePerRequestFilter.java:116)
	at org.apache.catalina.core.ApplicationFilterChain.doFilter(ApplicationFilterChain.java:107)
	at org.apache.catalina.core.StandardWrapperValve.invoke(StandardWrapperValve.java:165)
	at org.apache.catalina.core.StandardContextValve.invoke(StandardContextValve.java:77)
	at org.apache.catalina.authenticator.AuthenticatorBase.invoke(AuthenticatorBase.java:492)
	at org.apache.catalina.core.StandardHostValve.invoke(StandardHostValve.java:113)
	at org.apache.catalina.valves.ErrorReportValve.invoke(ErrorReportValve.java:83)
	at org.apache.catalina.core.StandardEngineValve.invoke(StandardEngineValve.java:72)
	at org.apache.catalina.connector.CoyoteAdapter.service(CoyoteAdapter.java:341)
	at org.apache.coyote.http11.Http11Processor.service(Http11Processor.java:397)
	at org.apache.coyote.AbstractProcessorLight.process(AbstractProcessorLight.java:63)
	at org.apache.coyote.AbstractProtocol$ConnectionHandler.process(AbstractProtocol.java:903)
	at org.apache.tomcat.util.net.NioEndpoint$SocketProcessor.doRun(NioEndpoint.java:1779)
	at org.apache.tomcat.util.net.SocketProcessorBase.run(SocketProcessorBase.java:52)
	at org.apache.tomcat.util.threads.ThreadPoolExecutor.runWorker(ThreadPoolExecutor.java:946)
	at org.apache.tomcat.util.threads.ThreadPoolExecutor$Worker.run(ThreadPoolExecutor.java:480)
	at org.apache.tomcat.util.threads.TaskThread$WrappingRunnable.run(TaskThread.java:57)
	at java.base/java.lang.Thread.run(Thread.java:840)
2026-04-11 11:41:57.820 [http-nio-8080-exec-6] DEBUG o.s.w.s.m.m.a.HttpEntityMethodProcessor - Using 'application/json', given [application/json, text/plain, */*] and supported [application/json, application/*+json]
2026-04-11 11:41:57.820 [http-nio-8080-exec-6] DEBUG o.s.w.s.m.m.a.HttpEntityMethodProcessor - Writing [{error=Внутренняя ошибка сервера}]
2026-04-11 11:41:57.821 [http-nio-8080-exec-6] DEBUG o.s.w.s.m.m.a.ExceptionHandlerExceptionResolver - Resolved [java.lang.NullPointerException]
2026-04-11 11:41:57.821 [http-nio-8080-exec-8] DEBUG org.hibernate.SQL - 
    select
        r1_0.student_id,
        r1_0.id,
        r1_0.rate_per_lesson,
        r1_0.tutor_id,
        t1_0.id,
        t1_0.about,
        t1_0.avatar,
        t1_0.birthday,
        t1_0.city,
        t1_0.created_at,
        t1_0.email,
        t1_0.full_name,
        t1_0.is_active,
        t1_0.password_hash,
        t1_0.phone,
        t1_0.role 
    from
        student_rate r1_0 
    left join
        tutor t1_0 
            on t1_0.id=r1_0.tutor_id 
    where
        r1_0.student_id=?
2026-04-11 11:41:57.821 [http-nio-8080-exec-6] DEBUG o.s.web.servlet.DispatcherServlet - Completed 500 INTERNAL_SERVER_ERROR
2026-04-11 11:41:57.824 [http-nio-8080-exec-3] DEBUG o.s.security.web.FilterChainProxy - Secured GET /api/subscriptions/tutor/3
2026-04-11 11:41:57.824 [http-nio-8080-exec-3] DEBUG o.s.web.servlet.DispatcherServlet - GET "/api/subscriptions/tutor/3", parameters={}
2026-04-11 11:41:57.824 [http-nio-8080-exec-7] DEBUG org.hibernate.SQL - 
    select
        t1_0.student_id,
        t1_1.id,
        t1_1.about,
        t1_1.avatar,
        t1_1.birthday,
        t1_1.city,
        t1_1.created_at,
        t1_1.email,
        t1_1.full_name,
        t1_1.is_active,
        t1_1.password_hash,
        t1_1.phone,
        t1_1.role 
    from
        student_tutor t1_0 
    join
        tutor t1_1 
            on t1_1.id=t1_0.tutor_id 
    where
        t1_0.student_id=?
2026-04-11 11:41:57.825 [http-nio-8080-exec-3] DEBUG o.s.w.s.m.m.a.RequestMappingHandlerMapping - Mapped to com.example.demo.controller.SubscriptionController#getSubscriptionsByTutor(Long)
2026-04-11 11:41:57.825 [http-nio-8080-exec-10] DEBUG o.s.security.web.FilterChainProxy - Secured GET /api/lessons/all?tutorId=3
2026-04-11 11:41:57.825 [http-nio-8080-exec-3] DEBUG o.s.s.a.m.AuthorizationManagerBeforeMethodInterceptor - Authorizing method invocation ReflectiveMethodInvocation: public org.springframework.http.ResponseEntity com.example.demo.controller.SubscriptionController.getSubscriptionsByTutor(java.lang.Long); target is of class [com.example.demo.controller.SubscriptionController]
2026-04-11 11:41:57.825 [http-nio-8080-exec-8] DEBUG o.s.w.s.m.m.a.HttpEntityMethodProcessor - Using 'application/json', given [application/json, text/plain, */*] and supported [application/json, application/*+json]
2026-04-11 11:41:57.825 [http-nio-8080-exec-8] DEBUG o.s.w.s.m.m.a.HttpEntityMethodProcessor - Writing [[com.example.demo.entity.Student@38096372]]
2026-04-11 11:41:57.826 [http-nio-8080-exec-10] DEBUG o.s.web.servlet.DispatcherServlet - GET "/api/lessons/all?tutorId=3", parameters={masked}
2026-04-11 11:41:57.826 [http-nio-8080-exec-3] DEBUG o.s.s.a.m.AuthorizationManagerBeforeMethodInterceptor - Authorized method invocation ReflectiveMethodInvocation: public org.springframework.http.ResponseEntity com.example.demo.controller.SubscriptionController.getSubscriptionsByTutor(java.lang.Long); target is of class [com.example.demo.controller.SubscriptionController]
2026-04-11 11:41:57.826 [http-nio-8080-exec-10] DEBUG o.s.w.s.m.m.a.RequestMappingHandlerMapping - Mapped to com.example.demo.controller.LessonController#getAllLessons(Long, Long)
2026-04-11 11:41:57.826 [http-nio-8080-exec-3] DEBUG org.hibernate.SQL - 
    select
        s1_0.id,
        s1_0.created_at,
        s1_0.end_date,
        s1_0.lessons_count,
        s1_0.lessons_used,
        s1_0.paid_at,
        s1_0.price,
        s1_0.start_date,
        s1_0.status,
        s1_0.student_id,
        s1_0.tutor_id 
    from
        subscription s1_0 
    where
        s1_0.tutor_id=? 
    order by
        s1_0.start_date desc
2026-04-11 11:41:57.826 [http-nio-8080-exec-10] DEBUG o.s.s.a.m.AuthorizationManagerBeforeMethodInterceptor - Authorizing method invocation ReflectiveMethodInvocation: public org.springframework.http.ResponseEntity com.example.demo.controller.LessonController.getAllLessons(java.lang.Long,java.lang.Long); target is of class [com.example.demo.controller.LessonController]
2026-04-11 11:41:57.827 [http-nio-8080-exec-10] DEBUG o.s.s.a.m.AuthorizationManagerBeforeMethodInterceptor - Authorized method invocation ReflectiveMethodInvocation: public org.springframework.http.ResponseEntity com.example.demo.controller.LessonController.getAllLessons(java.lang.Long,java.lang.Long); target is of class [com.example.demo.controller.LessonController]
2026-04-11 11:41:57.827 [http-nio-8080-exec-8] DEBUG o.s.web.servlet.DispatcherServlet - Completed 200 OK
2026-04-11 11:41:57.827 [http-nio-8080-exec-10] DEBUG org.hibernate.SQL - 
    select
        l1_0.id,
        l1_0.completed_at,
        l1_0.course_id,
        l1_0.created_at,
        l1_0.end_time,
        l1_0.lesson_date,
        l1_0.next_lesson_plan,
        l1_0.notes,
        l1_0.original_lesson_id,
        l1_0.paid_at,
        l1_0.start_time,
        l1_0.status,
        l1_0.student_id,
        l1_0.tutor_id,
        l1_0.updated_at 
    from
        lesson l1_0 
    where
        l1_0.tutor_id=? 
    order by
        l1_0.lesson_date,
        l1_0.start_time
2026-04-11 11:41:57.828 [http-nio-8080-exec-7] DEBUG org.hibernate.SQL - 
    select
        r1_0.student_id,
        r1_0.id,
        r1_0.rate_per_lesson,
        r1_0.tutor_id,
        t1_0.id,
        t1_0.about,
        t1_0.avatar,
        t1_0.birthday,
        t1_0.city,
        t1_0.created_at,
        t1_0.email,
        t1_0.full_name,
        t1_0.is_active,
        t1_0.password_hash,
        t1_0.phone,
        t1_0.role 
    from
        student_rate r1_0 
    left join
        tutor t1_0 
            on t1_0.id=r1_0.tutor_id 
    where
        r1_0.student_id=?
2026-04-11 11:41:57.828 [http-nio-8080-exec-3] DEBUG o.s.w.s.m.m.a.HttpEntityMethodProcessor - Using 'application/json', given [application/json, text/plain, */*] and supported [application/json, application/*+json]
2026-04-11 11:41:57.828 [http-nio-8080-exec-3] DEBUG o.s.w.s.m.m.a.HttpEntityMethodProcessor - Writing [[]]
2026-04-11 11:41:57.829 [http-nio-8080-exec-3] DEBUG o.s.web.servlet.DispatcherServlet - Completed 200 OK
2026-04-11 11:41:57.829 [http-nio-8080-exec-10] DEBUG o.s.w.s.m.m.a.HttpEntityMethodProcessor - Using 'application/json', given [application/json, text/plain, */*] and supported [application/json, application/*+json]
2026-04-11 11:41:57.829 [http-nio-8080-exec-10] DEBUG o.s.w.s.m.m.a.HttpEntityMethodProcessor - Writing [[]]
2026-04-11 11:41:57.830 [http-nio-8080-exec-10] DEBUG o.s.web.servlet.DispatcherServlet - Completed 200 OK
2026-04-11 11:41:57.832 [http-nio-8080-exec-7] DEBUG o.s.w.s.m.m.a.HttpEntityMethodProcessor - Using 'application/json', given [application/json, text/plain, */*] and supported [application/json, application/*+json]
2026-04-11 11:41:57.833 [http-nio-8080-exec-7] DEBUG o.s.w.s.m.m.a.HttpEntityMethodProcessor - Writing [[com.example.demo.entity.Student@749cef4b]]
2026-04-11 11:41:57.834 [http-nio-8080-exec-7] DEBUG o.s.web.servlet.DispatcherServlet - Completed 200 OK
2026-04-11 11:42:26.823 [http-nio-8080-exec-1] DEBUG o.s.security.web.FilterChainProxy - Securing GET /api/tutors/3/avatar
2026-04-11 11:42:26.825 [http-nio-8080-exec-2] DEBUG o.s.security.web.FilterChainProxy - Securing GET /api/students/tutor/3
2026-04-11 11:42:26.826 [http-nio-8080-exec-9] DEBUG o.s.security.web.FilterChainProxy - Securing GET /api/lessons/all?tutorId=3
2026-04-11 11:42:26.828 [http-nio-8080-exec-4] DEBUG o.s.security.web.FilterChainProxy - Securing GET /api/students/tutor/3
2026-04-11 11:42:26.829 [http-nio-8080-exec-5] DEBUG o.s.security.web.FilterChainProxy - Securing GET /api/lessons/all?tutorId=3
2026-04-11 11:42:26.830 [http-nio-8080-exec-1] DEBUG o.s.security.web.FilterChainProxy - Secured GET /api/tutors/3/avatar
2026-04-11 11:42:26.830 [http-nio-8080-exec-1] DEBUG o.s.web.servlet.DispatcherServlet - GET "/api/tutors/3/avatar", parameters={}
2026-04-11 11:42:26.831 [http-nio-8080-exec-1] DEBUG o.s.w.s.m.m.a.RequestMappingHandlerMapping - Mapped to com.example.demo.controller.TutorController#getAvatar(Long)
2026-04-11 11:42:26.832 [http-nio-8080-exec-2] DEBUG o.s.security.web.FilterChainProxy - Secured GET /api/students/tutor/3
2026-04-11 11:42:26.832 [http-nio-8080-exec-2] DEBUG o.s.web.servlet.DispatcherServlet - GET "/api/students/tutor/3", parameters={}
2026-04-11 11:42:26.832 [http-nio-8080-exec-9] DEBUG o.s.security.web.FilterChainProxy - Secured GET /api/lessons/all?tutorId=3
2026-04-11 11:42:26.832 [http-nio-8080-exec-9] DEBUG o.s.web.servlet.DispatcherServlet - GET "/api/lessons/all?tutorId=3", parameters={masked}
2026-04-11 11:42:26.832 [http-nio-8080-exec-9] DEBUG o.s.w.s.m.m.a.RequestMappingHandlerMapping - Mapped to com.example.demo.controller.LessonController#getAllLessons(Long, Long)
2026-04-11 11:42:26.832 [http-nio-8080-exec-2] DEBUG o.s.w.s.m.m.a.RequestMappingHandlerMapping - Mapped to com.example.demo.controller.StudentController#getStudentsByTutor(Long, Long, String)
2026-04-11 11:42:26.832 [http-nio-8080-exec-1] DEBUG org.hibernate.SQL - 
    select
        t1_0.id,
        t1_0.about,
        t1_0.avatar,
        t1_0.birthday,
        t1_0.city,
        t1_0.created_at,
        t1_0.email,
        t1_0.full_name,
        t1_0.is_active,
        t1_0.password_hash,
        t1_0.phone,
        t1_0.role 
    from
        tutor t1_0 
    where
        t1_0.id=?
2026-04-11 11:42:26.833 [http-nio-8080-exec-9] DEBUG o.s.s.a.m.AuthorizationManagerBeforeMethodInterceptor - Authorizing method invocation ReflectiveMethodInvocation: public org.springframework.http.ResponseEntity com.example.demo.controller.LessonController.getAllLessons(java.lang.Long,java.lang.Long); target is of class [com.example.demo.controller.LessonController]
2026-04-11 11:42:26.833 [http-nio-8080-exec-2] DEBUG o.s.s.a.m.AuthorizationManagerBeforeMethodInterceptor - Authorizing method invocation ReflectiveMethodInvocation: public org.springframework.http.ResponseEntity com.example.demo.controller.StudentController.getStudentsByTutor(java.lang.Long,java.lang.Long,java.lang.String); target is of class [com.example.demo.controller.StudentController]
2026-04-11 11:42:26.833 [http-nio-8080-exec-2] DEBUG o.s.s.a.m.AuthorizationManagerBeforeMethodInterceptor - Authorized method invocation ReflectiveMethodInvocation: public org.springframework.http.ResponseEntity com.example.demo.controller.StudentController.getStudentsByTutor(java.lang.Long,java.lang.Long,java.lang.String); target is of class [com.example.demo.controller.StudentController]
2026-04-11 11:42:26.833 [http-nio-8080-exec-9] DEBUG o.s.s.a.m.AuthorizationManagerBeforeMethodInterceptor - Authorized method invocation ReflectiveMethodInvocation: public org.springframework.http.ResponseEntity com.example.demo.controller.LessonController.getAllLessons(java.lang.Long,java.lang.Long); target is of class [com.example.demo.controller.LessonController]
2026-04-11 11:42:26.833 [http-nio-8080-exec-6] DEBUG o.s.security.web.FilterChainProxy - Securing OPTIONS /api/courses/tutor/3
2026-04-11 11:42:26.834 [http-nio-8080-exec-9] DEBUG org.hibernate.SQL - 
    select
        l1_0.id,
        l1_0.completed_at,
        l1_0.course_id,
        l1_0.created_at,
        l1_0.end_time,
        l1_0.lesson_date,
        l1_0.next_lesson_plan,
        l1_0.notes,
        l1_0.original_lesson_id,
        l1_0.paid_at,
        l1_0.start_time,
        l1_0.status,
        l1_0.student_id,
        l1_0.tutor_id,
        l1_0.updated_at 
    from
        lesson l1_0 
    where
        l1_0.tutor_id=? 
    order by
        l1_0.lesson_date,
        l1_0.start_time
2026-04-11 11:42:26.835 [http-nio-8080-exec-4] DEBUG o.s.security.web.FilterChainProxy - Secured GET /api/students/tutor/3
2026-04-11 11:42:26.835 [http-nio-8080-exec-4] DEBUG o.s.web.servlet.DispatcherServlet - GET "/api/students/tutor/3", parameters={}
2026-04-11 11:42:26.835 [http-nio-8080-exec-8] DEBUG o.s.security.web.FilterChainProxy - Securing OPTIONS /api/payments/tutor/3
2026-04-11 11:42:26.835 [http-nio-8080-exec-2] DEBUG org.hibernate.SQL - 
    select
        s1_0.id,
        s1_0.birthday,
        s1_0.created_at,
        s1_0.email,
        s1_0.full_name,
        s1_0.parent_id,
        s1_0.parent_name,
        s1_0.parent_phone,
        s1_0.password_hash,
        s1_0.payment_type,
        s1_0.phone,
        s1_0.role 
    from
        student s1_0
2026-04-11 11:42:26.835 [http-nio-8080-exec-1] DEBUG o.s.w.s.m.m.a.ExceptionHandlerExceptionResolver - Using @ExceptionHandler com.example.demo.exception.GlobalExceptionHandler#handleRuntimeException(RuntimeException)
2026-04-11 11:42:26.835 [http-nio-8080-exec-4] DEBUG o.s.w.s.m.m.a.RequestMappingHandlerMapping - Mapped to com.example.demo.controller.StudentController#getStudentsByTutor(Long, Long, String)
2026-04-11 11:42:26.836 [http-nio-8080-exec-4] DEBUG o.s.s.a.m.AuthorizationManagerBeforeMethodInterceptor - Authorizing method invocation ReflectiveMethodInvocation: public org.springframework.http.ResponseEntity com.example.demo.controller.StudentController.getStudentsByTutor(java.lang.Long,java.lang.Long,java.lang.String); target is of class [com.example.demo.controller.StudentController]
2026-04-11 11:42:26.836 [http-nio-8080-exec-5] DEBUG o.s.security.web.FilterChainProxy - Secured GET /api/lessons/all?tutorId=3
2026-04-11 11:42:26.835 [http-nio-8080-exec-1] ERROR c.e.d.e.GlobalExceptionHandler - Ошибка выполнения: null
java.lang.NullPointerException
	at java.base/java.util.Objects.requireNonNull(Objects.java:209)
	at java.base/java.util.ImmutableCollections$Map1.<init>(ImmutableCollections.java:1105)
	at java.base/java.util.Map.of(Map.java:1353)
	at com.example.demo.controller.TutorController.getAvatar(TutorController.java:93)
	at java.base/jdk.internal.reflect.NativeMethodAccessorImpl.invoke0(Native Method)
	at java.base/jdk.internal.reflect.NativeMethodAccessorImpl.invoke(NativeMethodAccessorImpl.java:77)
	at java.base/jdk.internal.reflect.DelegatingMethodAccessorImpl.invoke(DelegatingMethodAccessorImpl.java:43)
	at java.base/java.lang.reflect.Method.invoke(Method.java:569)
	at org.springframework.web.method.support.InvocableHandlerMethod.doInvoke(InvocableHandlerMethod.java:252)
	at org.springframework.web.method.support.InvocableHandlerMethod.invokeForRequest(InvocableHandlerMethod.java:184)
	at org.springframework.web.servlet.mvc.method.annotation.ServletInvocableHandlerMethod.invokeAndHandle(ServletInvocableHandlerMethod.java:117)
	at org.springframework.web.servlet.mvc.method.annotation.RequestMappingHandlerAdapter.invokeHandlerMethod(RequestMappingHandlerAdapter.java:934)
	at org.springframework.web.servlet.mvc.method.annotation.RequestMappingHandlerAdapter.handleInternal(RequestMappingHandlerAdapter.java:853)
	at org.springframework.web.servlet.mvc.method.AbstractHandlerMethodAdapter.handle(AbstractHandlerMethodAdapter.java:86)
	at org.springframework.web.servlet.DispatcherServlet.doDispatch(DispatcherServlet.java:963)
	at org.springframework.web.servlet.DispatcherServlet.doService(DispatcherServlet.java:866)
	at org.springframework.web.servlet.FrameworkServlet.processRequest(FrameworkServlet.java:1000)
	at org.springframework.web.servlet.FrameworkServlet.doGet(FrameworkServlet.java:892)
	at jakarta.servlet.http.HttpServlet.service(HttpServlet.java:622)
	at org.springframework.web.servlet.FrameworkServlet.service(FrameworkServlet.java:874)
	at jakarta.servlet.http.HttpServlet.service(HttpServlet.java:710)
	at org.apache.catalina.core.ApplicationFilterChain.doFilter(ApplicationFilterChain.java:128)
	at org.apache.tomcat.websocket.server.WsFilter.doFilter(WsFilter.java:53)
	at org.apache.catalina.core.ApplicationFilterChain.doFilter(ApplicationFilterChain.java:107)
	at org.springframework.web.filter.OncePerRequestFilter.doFilter(OncePerRequestFilter.java:110)
	at org.apache.catalina.core.ApplicationFilterChain.doFilter(ApplicationFilterChain.java:107)
	at org.springframework.web.filter.CompositeFilter$VirtualFilterChain.doFilter(CompositeFilter.java:108)
	at org.springframework.security.web.FilterChainProxy.lambda$doFilterInternal$3(FilterChainProxy.java:235)
	at org.springframework.security.web.FilterChainProxy$VirtualFilterChain.doFilter(FilterChainProxy.java:371)
	at org.springframework.security.web.access.intercept.AuthorizationFilter.doFilter(AuthorizationFilter.java:101)
	at org.springframework.security.web.FilterChainProxy$VirtualFilterChain.doFilter(FilterChainProxy.java:380)
	at org.springframework.security.web.access.ExceptionTranslationFilter.doFilter(ExceptionTranslationFilter.java:126)
	at org.springframework.security.web.access.ExceptionTranslationFilter.doFilter(ExceptionTranslationFilter.java:120)
	at org.springframework.security.web.FilterChainProxy$VirtualFilterChain.doFilter(FilterChainProxy.java:380)
	at org.springframework.security.web.session.SessionManagementFilter.doFilter(SessionManagementFilter.java:132)
	at org.springframework.security.web.session.SessionManagementFilter.doFilter(SessionManagementFilter.java:86)
	at org.springframework.security.web.FilterChainProxy$VirtualFilterChain.doFilter(FilterChainProxy.java:380)
	at org.springframework.security.web.authentication.AnonymousAuthenticationFilter.doFilter(AnonymousAuthenticationFilter.java:100)
	at org.springframework.security.web.FilterChainProxy$VirtualFilterChain.doFilter(FilterChainProxy.java:380)
	at org.springframework.security.web.servletapi.SecurityContextHolderAwareRequestFilter.doFilter(SecurityContextHolderAwareRequestFilter.java:181)
	at org.springframework.security.web.FilterChainProxy$VirtualFilterChain.doFilter(FilterChainProxy.java:380)
	at org.springframework.security.web.savedrequest.RequestCacheAwareFilter.doFilter(RequestCacheAwareFilter.java:63)
	at org.springframework.security.web.FilterChainProxy$VirtualFilterChain.doFilter(FilterChainProxy.java:380)
	at com.example.demo.config.AuthTokenFilter.doFilterInternal(AuthTokenFilter.java:59)
	at org.springframework.web.filter.OncePerRequestFilter.doFilter(OncePerRequestFilter.java:116)
	at org.springframework.security.web.FilterChainProxy$VirtualFilterChain.doFilter(FilterChainProxy.java:380)
	at org.springframework.security.web.authentication.logout.LogoutFilter.doFilter(LogoutFilter.java:110)
	at org.springframework.security.web.authentication.logout.LogoutFilter.doFilter(LogoutFilter.java:96)
	at org.springframework.security.web.FilterChainProxy$VirtualFilterChain.doFilter(FilterChainProxy.java:380)
	at org.springframework.web.filter.CorsFilter.doFilterInternal(CorsFilter.java:91)
	at org.springframework.web.filter.OncePerRequestFilter.doFilter(OncePerRequestFilter.java:116)
	at org.springframework.security.web.FilterChainProxy$VirtualFilterChain.doFilter(FilterChainProxy.java:380)
	at org.springframework.security.web.header.HeaderWriterFilter.doHeadersAfter(HeaderWriterFilter.java:90)
	at org.springframework.security.web.header.HeaderWriterFilter.doFilterInternal(HeaderWriterFilter.java:75)
	at org.springframework.web.filter.OncePerRequestFilter.doFilter(OncePerRequestFilter.java:116)
	at org.springframework.security.web.FilterChainProxy$VirtualFilterChain.doFilter(FilterChainProxy.java:380)
	at org.springframework.security.web.context.SecurityContextHolderFilter.doFilter(SecurityContextHolderFilter.java:82)
	at org.springframework.security.web.context.SecurityContextHolderFilter.doFilter(SecurityContextHolderFilter.java:69)
	at org.springframework.security.web.FilterChainProxy$VirtualFilterChain.doFilter(FilterChainProxy.java:380)
	at org.springframework.security.web.context.request.async.WebAsyncManagerIntegrationFilter.doFilterInternal(WebAsyncManagerIntegrationFilter.java:62)
	at org.springframework.web.filter.OncePerRequestFilter.doFilter(OncePerRequestFilter.java:116)
	at org.springframework.security.web.FilterChainProxy$VirtualFilterChain.doFilter(FilterChainProxy.java:380)
	at org.springframework.security.web.session.DisableEncodeUrlFilter.doFilterInternal(DisableEncodeUrlFilter.java:42)
	at org.springframework.web.filter.OncePerRequestFilter.doFilter(OncePerRequestFilter.java:116)
	at org.springframework.security.web.FilterChainProxy$VirtualFilterChain.doFilter(FilterChainProxy.java:380)
	at org.springframework.security.web.FilterChainProxy.doFilterInternal(FilterChainProxy.java:237)
	at org.springframework.security.web.FilterChainProxy.doFilter(FilterChainProxy.java:195)
	at org.springframework.web.filter.CompositeFilter$VirtualFilterChain.doFilter(CompositeFilter.java:113)
	at org.springframework.web.filter.ServletRequestPathFilter.doFilter(ServletRequestPathFilter.java:52)
	at org.springframework.web.filter.CompositeFilter$VirtualFilterChain.doFilter(CompositeFilter.java:113)
	at org.springframework.web.filter.CompositeFilter.doFilter(CompositeFilter.java:74)
	at org.springframework.security.config.annotation.web.configuration.WebSecurityConfiguration$CompositeFilterChainProxy.doFilter(WebSecurityConfiguration.java:317)
	at org.springframework.web.filter.DelegatingFilterProxy.invokeDelegate(DelegatingFilterProxy.java:355)
	at org.springframework.web.filter.DelegatingFilterProxy.doFilter(DelegatingFilterProxy.java:272)
	at org.apache.catalina.core.ApplicationFilterChain.doFilter(ApplicationFilterChain.java:107)
	at org.springframework.web.filter.RequestContextFilter.doFilterInternal(RequestContextFilter.java:100)
	at org.springframework.web.filter.OncePerRequestFilter.doFilter(OncePerRequestFilter.java:116)
	at org.apache.catalina.core.ApplicationFilterChain.doFilter(ApplicationFilterChain.java:107)
	at org.springframework.web.filter.FormContentFilter.doFilterInternal(FormContentFilter.java:93)
	at org.springframework.web.filter.OncePerRequestFilter.doFilter(OncePerRequestFilter.java:116)
	at org.apache.catalina.core.ApplicationFilterChain.doFilter(ApplicationFilterChain.java:107)
	at org.springframework.web.filter.CharacterEncodingFilter.doFilterInternal(CharacterEncodingFilter.java:199)
	at org.springframework.web.filter.OncePerRequestFilter.doFilter(OncePerRequestFilter.java:116)
	at org.apache.catalina.core.ApplicationFilterChain.doFilter(ApplicationFilterChain.java:107)
	at org.apache.catalina.core.StandardWrapperValve.invoke(StandardWrapperValve.java:165)
	at org.apache.catalina.core.StandardContextValve.invoke(StandardContextValve.java:77)
	at org.apache.catalina.authenticator.AuthenticatorBase.invoke(AuthenticatorBase.java:492)
	at org.apache.catalina.core.StandardHostValve.invoke(StandardHostValve.java:113)
	at org.apache.catalina.valves.ErrorReportValve.invoke(ErrorReportValve.java:83)
	at org.apache.catalina.core.StandardEngineValve.invoke(StandardEngineValve.java:72)
	at org.apache.catalina.connector.CoyoteAdapter.service(CoyoteAdapter.java:341)
	at org.apache.coyote.http11.Http11Processor.service(Http11Processor.java:397)
	at org.apache.coyote.AbstractProcessorLight.process(AbstractProcessorLight.java:63)
	at org.apache.coyote.AbstractProtocol$ConnectionHandler.process(AbstractProtocol.java:903)
	at org.apache.tomcat.util.net.NioEndpoint$SocketProcessor.doRun(NioEndpoint.java:1779)
	at org.apache.tomcat.util.net.SocketProcessorBase.run(SocketProcessorBase.java:52)
	at org.apache.tomcat.util.threads.ThreadPoolExecutor.runWorker(ThreadPoolExecutor.java:946)
	at org.apache.tomcat.util.threads.ThreadPoolExecutor$Worker.run(ThreadPoolExecutor.java:480)
	at org.apache.tomcat.util.threads.TaskThread$WrappingRunnable.run(TaskThread.java:57)
	at java.base/java.lang.Thread.run(Thread.java:840)
2026-04-11 11:42:26.836 [http-nio-8080-exec-2] DEBUG org.hibernate.SQL - 
    select
        p1_0.id,
        p1_0.created_at,
        p1_0.email,
        p1_0.full_name,
        p1_0.password_hash,
        p1_0.phone,
        p1_0.role 
    from
        parent p1_0 
    where
        p1_0.id=?
2026-04-11 11:42:26.836 [http-nio-8080-exec-5] DEBUG o.s.web.servlet.DispatcherServlet - GET "/api/lessons/all?tutorId=3", parameters={masked}
2026-04-11 11:42:26.836 [http-nio-8080-exec-4] DEBUG o.s.s.a.m.AuthorizationManagerBeforeMethodInterceptor - Authorized method invocation ReflectiveMethodInvocation: public org.springframework.http.ResponseEntity com.example.demo.controller.StudentController.getStudentsByTutor(java.lang.Long,java.lang.Long,java.lang.String); target is of class [com.example.demo.controller.StudentController]
2026-04-11 11:42:26.837 [http-nio-8080-exec-5] DEBUG o.s.w.s.m.m.a.RequestMappingHandlerMapping - Mapped to com.example.demo.controller.LessonController#getAllLessons(Long, Long)
2026-04-11 11:42:26.837 [http-nio-8080-exec-1] DEBUG o.s.w.s.m.m.a.HttpEntityMethodProcessor - Using 'application/json', given [application/json, text/plain, */*] and supported [application/json, application/*+json]
2026-04-11 11:42:26.837 [http-nio-8080-exec-1] DEBUG o.s.w.s.m.m.a.HttpEntityMethodProcessor - Writing [{error=Внутренняя ошибка сервера}]
2026-04-11 11:42:26.837 [http-nio-8080-exec-8] DEBUG o.s.security.web.FilterChainProxy - Securing OPTIONS /api/courses/tutor/3
2026-04-11 11:42:26.837 [http-nio-8080-exec-5] DEBUG o.s.s.a.m.AuthorizationManagerBeforeMethodInterceptor - Authorizing method invocation ReflectiveMethodInvocation: public org.springframework.http.ResponseEntity com.example.demo.controller.LessonController.getAllLessons(java.lang.Long,java.lang.Long); target is of class [com.example.demo.controller.LessonController]
2026-04-11 11:42:26.837 [http-nio-8080-exec-5] DEBUG o.s.s.a.m.AuthorizationManagerBeforeMethodInterceptor - Authorized method invocation ReflectiveMethodInvocation: public org.springframework.http.ResponseEntity com.example.demo.controller.LessonController.getAllLessons(java.lang.Long,java.lang.Long); target is of class [com.example.demo.controller.LessonController]
2026-04-11 11:42:26.838 [http-nio-8080-exec-9] DEBUG o.s.w.s.m.m.a.HttpEntityMethodProcessor - Using 'application/json', given [application/json, text/plain, */*] and supported [application/json, application/*+json]
2026-04-11 11:42:26.838 [http-nio-8080-exec-9] DEBUG o.s.w.s.m.m.a.HttpEntityMethodProcessor - Writing [[]]
2026-04-11 11:42:26.838 [http-nio-8080-exec-5] DEBUG org.hibernate.SQL - 
    select
        l1_0.id,
        l1_0.completed_at,
        l1_0.course_id,
        l1_0.created_at,
        l1_0.end_time,
        l1_0.lesson_date,
        l1_0.next_lesson_plan,
        l1_0.notes,
        l1_0.original_lesson_id,
        l1_0.paid_at,
        l1_0.start_time,
        l1_0.status,
        l1_0.student_id,
        l1_0.tutor_id,
        l1_0.updated_at 
    from
        lesson l1_0 
    where
        l1_0.tutor_id=? 
    order by
        l1_0.lesson_date,
        l1_0.start_time
2026-04-11 11:42:26.838 [http-nio-8080-exec-2] DEBUG org.hibernate.SQL - 
    select
        t1_0.student_id,
        t1_1.id,
        t1_1.about,
        t1_1.avatar,
        t1_1.birthday,
        t1_1.city,
        t1_1.created_at,
        t1_1.email,
        t1_1.full_name,
        t1_1.is_active,
        t1_1.password_hash,
        t1_1.phone,
        t1_1.role 
    from
        student_tutor t1_0 
    join
        tutor t1_1 
            on t1_1.id=t1_0.tutor_id 
    where
        t1_0.student_id=?
2026-04-11 11:42:26.838 [http-nio-8080-exec-1] DEBUG o.s.w.s.m.m.a.ExceptionHandlerExceptionResolver - Resolved [java.lang.NullPointerException]
2026-04-11 11:42:26.838 [http-nio-8080-exec-4] DEBUG org.hibernate.SQL - 
    select
        s1_0.id,
        s1_0.birthday,
        s1_0.created_at,
        s1_0.email,
        s1_0.full_name,
        s1_0.parent_id,
        s1_0.parent_name,
        s1_0.parent_phone,
        s1_0.password_hash,
        s1_0.payment_type,
        s1_0.phone,
        s1_0.role 
    from
        student s1_0
2026-04-11 11:42:26.838 [http-nio-8080-exec-1] DEBUG o.s.web.servlet.DispatcherServlet - Completed 500 INTERNAL_SERVER_ERROR
2026-04-11 11:42:26.838 [http-nio-8080-exec-9] DEBUG o.s.web.servlet.DispatcherServlet - Completed 200 OK
2026-04-11 11:42:26.839 [http-nio-8080-exec-9] DEBUG o.s.security.web.FilterChainProxy - Securing OPTIONS /api/payments/tutor/3
2026-04-11 11:42:26.839 [http-nio-8080-exec-3] DEBUG o.s.security.web.FilterChainProxy - Securing GET /api/courses/tutor/3
2026-04-11 11:42:26.840 [http-nio-8080-exec-5] DEBUG o.s.w.s.m.m.a.HttpEntityMethodProcessor - Using 'application/json', given [application/json, text/plain, */*] and supported [application/json, application/*+json]
2026-04-11 11:42:26.840 [http-nio-8080-exec-5] DEBUG o.s.w.s.m.m.a.HttpEntityMethodProcessor - Writing [[]]
2026-04-11 11:42:26.840 [http-nio-8080-exec-2] DEBUG org.hibernate.SQL - 
    select
        r1_0.student_id,
        r1_0.id,
        r1_0.rate_per_lesson,
        r1_0.tutor_id,
        t1_0.id,
        t1_0.about,
        t1_0.avatar,
        t1_0.birthday,
        t1_0.city,
        t1_0.created_at,
        t1_0.email,
        t1_0.full_name,
        t1_0.is_active,
        t1_0.password_hash,
        t1_0.phone,
        t1_0.role 
    from
        student_rate r1_0 
    left join
        tutor t1_0 
            on t1_0.id=r1_0.tutor_id 
    where
        r1_0.student_id=?
2026-04-11 11:42:26.841 [http-nio-8080-exec-5] DEBUG o.s.web.servlet.DispatcherServlet - Completed 200 OK
2026-04-11 11:42:26.842 [http-nio-8080-exec-10] DEBUG o.s.security.web.FilterChainProxy - Securing GET /api/payments/tutor/3
2026-04-11 11:42:26.842 [http-nio-8080-exec-7] DEBUG o.s.security.web.FilterChainProxy - Securing GET /api/courses/tutor/3
2026-04-11 11:42:26.842 [http-nio-8080-exec-4] DEBUG org.hibernate.SQL - 
    select
        p1_0.id,
        p1_0.created_at,
        p1_0.email,
        p1_0.full_name,
        p1_0.password_hash,
        p1_0.phone,
        p1_0.role 
    from
        parent p1_0 
    where
        p1_0.id=?
2026-04-11 11:42:26.843 [http-nio-8080-exec-2] DEBUG o.s.w.s.m.m.a.HttpEntityMethodProcessor - Using 'application/json', given [application/json, text/plain, */*] and supported [application/json, application/*+json]
2026-04-11 11:42:26.843 [http-nio-8080-exec-2] DEBUG o.s.w.s.m.m.a.HttpEntityMethodProcessor - Writing [[com.example.demo.entity.Student@406446fa]]
2026-04-11 11:42:26.844 [http-nio-8080-exec-2] DEBUG o.s.web.servlet.DispatcherServlet - Completed 200 OK
2026-04-11 11:42:26.845 [http-nio-8080-exec-6] DEBUG o.s.security.web.FilterChainProxy - Securing GET /api/payments/tutor/3
2026-04-11 11:42:26.846 [http-nio-8080-exec-4] DEBUG org.hibernate.SQL - 
    select
        t1_0.student_id,
        t1_1.id,
        t1_1.about,
        t1_1.avatar,
        t1_1.birthday,
        t1_1.city,
        t1_1.created_at,
        t1_1.email,
        t1_1.full_name,
        t1_1.is_active,
        t1_1.password_hash,
        t1_1.phone,
        t1_1.role 
    from
        student_tutor t1_0 
    join
        tutor t1_1 
            on t1_1.id=t1_0.tutor_id 
    where
        t1_0.student_id=?
2026-04-11 11:42:26.848 [http-nio-8080-exec-3] DEBUG o.s.security.web.FilterChainProxy - Secured GET /api/courses/tutor/3
2026-04-11 11:42:26.848 [http-nio-8080-exec-3] DEBUG o.s.web.servlet.DispatcherServlet - GET "/api/courses/tutor/3", parameters={}
2026-04-11 11:42:26.848 [http-nio-8080-exec-10] DEBUG o.s.security.web.FilterChainProxy - Secured GET /api/payments/tutor/3
2026-04-11 11:42:26.848 [http-nio-8080-exec-10] DEBUG o.s.web.servlet.DispatcherServlet - GET "/api/payments/tutor/3", parameters={}
2026-04-11 11:42:26.849 [http-nio-8080-exec-10] DEBUG o.s.w.s.m.m.a.RequestMappingHandlerMapping - Mapped to com.example.demo.controller.PaymentController#getPaymentsByTutor(Long)
2026-04-11 11:42:26.849 [http-nio-8080-exec-3] DEBUG o.s.w.s.m.m.a.RequestMappingHandlerMapping - Mapped to com.example.demo.controller.CourseController#getCoursesByTutor(Long)
2026-04-11 11:42:26.849 [http-nio-8080-exec-7] DEBUG o.s.security.web.FilterChainProxy - Secured GET /api/courses/tutor/3
2026-04-11 11:42:26.849 [http-nio-8080-exec-7] DEBUG o.s.web.servlet.DispatcherServlet - GET "/api/courses/tutor/3", parameters={}
2026-04-11 11:42:26.849 [http-nio-8080-exec-7] DEBUG o.s.w.s.m.m.a.RequestMappingHandlerMapping - Mapped to com.example.demo.controller.CourseController#getCoursesByTutor(Long)
2026-04-11 11:42:26.850 [http-nio-8080-exec-4] DEBUG org.hibernate.SQL - 
    select
        r1_0.student_id,
        r1_0.id,
        r1_0.rate_per_lesson,
        r1_0.tutor_id,
        t1_0.id,
        t1_0.about,
        t1_0.avatar,
        t1_0.birthday,
        t1_0.city,
        t1_0.created_at,
        t1_0.email,
        t1_0.full_name,
        t1_0.is_active,
        t1_0.password_hash,
        t1_0.phone,
        t1_0.role 
    from
        student_rate r1_0 
    left join
        tutor t1_0 
            on t1_0.id=r1_0.tutor_id 
    where
        r1_0.student_id=?
2026-04-11 11:42:26.852 [http-nio-8080-exec-10] DEBUG org.hibernate.SQL - 
    select
        p1_0.id,
        p1_0.amount,
        p1_0.confirmed_by_parent,
        p1_0.course_name,
        p1_0.created_at,
        p1_0.lesson_id,
        p1_0.lesson_date,
        p1_0.notes,
        p1_0.payment_date,
        p1_0.payment_type,
        p1_0.status,
        p1_0.student_id,
        p1_0.subscription_id,
        p1_0.tutor_id,
        p1_0.tutor_name 
    from
        payment p1_0 
    where
        p1_0.tutor_id=?
2026-04-11 11:42:26.852 [http-nio-8080-exec-3] DEBUG org.hibernate.SQL - 
    select
        c1_0.id,
        c1_0.color,
        c1_0.created_at,
        c1_0.description,
        c1_0.name,
        c1_0.tutor_id 
    from
        course c1_0 
    where
        c1_0.tutor_id=?
2026-04-11 11:42:26.852 [http-nio-8080-exec-7] DEBUG org.hibernate.SQL - 
    select
        c1_0.id,
        c1_0.color,
        c1_0.created_at,
        c1_0.description,
        c1_0.name,
        c1_0.tutor_id 
    from
        course c1_0 
    where
        c1_0.tutor_id=?
2026-04-11 11:42:26.852 [http-nio-8080-exec-6] DEBUG o.s.security.web.FilterChainProxy - Secured GET /api/payments/tutor/3
2026-04-11 11:42:26.852 [http-nio-8080-exec-6] DEBUG o.s.web.servlet.DispatcherServlet - GET "/api/payments/tutor/3", parameters={}
2026-04-11 11:42:26.853 [http-nio-8080-exec-6] DEBUG o.s.w.s.m.m.a.RequestMappingHandlerMapping - Mapped to com.example.demo.controller.PaymentController#getPaymentsByTutor(Long)
2026-04-11 11:42:26.854 [http-nio-8080-exec-4] DEBUG o.s.w.s.m.m.a.HttpEntityMethodProcessor - Using 'application/json', given [application/json, text/plain, */*] and supported [application/json, application/*+json]
2026-04-11 11:42:26.854 [http-nio-8080-exec-4] DEBUG o.s.w.s.m.m.a.HttpEntityMethodProcessor - Writing [[com.example.demo.entity.Student@2122cb54]]
2026-04-11 11:42:26.854 [http-nio-8080-exec-7] DEBUG o.s.w.s.m.m.a.HttpEntityMethodProcessor - Using 'application/json', given [application/json, text/plain, */*] and supported [application/json, application/*+json]
2026-04-11 11:42:26.854 [http-nio-8080-exec-6] DEBUG org.hibernate.SQL - 
    select
        p1_0.id,
        p1_0.amount,
        p1_0.confirmed_by_parent,
        p1_0.course_name,
        p1_0.created_at,
        p1_0.lesson_id,
        p1_0.lesson_date,
        p1_0.notes,
        p1_0.payment_date,
        p1_0.payment_type,
        p1_0.status,
        p1_0.student_id,
        p1_0.subscription_id,
        p1_0.tutor_id,
        p1_0.tutor_name 
    from
        payment p1_0 
    where
        p1_0.tutor_id=?
2026-04-11 11:42:26.854 [http-nio-8080-exec-3] DEBUG o.s.w.s.m.m.a.HttpEntityMethodProcessor - Using 'application/json', given [application/json, text/plain, */*] and supported [application/json, application/*+json]
2026-04-11 11:42:26.854 [http-nio-8080-exec-10] DEBUG o.s.w.s.m.m.a.HttpEntityMethodProcessor - Using 'application/json', given [application/json, text/plain, */*] and supported [application/json, application/*+json]
2026-04-11 11:42:26.854 [http-nio-8080-exec-7] DEBUG o.s.w.s.m.m.a.HttpEntityMethodProcessor - Writing [[]]
2026-04-11 11:42:26.854 [http-nio-8080-exec-3] DEBUG o.s.w.s.m.m.a.HttpEntityMethodProcessor - Writing [[]]
2026-04-11 11:42:26.854 [http-nio-8080-exec-10] DEBUG o.s.w.s.m.m.a.HttpEntityMethodProcessor - Writing [[]]
2026-04-11 11:42:26.855 [http-nio-8080-exec-3] DEBUG o.s.web.servlet.DispatcherServlet - Completed 200 OK
2026-04-11 11:42:26.855 [http-nio-8080-exec-4] DEBUG o.s.web.servlet.DispatcherServlet - Completed 200 OK
2026-04-11 11:42:26.855 [http-nio-8080-exec-10] DEBUG o.s.web.servlet.DispatcherServlet - Completed 200 OK
2026-04-11 11:42:26.855 [http-nio-8080-exec-7] DEBUG o.s.web.servlet.DispatcherServlet - Completed 200 OK
2026-04-11 11:42:26.857 [http-nio-8080-exec-6] DEBUG o.s.w.s.m.m.a.HttpEntityMethodProcessor - Using 'application/json', given [application/json, text/plain, */*] and supported [application/json, application/*+json]
2026-04-11 11:42:26.857 [http-nio-8080-exec-6] DEBUG o.s.w.s.m.m.a.HttpEntityMethodProcessor - Writing [[]]
2026-04-11 11:42:26.858 [http-nio-8080-exec-6] DEBUG o.s.web.servlet.DispatcherServlet - Completed 200 OK
2026-04-11 11:42:28.252 [http-nio-8080-exec-8] DEBUG o.s.security.web.FilterChainProxy - Securing GET /api/tutors/3/avatar
2026-04-11 11:42:28.254 [http-nio-8080-exec-1] DEBUG o.s.security.web.FilterChainProxy - Securing GET /api/lessons/all?tutorId=3
2026-04-11 11:42:28.256 [http-nio-8080-exec-5] DEBUG o.s.security.web.FilterChainProxy - Securing GET /api/courses/tutor/3
2026-04-11 11:42:28.256 [http-nio-8080-exec-9] DEBUG o.s.security.web.FilterChainProxy - Securing GET /api/students/tutor/3
2026-04-11 11:42:28.257 [http-nio-8080-exec-7] DEBUG o.s.security.web.FilterChainProxy - Securing GET /api/students/tutor/3
2026-04-11 11:42:28.257 [http-nio-8080-exec-2] DEBUG o.s.security.web.FilterChainProxy - Securing GET /api/lessons/all?tutorId=3
2026-04-11 11:42:28.259 [http-nio-8080-exec-10] DEBUG o.s.security.web.FilterChainProxy - Securing GET /api/courses/tutor/3
2026-04-11 11:42:28.260 [http-nio-8080-exec-8] DEBUG o.s.security.web.FilterChainProxy - Secured GET /api/tutors/3/avatar
2026-04-11 11:42:28.260 [http-nio-8080-exec-8] DEBUG o.s.web.servlet.DispatcherServlet - GET "/api/tutors/3/avatar", parameters={}
2026-04-11 11:42:28.261 [http-nio-8080-exec-8] DEBUG o.s.w.s.m.m.a.RequestMappingHandlerMapping - Mapped to com.example.demo.controller.TutorController#getAvatar(Long)
2026-04-11 11:42:28.262 [http-nio-8080-exec-1] DEBUG o.s.security.web.FilterChainProxy - Secured GET /api/lessons/all?tutorId=3
2026-04-11 11:42:28.262 [http-nio-8080-exec-1] DEBUG o.s.web.servlet.DispatcherServlet - GET "/api/lessons/all?tutorId=3", parameters={masked}
2026-04-11 11:42:28.262 [http-nio-8080-exec-1] DEBUG o.s.w.s.m.m.a.RequestMappingHandlerMapping - Mapped to com.example.demo.controller.LessonController#getAllLessons(Long, Long)
2026-04-11 11:42:28.262 [http-nio-8080-exec-7] DEBUG o.s.security.web.FilterChainProxy - Secured GET /api/students/tutor/3
2026-04-11 11:42:28.262 [http-nio-8080-exec-7] DEBUG o.s.web.servlet.DispatcherServlet - GET "/api/students/tutor/3", parameters={}
2026-04-11 11:42:28.263 [http-nio-8080-exec-1] DEBUG o.s.s.a.m.AuthorizationManagerBeforeMethodInterceptor - Authorizing method invocation ReflectiveMethodInvocation: public org.springframework.http.ResponseEntity com.example.demo.controller.LessonController.getAllLessons(java.lang.Long,java.lang.Long); target is of class [com.example.demo.controller.LessonController]
2026-04-11 11:42:28.263 [http-nio-8080-exec-9] DEBUG o.s.security.web.FilterChainProxy - Secured GET /api/students/tutor/3
2026-04-11 11:42:28.263 [http-nio-8080-exec-5] DEBUG o.s.security.web.FilterChainProxy - Secured GET /api/courses/tutor/3
2026-04-11 11:42:28.263 [http-nio-8080-exec-2] DEBUG o.s.security.web.FilterChainProxy - Secured GET /api/lessons/all?tutorId=3
2026-04-11 11:42:28.263 [http-nio-8080-exec-7] DEBUG o.s.w.s.m.m.a.RequestMappingHandlerMapping - Mapped to com.example.demo.controller.StudentController#getStudentsByTutor(Long, Long, String)
2026-04-11 11:42:28.263 [http-nio-8080-exec-9] DEBUG o.s.web.servlet.DispatcherServlet - GET "/api/students/tutor/3", parameters={}
2026-04-11 11:42:28.263 [http-nio-8080-exec-5] DEBUG o.s.web.servlet.DispatcherServlet - GET "/api/courses/tutor/3", parameters={}
2026-04-11 11:42:28.263 [http-nio-8080-exec-2] DEBUG o.s.web.servlet.DispatcherServlet - GET "/api/lessons/all?tutorId=3", parameters={masked}
2026-04-11 11:42:28.263 [http-nio-8080-exec-1] DEBUG o.s.s.a.m.AuthorizationManagerBeforeMethodInterceptor - Authorized method invocation ReflectiveMethodInvocation: public org.springframework.http.ResponseEntity com.example.demo.controller.LessonController.getAllLessons(java.lang.Long,java.lang.Long); target is of class [com.example.demo.controller.LessonController]
2026-04-11 11:42:28.263 [http-nio-8080-exec-2] DEBUG o.s.w.s.m.m.a.RequestMappingHandlerMapping - Mapped to com.example.demo.controller.LessonController#getAllLessons(Long, Long)
2026-04-11 11:42:28.263 [http-nio-8080-exec-5] DEBUG o.s.w.s.m.m.a.RequestMappingHandlerMapping - Mapped to com.example.demo.controller.CourseController#getCoursesByTutor(Long)
2026-04-11 11:42:28.263 [http-nio-8080-exec-7] DEBUG o.s.s.a.m.AuthorizationManagerBeforeMethodInterceptor - Authorizing method invocation ReflectiveMethodInvocation: public org.springframework.http.ResponseEntity com.example.demo.controller.StudentController.getStudentsByTutor(java.lang.Long,java.lang.Long,java.lang.String); target is of class [com.example.demo.controller.StudentController]
2026-04-11 11:42:28.263 [http-nio-8080-exec-9] DEBUG o.s.w.s.m.m.a.RequestMappingHandlerMapping - Mapped to com.example.demo.controller.StudentController#getStudentsByTutor(Long, Long, String)
2026-04-11 11:42:28.263 [http-nio-8080-exec-8] DEBUG org.hibernate.SQL - 
    select
        t1_0.id,
        t1_0.about,
        t1_0.avatar,
        t1_0.birthday,
        t1_0.city,
        t1_0.created_at,
        t1_0.email,
        t1_0.full_name,
        t1_0.is_active,
        t1_0.password_hash,
        t1_0.phone,
        t1_0.role 
    from
        tutor t1_0 
    where
        t1_0.id=?
2026-04-11 11:42:28.263 [http-nio-8080-exec-2] DEBUG o.s.s.a.m.AuthorizationManagerBeforeMethodInterceptor - Authorizing method invocation ReflectiveMethodInvocation: public org.springframework.http.ResponseEntity com.example.demo.controller.LessonController.getAllLessons(java.lang.Long,java.lang.Long); target is of class [com.example.demo.controller.LessonController]
2026-04-11 11:42:28.263 [http-nio-8080-exec-7] DEBUG o.s.s.a.m.AuthorizationManagerBeforeMethodInterceptor - Authorized method invocation ReflectiveMethodInvocation: public org.springframework.http.ResponseEntity com.example.demo.controller.StudentController.getStudentsByTutor(java.lang.Long,java.lang.Long,java.lang.String); target is of class [com.example.demo.controller.StudentController]
2026-04-11 11:42:28.263 [http-nio-8080-exec-2] DEBUG o.s.s.a.m.AuthorizationManagerBeforeMethodInterceptor - Authorized method invocation ReflectiveMethodInvocation: public org.springframework.http.ResponseEntity com.example.demo.controller.LessonController.getAllLessons(java.lang.Long,java.lang.Long); target is of class [com.example.demo.controller.LessonController]
2026-04-11 11:42:28.263 [http-nio-8080-exec-9] DEBUG o.s.s.a.m.AuthorizationManagerBeforeMethodInterceptor - Authorizing method invocation ReflectiveMethodInvocation: public org.springframework.http.ResponseEntity com.example.demo.controller.StudentController.getStudentsByTutor(java.lang.Long,java.lang.Long,java.lang.String); target is of class [com.example.demo.controller.StudentController]
2026-04-11 11:42:28.263 [http-nio-8080-exec-9] DEBUG o.s.s.a.m.AuthorizationManagerBeforeMethodInterceptor - Authorized method invocation ReflectiveMethodInvocation: public org.springframework.http.ResponseEntity com.example.demo.controller.StudentController.getStudentsByTutor(java.lang.Long,java.lang.Long,java.lang.String); target is of class [com.example.demo.controller.StudentController]
2026-04-11 11:42:28.263 [http-nio-8080-exec-1] DEBUG org.hibernate.SQL - 
    select
        l1_0.id,
        l1_0.completed_at,
        l1_0.course_id,
        l1_0.created_at,
        l1_0.end_time,
        l1_0.lesson_date,
        l1_0.next_lesson_plan,
        l1_0.notes,
        l1_0.original_lesson_id,
        l1_0.paid_at,
        l1_0.start_time,
        l1_0.status,
        l1_0.student_id,
        l1_0.tutor_id,
        l1_0.updated_at 
    from
        lesson l1_0 
    where
        l1_0.tutor_id=? 
    order by
        l1_0.lesson_date,
        l1_0.start_time
2026-04-11 11:42:28.264 [http-nio-8080-exec-5] DEBUG org.hibernate.SQL - 
    select
        c1_0.id,
        c1_0.color,
        c1_0.created_at,
        c1_0.description,
        c1_0.name,
        c1_0.tutor_id 
    from
        course c1_0 
    where
        c1_0.tutor_id=?
2026-04-11 11:42:28.264 [http-nio-8080-exec-2] DEBUG org.hibernate.SQL - 
    select
        l1_0.id,
        l1_0.completed_at,
        l1_0.course_id,
        l1_0.created_at,
        l1_0.end_time,
        l1_0.lesson_date,
        l1_0.next_lesson_plan,
        l1_0.notes,
        l1_0.original_lesson_id,
        l1_0.paid_at,
        l1_0.start_time,
        l1_0.status,
        l1_0.student_id,
        l1_0.tutor_id,
        l1_0.updated_at 
    from
        lesson l1_0 
    where
        l1_0.tutor_id=? 
    order by
        l1_0.lesson_date,
        l1_0.start_time
2026-04-11 11:42:28.265 [http-nio-8080-exec-2] DEBUG o.s.w.s.m.m.a.HttpEntityMethodProcessor - Using 'application/json', given [application/json, text/plain, */*] and supported [application/json, application/*+json]
2026-04-11 11:42:28.265 [http-nio-8080-exec-1] DEBUG o.s.w.s.m.m.a.HttpEntityMethodProcessor - Using 'application/json', given [application/json, text/plain, */*] and supported [application/json, application/*+json]
2026-04-11 11:42:28.265 [http-nio-8080-exec-9] DEBUG org.hibernate.SQL - 
    select
        s1_0.id,
        s1_0.birthday,
        s1_0.created_at,
        s1_0.email,
        s1_0.full_name,
        s1_0.parent_id,
        s1_0.parent_name,
        s1_0.parent_phone,
        s1_0.password_hash,
        s1_0.payment_type,
        s1_0.phone,
        s1_0.role 
    from
        student s1_0
2026-04-11 11:42:28.265 [http-nio-8080-exec-2] DEBUG o.s.w.s.m.m.a.HttpEntityMethodProcessor - Writing [[]]
2026-04-11 11:42:28.265 [http-nio-8080-exec-7] DEBUG org.hibernate.SQL - 
    select
        s1_0.id,
        s1_0.birthday,
        s1_0.created_at,
        s1_0.email,
        s1_0.full_name,
        s1_0.parent_id,
        s1_0.parent_name,
        s1_0.parent_phone,
        s1_0.password_hash,
        s1_0.payment_type,
        s1_0.phone,
        s1_0.role 
    from
        student s1_0
2026-04-11 11:42:28.265 [http-nio-8080-exec-1] DEBUG o.s.w.s.m.m.a.HttpEntityMethodProcessor - Writing [[]]
2026-04-11 11:42:28.265 [http-nio-8080-exec-10] DEBUG o.s.security.web.FilterChainProxy - Secured GET /api/courses/tutor/3
2026-04-11 11:42:28.265 [http-nio-8080-exec-10] DEBUG o.s.web.servlet.DispatcherServlet - GET "/api/courses/tutor/3", parameters={}
2026-04-11 11:42:28.265 [http-nio-8080-exec-8] DEBUG o.s.w.s.m.m.a.ExceptionHandlerExceptionResolver - Using @ExceptionHandler com.example.demo.exception.GlobalExceptionHandler#handleRuntimeException(RuntimeException)
2026-04-11 11:42:28.266 [http-nio-8080-exec-2] DEBUG o.s.web.servlet.DispatcherServlet - Completed 200 OK
2026-04-11 11:42:28.266 [http-nio-8080-exec-10] DEBUG o.s.w.s.m.m.a.RequestMappingHandlerMapping - Mapped to com.example.demo.controller.CourseController#getCoursesByTutor(Long)
2026-04-11 11:42:28.266 [http-nio-8080-exec-1] DEBUG o.s.web.servlet.DispatcherServlet - Completed 200 OK
2026-04-11 11:42:28.266 [http-nio-8080-exec-9] DEBUG org.hibernate.SQL - 
    select
        p1_0.id,
        p1_0.created_at,
        p1_0.email,
        p1_0.full_name,
        p1_0.password_hash,
        p1_0.phone,
        p1_0.role 
    from
        parent p1_0 
    where
        p1_0.id=?
2026-04-11 11:42:28.266 [http-nio-8080-exec-7] DEBUG org.hibernate.SQL - 
    select
        p1_0.id,
        p1_0.created_at,
        p1_0.email,
        p1_0.full_name,
        p1_0.password_hash,
        p1_0.phone,
        p1_0.role 
    from
        parent p1_0 
    where
        p1_0.id=?
2026-04-11 11:42:28.266 [http-nio-8080-exec-5] DEBUG o.s.w.s.m.m.a.HttpEntityMethodProcessor - Using 'application/json', given [application/json, text/plain, */*] and supported [application/json, application/*+json]
2026-04-11 11:42:28.266 [http-nio-8080-exec-5] DEBUG o.s.w.s.m.m.a.HttpEntityMethodProcessor - Writing [[]]
2026-04-11 11:42:28.265 [http-nio-8080-exec-8] ERROR c.e.d.e.GlobalExceptionHandler - Ошибка выполнения: null
java.lang.NullPointerException
	at java.base/java.util.Objects.requireNonNull(Objects.java:209)
	at java.base/java.util.ImmutableCollections$Map1.<init>(ImmutableCollections.java:1105)
	at java.base/java.util.Map.of(Map.java:1353)
	at com.example.demo.controller.TutorController.getAvatar(TutorController.java:93)
	at java.base/jdk.internal.reflect.NativeMethodAccessorImpl.invoke0(Native Method)
	at java.base/jdk.internal.reflect.NativeMethodAccessorImpl.invoke(NativeMethodAccessorImpl.java:77)
	at java.base/jdk.internal.reflect.DelegatingMethodAccessorImpl.invoke(DelegatingMethodAccessorImpl.java:43)
	at java.base/java.lang.reflect.Method.invoke(Method.java:569)
	at org.springframework.web.method.support.InvocableHandlerMethod.doInvoke(InvocableHandlerMethod.java:252)
	at org.springframework.web.method.support.InvocableHandlerMethod.invokeForRequest(InvocableHandlerMethod.java:184)
	at org.springframework.web.servlet.mvc.method.annotation.ServletInvocableHandlerMethod.invokeAndHandle(ServletInvocableHandlerMethod.java:117)
	at org.springframework.web.servlet.mvc.method.annotation.RequestMappingHandlerAdapter.invokeHandlerMethod(RequestMappingHandlerAdapter.java:934)
	at org.springframework.web.servlet.mvc.method.annotation.RequestMappingHandlerAdapter.handleInternal(RequestMappingHandlerAdapter.java:853)
	at org.springframework.web.servlet.mvc.method.AbstractHandlerMethodAdapter.handle(AbstractHandlerMethodAdapter.java:86)
	at org.springframework.web.servlet.DispatcherServlet.doDispatch(DispatcherServlet.java:963)
	at org.springframework.web.servlet.DispatcherServlet.doService(DispatcherServlet.java:866)
	at org.springframework.web.servlet.FrameworkServlet.processRequest(FrameworkServlet.java:1000)
	at org.springframework.web.servlet.FrameworkServlet.doGet(FrameworkServlet.java:892)
	at jakarta.servlet.http.HttpServlet.service(HttpServlet.java:622)
	at org.springframework.web.servlet.FrameworkServlet.service(FrameworkServlet.java:874)
	at jakarta.servlet.http.HttpServlet.service(HttpServlet.java:710)
	at org.apache.catalina.core.ApplicationFilterChain.doFilter(ApplicationFilterChain.java:128)
	at org.apache.tomcat.websocket.server.WsFilter.doFilter(WsFilter.java:53)
	at org.apache.catalina.core.ApplicationFilterChain.doFilter(ApplicationFilterChain.java:107)
	at org.springframework.web.filter.OncePerRequestFilter.doFilter(OncePerRequestFilter.java:110)
	at org.apache.catalina.core.ApplicationFilterChain.doFilter(ApplicationFilterChain.java:107)
	at org.springframework.web.filter.CompositeFilter$VirtualFilterChain.doFilter(CompositeFilter.java:108)
	at org.springframework.security.web.FilterChainProxy.lambda$doFilterInternal$3(FilterChainProxy.java:235)
	at org.springframework.security.web.FilterChainProxy$VirtualFilterChain.doFilter(FilterChainProxy.java:371)
	at org.springframework.security.web.access.intercept.AuthorizationFilter.doFilter(AuthorizationFilter.java:101)
	at org.springframework.security.web.FilterChainProxy$VirtualFilterChain.doFilter(FilterChainProxy.java:380)
	at org.springframework.security.web.access.ExceptionTranslationFilter.doFilter(ExceptionTranslationFilter.java:126)
	at org.springframework.security.web.access.ExceptionTranslationFilter.doFilter(ExceptionTranslationFilter.java:120)
	at org.springframework.security.web.FilterChainProxy$VirtualFilterChain.doFilter(FilterChainProxy.java:380)
	at org.springframework.security.web.session.SessionManagementFilter.doFilter(SessionManagementFilter.java:132)
	at org.springframework.security.web.session.SessionManagementFilter.doFilter(SessionManagementFilter.java:86)
	at org.springframework.security.web.FilterChainProxy$VirtualFilterChain.doFilter(FilterChainProxy.java:380)
	at org.springframework.security.web.authentication.AnonymousAuthenticationFilter.doFilter(AnonymousAuthenticationFilter.java:100)
	at org.springframework.security.web.FilterChainProxy$VirtualFilterChain.doFilter(FilterChainProxy.java:380)
	at org.springframework.security.web.servletapi.SecurityContextHolderAwareRequestFilter.doFilter(SecurityContextHolderAwareRequestFilter.java:181)
	at org.springframework.security.web.FilterChainProxy$VirtualFilterChain.doFilter(FilterChainProxy.java:380)
	at org.springframework.security.web.savedrequest.RequestCacheAwareFilter.doFilter(RequestCacheAwareFilter.java:63)
	at org.springframework.security.web.FilterChainProxy$VirtualFilterChain.doFilter(FilterChainProxy.java:380)
	at com.example.demo.config.AuthTokenFilter.doFilterInternal(AuthTokenFilter.java:59)
	at org.springframework.web.filter.OncePerRequestFilter.doFilter(OncePerRequestFilter.java:116)
	at org.springframework.security.web.FilterChainProxy$VirtualFilterChain.doFilter(FilterChainProxy.java:380)
	at org.springframework.security.web.authentication.logout.LogoutFilter.doFilter(LogoutFilter.java:110)
	at org.springframework.security.web.authentication.logout.LogoutFilter.doFilter(LogoutFilter.java:96)
	at org.springframework.security.web.FilterChainProxy$VirtualFilterChain.doFilter(FilterChainProxy.java:380)
	at org.springframework.web.filter.CorsFilter.doFilterInternal(CorsFilter.java:91)
	at org.springframework.web.filter.OncePerRequestFilter.doFilter(OncePerRequestFilter.java:116)
	at org.springframework.security.web.FilterChainProxy$VirtualFilterChain.doFilter(FilterChainProxy.java:380)
	at org.springframework.security.web.header.HeaderWriterFilter.doHeadersAfter(HeaderWriterFilter.java:90)
	at org.springframework.security.web.header.HeaderWriterFilter.doFilterInternal(HeaderWriterFilter.java:75)
	at org.springframework.web.filter.OncePerRequestFilter.doFilter(OncePerRequestFilter.java:116)
	at org.springframework.security.web.FilterChainProxy$VirtualFilterChain.doFilter(FilterChainProxy.java:380)
	at org.springframework.security.web.context.SecurityContextHolderFilter.doFilter(SecurityContextHolderFilter.java:82)
	at org.springframework.security.web.context.SecurityContextHolderFilter.doFilter(SecurityContextHolderFilter.java:69)
	at org.springframework.security.web.FilterChainProxy$VirtualFilterChain.doFilter(FilterChainProxy.java:380)
	at org.springframework.security.web.context.request.async.WebAsyncManagerIntegrationFilter.doFilterInternal(WebAsyncManagerIntegrationFilter.java:62)
	at org.springframework.web.filter.OncePerRequestFilter.doFilter(OncePerRequestFilter.java:116)
	at org.springframework.security.web.FilterChainProxy$VirtualFilterChain.doFilter(FilterChainProxy.java:380)
	at org.springframework.security.web.session.DisableEncodeUrlFilter.doFilterInternal(DisableEncodeUrlFilter.java:42)
	at org.springframework.web.filter.OncePerRequestFilter.doFilter(OncePerRequestFilter.java:116)
	at org.springframework.security.web.FilterChainProxy$VirtualFilterChain.doFilter(FilterChainProxy.java:380)
	at org.springframework.security.web.FilterChainProxy.doFilterInternal(FilterChainProxy.java:237)
	at org.springframework.security.web.FilterChainProxy.doFilter(FilterChainProxy.java:195)
	at org.springframework.web.filter.CompositeFilter$VirtualFilterChain.doFilter(CompositeFilter.java:113)
	at org.springframework.web.filter.ServletRequestPathFilter.doFilter(ServletRequestPathFilter.java:52)
	at org.springframework.web.filter.CompositeFilter$VirtualFilterChain.doFilter(CompositeFilter.java:113)
	at org.springframework.web.filter.CompositeFilter.doFilter(CompositeFilter.java:74)
	at org.springframework.security.config.annotation.web.configuration.WebSecurityConfiguration$CompositeFilterChainProxy.doFilter(WebSecurityConfiguration.java:317)
	at org.springframework.web.filter.DelegatingFilterProxy.invokeDelegate(DelegatingFilterProxy.java:355)
	at org.springframework.web.filter.DelegatingFilterProxy.doFilter(DelegatingFilterProxy.java:272)
	at org.apache.catalina.core.ApplicationFilterChain.doFilter(ApplicationFilterChain.java:107)
	at org.springframework.web.filter.RequestContextFilter.doFilterInternal(RequestContextFilter.java:100)
	at org.springframework.web.filter.OncePerRequestFilter.doFilter(OncePerRequestFilter.java:116)
	at org.apache.catalina.core.ApplicationFilterChain.doFilter(ApplicationFilterChain.java:107)
	at org.springframework.web.filter.FormContentFilter.doFilterInternal(FormContentFilter.java:93)
	at org.springframework.web.filter.OncePerRequestFilter.doFilter(OncePerRequestFilter.java:116)
	at org.apache.catalina.core.ApplicationFilterChain.doFilter(ApplicationFilterChain.java:107)
	at org.springframework.web.filter.CharacterEncodingFilter.doFilterInternal(CharacterEncodingFilter.java:199)
	at org.springframework.web.filter.OncePerRequestFilter.doFilter(OncePerRequestFilter.java:116)
	at org.apache.catalina.core.ApplicationFilterChain.doFilter(ApplicationFilterChain.java:107)
	at org.apache.catalina.core.StandardWrapperValve.invoke(StandardWrapperValve.java:165)
	at org.apache.catalina.core.StandardContextValve.invoke(StandardContextValve.java:77)
	at org.apache.catalina.authenticator.AuthenticatorBase.invoke(AuthenticatorBase.java:492)
	at org.apache.catalina.core.StandardHostValve.invoke(StandardHostValve.java:113)
	at org.apache.catalina.valves.ErrorReportValve.invoke(ErrorReportValve.java:83)
	at org.apache.catalina.core.StandardEngineValve.invoke(StandardEngineValve.java:72)
	at org.apache.catalina.connector.CoyoteAdapter.service(CoyoteAdapter.java:341)
	at org.apache.coyote.http11.Http11Processor.service(Http11Processor.java:397)
	at org.apache.coyote.AbstractProcessorLight.process(AbstractProcessorLight.java:63)
	at org.apache.coyote.AbstractProtocol$ConnectionHandler.process(AbstractProtocol.java:903)
	at org.apache.tomcat.util.net.NioEndpoint$SocketProcessor.doRun(NioEndpoint.java:1779)
	at org.apache.tomcat.util.net.SocketProcessorBase.run(SocketProcessorBase.java:52)
	at org.apache.tomcat.util.threads.ThreadPoolExecutor.runWorker(ThreadPoolExecutor.java:946)
	at org.apache.tomcat.util.threads.ThreadPoolExecutor$Worker.run(ThreadPoolExecutor.java:480)
	at org.apache.tomcat.util.threads.TaskThread$WrappingRunnable.run(TaskThread.java:57)
	at java.base/java.lang.Thread.run(Thread.java:840)
2026-04-11 11:42:28.266 [http-nio-8080-exec-8] DEBUG o.s.w.s.m.m.a.HttpEntityMethodProcessor - Using 'application/json', given [application/json, text/plain, */*] and supported [application/json, application/*+json]
2026-04-11 11:42:28.267 [http-nio-8080-exec-8] DEBUG o.s.w.s.m.m.a.HttpEntityMethodProcessor - Writing [{error=Внутренняя ошибка сервера}]
2026-04-11 11:42:28.267 [http-nio-8080-exec-5] DEBUG o.s.web.servlet.DispatcherServlet - Completed 200 OK
2026-04-11 11:42:28.267 [http-nio-8080-exec-4] DEBUG o.s.security.web.FilterChainProxy - Securing OPTIONS /api/weekly-template/tutor/3
2026-04-11 11:42:28.267 [http-nio-8080-exec-8] DEBUG o.s.w.s.m.m.a.ExceptionHandlerExceptionResolver - Resolved [java.lang.NullPointerException]
2026-04-11 11:42:28.267 [http-nio-8080-exec-10] DEBUG org.hibernate.SQL - 
    select
        c1_0.id,
        c1_0.color,
        c1_0.created_at,
        c1_0.description,
        c1_0.name,
        c1_0.tutor_id 
    from
        course c1_0 
    where
        c1_0.tutor_id=?
2026-04-11 11:42:28.267 [http-nio-8080-exec-8] DEBUG o.s.web.servlet.DispatcherServlet - Completed 500 INTERNAL_SERVER_ERROR
2026-04-11 11:42:28.267 [http-nio-8080-exec-9] DEBUG org.hibernate.SQL - 
    select
        t1_0.student_id,
        t1_1.id,
        t1_1.about,
        t1_1.avatar,
        t1_1.birthday,
        t1_1.city,
        t1_1.created_at,
        t1_1.email,
        t1_1.full_name,
        t1_1.is_active,
        t1_1.password_hash,
        t1_1.phone,
        t1_1.role 
    from
        student_tutor t1_0 
    join
        tutor t1_1 
            on t1_1.id=t1_0.tutor_id 
    where
        t1_0.student_id=?
2026-04-11 11:42:28.268 [http-nio-8080-exec-7] DEBUG org.hibernate.SQL - 
    select
        t1_0.student_id,
        t1_1.id,
        t1_1.about,
        t1_1.avatar,
        t1_1.birthday,
        t1_1.city,
        t1_1.created_at,
        t1_1.email,
        t1_1.full_name,
        t1_1.is_active,
        t1_1.password_hash,
        t1_1.phone,
        t1_1.role 
    from
        student_tutor t1_0 
    join
        tutor t1_1 
            on t1_1.id=t1_0.tutor_id 
    where
        t1_0.student_id=?
2026-04-11 11:42:28.268 [http-nio-8080-exec-3] DEBUG o.s.security.web.FilterChainProxy - Securing OPTIONS /api/weekly-template/tutor/3
2026-04-11 11:42:28.268 [http-nio-8080-exec-10] DEBUG o.s.w.s.m.m.a.HttpEntityMethodProcessor - Using 'application/json', given [application/json, text/plain, */*] and supported [application/json, application/*+json]
2026-04-11 11:42:28.268 [http-nio-8080-exec-9] DEBUG org.hibernate.SQL - 
    select
        r1_0.student_id,
        r1_0.id,
        r1_0.rate_per_lesson,
        r1_0.tutor_id,
        t1_0.id,
        t1_0.about,
        t1_0.avatar,
        t1_0.birthday,
        t1_0.city,
        t1_0.created_at,
        t1_0.email,
        t1_0.full_name,
        t1_0.is_active,
        t1_0.password_hash,
        t1_0.phone,
        t1_0.role 
    from
        student_rate r1_0 
    left join
        tutor t1_0 
            on t1_0.id=r1_0.tutor_id 
    where
        r1_0.student_id=?
2026-04-11 11:42:28.268 [http-nio-8080-exec-10] DEBUG o.s.w.s.m.m.a.HttpEntityMethodProcessor - Writing [[]]
2026-04-11 11:42:28.269 [http-nio-8080-exec-7] DEBUG org.hibernate.SQL - 
    select
        r1_0.student_id,
        r1_0.id,
        r1_0.rate_per_lesson,
        r1_0.tutor_id,
        t1_0.id,
        t1_0.about,
        t1_0.avatar,
        t1_0.birthday,
        t1_0.city,
        t1_0.created_at,
        t1_0.email,
        t1_0.full_name,
        t1_0.is_active,
        t1_0.password_hash,
        t1_0.phone,
        t1_0.role 
    from
        student_rate r1_0 
    left join
        tutor t1_0 
            on t1_0.id=r1_0.tutor_id 
    where
        r1_0.student_id=?
2026-04-11 11:42:28.269 [http-nio-8080-exec-10] DEBUG o.s.web.servlet.DispatcherServlet - Completed 200 OK
2026-04-11 11:42:28.270 [http-nio-8080-exec-9] DEBUG o.s.w.s.m.m.a.HttpEntityMethodProcessor - Using 'application/json', given [application/json, text/plain, */*] and supported [application/json, application/*+json]
2026-04-11 11:42:28.270 [http-nio-8080-exec-9] DEBUG o.s.w.s.m.m.a.HttpEntityMethodProcessor - Writing [[com.example.demo.entity.Student@70937161]]
2026-04-11 11:42:28.270 [http-nio-8080-exec-7] DEBUG o.s.w.s.m.m.a.HttpEntityMethodProcessor - Using 'application/json', given [application/json, text/plain, */*] and supported [application/json, application/*+json]
2026-04-11 11:42:28.271 [http-nio-8080-exec-7] DEBUG o.s.w.s.m.m.a.HttpEntityMethodProcessor - Writing [[com.example.demo.entity.Student@4d995ce7]]
2026-04-11 11:42:28.271 [http-nio-8080-exec-9] DEBUG o.s.web.servlet.DispatcherServlet - Completed 200 OK
2026-04-11 11:42:28.271 [http-nio-8080-exec-7] DEBUG o.s.web.servlet.DispatcherServlet - Completed 200 OK
2026-04-11 11:42:28.272 [http-nio-8080-exec-1] DEBUG o.s.security.web.FilterChainProxy - Securing GET /api/weekly-template/tutor/3
2026-04-11 11:42:28.272 [http-nio-8080-exec-6] DEBUG o.s.security.web.FilterChainProxy - Securing GET /api/weekly-template/tutor/3
2026-04-11 11:42:28.277 [http-nio-8080-exec-1] DEBUG o.s.security.web.FilterChainProxy - Secured GET /api/weekly-template/tutor/3
2026-04-11 11:42:28.277 [http-nio-8080-exec-6] DEBUG o.s.security.web.FilterChainProxy - Secured GET /api/weekly-template/tutor/3
2026-04-11 11:42:28.277 [http-nio-8080-exec-1] DEBUG o.s.web.servlet.DispatcherServlet - GET "/api/weekly-template/tutor/3", parameters={}
2026-04-11 11:42:28.277 [http-nio-8080-exec-6] DEBUG o.s.web.servlet.DispatcherServlet - GET "/api/weekly-template/tutor/3", parameters={}
2026-04-11 11:42:28.278 [http-nio-8080-exec-1] DEBUG o.s.w.s.m.m.a.RequestMappingHandlerMapping - Mapped to com.example.demo.controller.WeeklyTemplateController#getTemplates(Long)
2026-04-11 11:42:28.278 [http-nio-8080-exec-6] DEBUG o.s.w.s.m.m.a.RequestMappingHandlerMapping - Mapped to com.example.demo.controller.WeeklyTemplateController#getTemplates(Long)
2026-04-11 11:42:28.281 [http-nio-8080-exec-6] DEBUG org.hibernate.SQL - 
    select
        wt1_0.id,
        wt1_0.course_id,
        wt1_0.created_at,
        wt1_0.day_of_week,
        wt1_0.end_time,
        wt1_0.start_time,
        wt1_0.status,
        wt1_0.student_id,
        wt1_0.tutor_id 
    from
        weekly_template wt1_0 
    where
        wt1_0.tutor_id=?
2026-04-11 11:42:28.281 [http-nio-8080-exec-1] DEBUG org.hibernate.SQL - 
    select
        wt1_0.id,
        wt1_0.course_id,
        wt1_0.created_at,
        wt1_0.day_of_week,
        wt1_0.end_time,
        wt1_0.start_time,
        wt1_0.status,
        wt1_0.student_id,
        wt1_0.tutor_id 
    from
        weekly_template wt1_0 
    where
        wt1_0.tutor_id=?
2026-04-11 11:42:28.284 [http-nio-8080-exec-6] DEBUG o.s.w.s.m.m.a.HttpEntityMethodProcessor - Using 'application/json', given [application/json, text/plain, */*] and supported [application/json, application/*+json]
2026-04-11 11:42:28.284 [http-nio-8080-exec-1] DEBUG o.s.w.s.m.m.a.HttpEntityMethodProcessor - Using 'application/json', given [application/json, text/plain, */*] and supported [application/json, application/*+json]
2026-04-11 11:42:28.284 [http-nio-8080-exec-6] DEBUG o.s.w.s.m.m.a.HttpEntityMethodProcessor - Writing [[]]
2026-04-11 11:42:28.284 [http-nio-8080-exec-1] DEBUG o.s.w.s.m.m.a.HttpEntityMethodProcessor - Writing [[]]
2026-04-11 11:42:28.284 [http-nio-8080-exec-6] DEBUG o.s.web.servlet.DispatcherServlet - Completed 200 OK
2026-04-11 11:42:28.284 [http-nio-8080-exec-1] DEBUG o.s.web.servlet.DispatcherServlet - Completed 200 OK
2026-04-11 11:42:38.939 [http-nio-8080-exec-2] DEBUG o.s.security.web.FilterChainProxy - Securing GET /api/tutors/3/avatar
2026-04-11 11:42:38.939 [http-nio-8080-exec-5] DEBUG o.s.security.web.FilterChainProxy - Securing GET /api/payments/tutor/3
2026-04-11 11:42:38.939 [http-nio-8080-exec-8] DEBUG o.s.security.web.FilterChainProxy - Securing GET /api/students/tutor/3
2026-04-11 11:42:38.940 [http-nio-8080-exec-4] DEBUG o.s.security.web.FilterChainProxy - Securing GET /api/lessons/all?tutorId=3
2026-04-11 11:42:38.940 [http-nio-8080-exec-3] DEBUG o.s.security.web.FilterChainProxy - Securing GET /api/payments/tutor/3
2026-04-11 11:42:38.940 [http-nio-8080-exec-10] DEBUG o.s.security.web.FilterChainProxy - Securing GET /api/students/tutor/3
2026-04-11 11:42:38.941 [http-nio-8080-exec-9] DEBUG o.s.security.web.FilterChainProxy - Securing GET /api/lessons/all?tutorId=3
2026-04-11 11:42:38.946 [http-nio-8080-exec-4] DEBUG o.s.security.web.FilterChainProxy - Secured GET /api/lessons/all?tutorId=3
2026-04-11 11:42:38.946 [http-nio-8080-exec-5] DEBUG o.s.security.web.FilterChainProxy - Secured GET /api/payments/tutor/3
2026-04-11 11:42:38.946 [http-nio-8080-exec-8] DEBUG o.s.security.web.FilterChainProxy - Secured GET /api/students/tutor/3
2026-04-11 11:42:38.946 [http-nio-8080-exec-4] DEBUG o.s.web.servlet.DispatcherServlet - GET "/api/lessons/all?tutorId=3", parameters={masked}
2026-04-11 11:42:38.946 [http-nio-8080-exec-8] DEBUG o.s.web.servlet.DispatcherServlet - GET "/api/students/tutor/3", parameters={}
2026-04-11 11:42:38.946 [http-nio-8080-exec-5] DEBUG o.s.web.servlet.DispatcherServlet - GET "/api/payments/tutor/3", parameters={}
2026-04-11 11:42:38.946 [http-nio-8080-exec-4] DEBUG o.s.w.s.m.m.a.RequestMappingHandlerMapping - Mapped to com.example.demo.controller.LessonController#getAllLessons(Long, Long)
2026-04-11 11:42:38.946 [http-nio-8080-exec-2] DEBUG o.s.security.web.FilterChainProxy - Secured GET /api/tutors/3/avatar
2026-04-11 11:42:38.946 [http-nio-8080-exec-2] DEBUG o.s.web.servlet.DispatcherServlet - GET "/api/tutors/3/avatar", parameters={}
2026-04-11 11:42:38.946 [http-nio-8080-exec-5] DEBUG o.s.w.s.m.m.a.RequestMappingHandlerMapping - Mapped to com.example.demo.controller.PaymentController#getPaymentsByTutor(Long)
2026-04-11 11:42:38.946 [http-nio-8080-exec-8] DEBUG o.s.w.s.m.m.a.RequestMappingHandlerMapping - Mapped to com.example.demo.controller.StudentController#getStudentsByTutor(Long, Long, String)
2026-04-11 11:42:38.947 [http-nio-8080-exec-2] DEBUG o.s.w.s.m.m.a.RequestMappingHandlerMapping - Mapped to com.example.demo.controller.TutorController#getAvatar(Long)
2026-04-11 11:42:38.947 [http-nio-8080-exec-3] DEBUG o.s.security.web.FilterChainProxy - Secured GET /api/payments/tutor/3
2026-04-11 11:42:38.947 [http-nio-8080-exec-3] DEBUG o.s.web.servlet.DispatcherServlet - GET "/api/payments/tutor/3", parameters={}
2026-04-11 11:42:38.947 [http-nio-8080-exec-4] DEBUG o.s.s.a.m.AuthorizationManagerBeforeMethodInterceptor - Authorizing method invocation ReflectiveMethodInvocation: public org.springframework.http.ResponseEntity com.example.demo.controller.LessonController.getAllLessons(java.lang.Long,java.lang.Long); target is of class [com.example.demo.controller.LessonController]
2026-04-11 11:42:38.947 [http-nio-8080-exec-3] DEBUG o.s.w.s.m.m.a.RequestMappingHandlerMapping - Mapped to com.example.demo.controller.PaymentController#getPaymentsByTutor(Long)
2026-04-11 11:42:38.947 [http-nio-8080-exec-8] DEBUG o.s.s.a.m.AuthorizationManagerBeforeMethodInterceptor - Authorizing method invocation ReflectiveMethodInvocation: public org.springframework.http.ResponseEntity com.example.demo.controller.StudentController.getStudentsByTutor(java.lang.Long,java.lang.Long,java.lang.String); target is of class [com.example.demo.controller.StudentController]
2026-04-11 11:42:38.947 [http-nio-8080-exec-9] DEBUG o.s.security.web.FilterChainProxy - Secured GET /api/lessons/all?tutorId=3
2026-04-11 11:42:38.947 [http-nio-8080-exec-8] DEBUG o.s.s.a.m.AuthorizationManagerBeforeMethodInterceptor - Authorized method invocation ReflectiveMethodInvocation: public org.springframework.http.ResponseEntity com.example.demo.controller.StudentController.getStudentsByTutor(java.lang.Long,java.lang.Long,java.lang.String); target is of class [com.example.demo.controller.StudentController]
2026-04-11 11:42:38.947 [http-nio-8080-exec-9] DEBUG o.s.web.servlet.DispatcherServlet - GET "/api/lessons/all?tutorId=3", parameters={masked}
2026-04-11 11:42:38.947 [http-nio-8080-exec-4] DEBUG o.s.s.a.m.AuthorizationManagerBeforeMethodInterceptor - Authorized method invocation ReflectiveMethodInvocation: public org.springframework.http.ResponseEntity com.example.demo.controller.LessonController.getAllLessons(java.lang.Long,java.lang.Long); target is of class [com.example.demo.controller.LessonController]
2026-04-11 11:42:38.947 [http-nio-8080-exec-9] DEBUG o.s.w.s.m.m.a.RequestMappingHandlerMapping - Mapped to com.example.demo.controller.LessonController#getAllLessons(Long, Long)
2026-04-11 11:42:38.948 [http-nio-8080-exec-9] DEBUG o.s.s.a.m.AuthorizationManagerBeforeMethodInterceptor - Authorizing method invocation ReflectiveMethodInvocation: public org.springframework.http.ResponseEntity com.example.demo.controller.LessonController.getAllLessons(java.lang.Long,java.lang.Long); target is of class [com.example.demo.controller.LessonController]
2026-04-11 11:42:38.948 [http-nio-8080-exec-4] DEBUG org.hibernate.SQL - 
    select
        l1_0.id,
        l1_0.completed_at,
        l1_0.course_id,
        l1_0.created_at,
        l1_0.end_time,
        l1_0.lesson_date,
        l1_0.next_lesson_plan,
        l1_0.notes,
        l1_0.original_lesson_id,
        l1_0.paid_at,
        l1_0.start_time,
        l1_0.status,
        l1_0.student_id,
        l1_0.tutor_id,
        l1_0.updated_at 
    from
        lesson l1_0 
    where
        l1_0.tutor_id=? 
    order by
        l1_0.lesson_date,
        l1_0.start_time
2026-04-11 11:42:38.948 [http-nio-8080-exec-2] DEBUG org.hibernate.SQL - 
    select
        t1_0.id,
        t1_0.about,
        t1_0.avatar,
        t1_0.birthday,
        t1_0.city,
        t1_0.created_at,
        t1_0.email,
        t1_0.full_name,
        t1_0.is_active,
        t1_0.password_hash,
        t1_0.phone,
        t1_0.role 
    from
        tutor t1_0 
    where
        t1_0.id=?
2026-04-11 11:42:38.948 [http-nio-8080-exec-9] DEBUG o.s.s.a.m.AuthorizationManagerBeforeMethodInterceptor - Authorized method invocation ReflectiveMethodInvocation: public org.springframework.http.ResponseEntity com.example.demo.controller.LessonController.getAllLessons(java.lang.Long,java.lang.Long); target is of class [com.example.demo.controller.LessonController]
2026-04-11 11:42:38.948 [http-nio-8080-exec-5] DEBUG org.hibernate.SQL - 
    select
        p1_0.id,
        p1_0.amount,
        p1_0.confirmed_by_parent,
        p1_0.course_name,
        p1_0.created_at,
        p1_0.lesson_id,
        p1_0.lesson_date,
        p1_0.notes,
        p1_0.payment_date,
        p1_0.payment_type,
        p1_0.status,
        p1_0.student_id,
        p1_0.subscription_id,
        p1_0.tutor_id,
        p1_0.tutor_name 
    from
        payment p1_0 
    where
        p1_0.tutor_id=?
2026-04-11 11:42:38.948 [http-nio-8080-exec-10] DEBUG o.s.security.web.FilterChainProxy - Secured GET /api/students/tutor/3
2026-04-11 11:42:38.948 [http-nio-8080-exec-10] DEBUG o.s.web.servlet.DispatcherServlet - GET "/api/students/tutor/3", parameters={}
2026-04-11 11:42:38.949 [http-nio-8080-exec-3] DEBUG org.hibernate.SQL - 
    select
        p1_0.id,
        p1_0.amount,
        p1_0.confirmed_by_parent,
        p1_0.course_name,
        p1_0.created_at,
        p1_0.lesson_id,
        p1_0.lesson_date,
        p1_0.notes,
        p1_0.payment_date,
        p1_0.payment_type,
        p1_0.status,
        p1_0.student_id,
        p1_0.subscription_id,
        p1_0.tutor_id,
        p1_0.tutor_name 
    from
        payment p1_0 
    where
        p1_0.tutor_id=?
2026-04-11 11:42:38.949 [http-nio-8080-exec-8] DEBUG org.hibernate.SQL - 
    select
        s1_0.id,
        s1_0.birthday,
        s1_0.created_at,
        s1_0.email,
        s1_0.full_name,
        s1_0.parent_id,
        s1_0.parent_name,
        s1_0.parent_phone,
        s1_0.password_hash,
        s1_0.payment_type,
        s1_0.phone,
        s1_0.role 
    from
        student s1_0
2026-04-11 11:42:38.949 [http-nio-8080-exec-9] DEBUG org.hibernate.SQL - 
    select
        l1_0.id,
        l1_0.completed_at,
        l1_0.course_id,
        l1_0.created_at,
        l1_0.end_time,
        l1_0.lesson_date,
        l1_0.next_lesson_plan,
        l1_0.notes,
        l1_0.original_lesson_id,
        l1_0.paid_at,
        l1_0.start_time,
        l1_0.status,
        l1_0.student_id,
        l1_0.tutor_id,
        l1_0.updated_at 
    from
        lesson l1_0 
    where
        l1_0.tutor_id=? 
    order by
        l1_0.lesson_date,
        l1_0.start_time
2026-04-11 11:42:38.949 [http-nio-8080-exec-10] DEBUG o.s.w.s.m.m.a.RequestMappingHandlerMapping - Mapped to com.example.demo.controller.StudentController#getStudentsByTutor(Long, Long, String)
2026-04-11 11:42:38.949 [http-nio-8080-exec-4] DEBUG o.s.w.s.m.m.a.HttpEntityMethodProcessor - Using 'application/json', given [application/json, text/plain, */*] and supported [application/json, application/*+json]
2026-04-11 11:42:38.949 [http-nio-8080-exec-5] DEBUG o.s.w.s.m.m.a.HttpEntityMethodProcessor - Using 'application/json', given [application/json, text/plain, */*] and supported [application/json, application/*+json]
2026-04-11 11:42:38.950 [http-nio-8080-exec-5] DEBUG o.s.w.s.m.m.a.HttpEntityMethodProcessor - Writing [[]]
2026-04-11 11:42:38.950 [http-nio-8080-exec-4] DEBUG o.s.w.s.m.m.a.HttpEntityMethodProcessor - Writing [[]]
2026-04-11 11:42:38.950 [http-nio-8080-exec-9] DEBUG o.s.w.s.m.m.a.HttpEntityMethodProcessor - Using 'application/json', given [application/json, text/plain, */*] and supported [application/json, application/*+json]
2026-04-11 11:42:38.950 [http-nio-8080-exec-10] DEBUG o.s.s.a.m.AuthorizationManagerBeforeMethodInterceptor - Authorizing method invocation ReflectiveMethodInvocation: public org.springframework.http.ResponseEntity com.example.demo.controller.StudentController.getStudentsByTutor(java.lang.Long,java.lang.Long,java.lang.String); target is of class [com.example.demo.controller.StudentController]
2026-04-11 11:42:38.950 [http-nio-8080-exec-9] DEBUG o.s.w.s.m.m.a.HttpEntityMethodProcessor - Writing [[]]
2026-04-11 11:42:38.950 [http-nio-8080-exec-8] DEBUG org.hibernate.SQL - 
    select
        p1_0.id,
        p1_0.created_at,
        p1_0.email,
        p1_0.full_name,
        p1_0.password_hash,
        p1_0.phone,
        p1_0.role 
    from
        parent p1_0 
    where
        p1_0.id=?
2026-04-11 11:42:38.950 [http-nio-8080-exec-10] DEBUG o.s.s.a.m.AuthorizationManagerBeforeMethodInterceptor - Authorized method invocation ReflectiveMethodInvocation: public org.springframework.http.ResponseEntity com.example.demo.controller.StudentController.getStudentsByTutor(java.lang.Long,java.lang.Long,java.lang.String); target is of class [com.example.demo.controller.StudentController]
2026-04-11 11:42:38.950 [http-nio-8080-exec-2] DEBUG o.s.w.s.m.m.a.ExceptionHandlerExceptionResolver - Using @ExceptionHandler com.example.demo.exception.GlobalExceptionHandler#handleRuntimeException(RuntimeException)
2026-04-11 11:42:38.950 [http-nio-8080-exec-4] DEBUG o.s.web.servlet.DispatcherServlet - Completed 200 OK
2026-04-11 11:42:38.950 [http-nio-8080-exec-5] DEBUG o.s.web.servlet.DispatcherServlet - Completed 200 OK
2026-04-11 11:42:38.950 [http-nio-8080-exec-9] DEBUG o.s.web.servlet.DispatcherServlet - Completed 200 OK
2026-04-11 11:42:38.950 [http-nio-8080-exec-2] ERROR c.e.d.e.GlobalExceptionHandler - Ошибка выполнения: null
java.lang.NullPointerException
	at java.base/java.util.Objects.requireNonNull(Objects.java:209)
	at java.base/java.util.ImmutableCollections$Map1.<init>(ImmutableCollections.java:1105)
	at java.base/java.util.Map.of(Map.java:1353)
	at com.example.demo.controller.TutorController.getAvatar(TutorController.java:93)
	at java.base/jdk.internal.reflect.NativeMethodAccessorImpl.invoke0(Native Method)
	at java.base/jdk.internal.reflect.NativeMethodAccessorImpl.invoke(NativeMethodAccessorImpl.java:77)
	at java.base/jdk.internal.reflect.DelegatingMethodAccessorImpl.invoke(DelegatingMethodAccessorImpl.java:43)
	at java.base/java.lang.reflect.Method.invoke(Method.java:569)
	at org.springframework.web.method.support.InvocableHandlerMethod.doInvoke(InvocableHandlerMethod.java:252)
	at org.springframework.web.method.support.InvocableHandlerMethod.invokeForRequest(InvocableHandlerMethod.java:184)
	at org.springframework.web.servlet.mvc.method.annotation.ServletInvocableHandlerMethod.invokeAndHandle(ServletInvocableHandlerMethod.java:117)
	at org.springframework.web.servlet.mvc.method.annotation.RequestMappingHandlerAdapter.invokeHandlerMethod(RequestMappingHandlerAdapter.java:934)
	at org.springframework.web.servlet.mvc.method.annotation.RequestMappingHandlerAdapter.handleInternal(RequestMappingHandlerAdapter.java:853)
	at org.springframework.web.servlet.mvc.method.AbstractHandlerMethodAdapter.handle(AbstractHandlerMethodAdapter.java:86)
	at org.springframework.web.servlet.DispatcherServlet.doDispatch(DispatcherServlet.java:963)
	at org.springframework.web.servlet.DispatcherServlet.doService(DispatcherServlet.java:866)
	at org.springframework.web.servlet.FrameworkServlet.processRequest(FrameworkServlet.java:1000)
	at org.springframework.web.servlet.FrameworkServlet.doGet(FrameworkServlet.java:892)
	at jakarta.servlet.http.HttpServlet.service(HttpServlet.java:622)
	at org.springframework.web.servlet.FrameworkServlet.service(FrameworkServlet.java:874)
	at jakarta.servlet.http.HttpServlet.service(HttpServlet.java:710)
	at org.apache.catalina.core.ApplicationFilterChain.doFilter(ApplicationFilterChain.java:128)
	at org.apache.tomcat.websocket.server.WsFilter.doFilter(WsFilter.java:53)
	at org.apache.catalina.core.ApplicationFilterChain.doFilter(ApplicationFilterChain.java:107)
	at org.springframework.web.filter.OncePerRequestFilter.doFilter(OncePerRequestFilter.java:110)
	at org.apache.catalina.core.ApplicationFilterChain.doFilter(ApplicationFilterChain.java:107)
	at org.springframework.web.filter.CompositeFilter$VirtualFilterChain.doFilter(CompositeFilter.java:108)
	at org.springframework.security.web.FilterChainProxy.lambda$doFilterInternal$3(FilterChainProxy.java:235)
	at org.springframework.security.web.FilterChainProxy$VirtualFilterChain.doFilter(FilterChainProxy.java:371)
	at org.springframework.security.web.access.intercept.AuthorizationFilter.doFilter(AuthorizationFilter.java:101)
	at org.springframework.security.web.FilterChainProxy$VirtualFilterChain.doFilter(FilterChainProxy.java:380)
	at org.springframework.security.web.access.ExceptionTranslationFilter.doFilter(ExceptionTranslationFilter.java:126)
	at org.springframework.security.web.access.ExceptionTranslationFilter.doFilter(ExceptionTranslationFilter.java:120)
	at org.springframework.security.web.FilterChainProxy$VirtualFilterChain.doFilter(FilterChainProxy.java:380)
	at org.springframework.security.web.session.SessionManagementFilter.doFilter(SessionManagementFilter.java:132)
	at org.springframework.security.web.session.SessionManagementFilter.doFilter(SessionManagementFilter.java:86)
	at org.springframework.security.web.FilterChainProxy$VirtualFilterChain.doFilter(FilterChainProxy.java:380)
	at org.springframework.security.web.authentication.AnonymousAuthenticationFilter.doFilter(AnonymousAuthenticationFilter.java:100)
	at org.springframework.security.web.FilterChainProxy$VirtualFilterChain.doFilter(FilterChainProxy.java:380)
	at org.springframework.security.web.servletapi.SecurityContextHolderAwareRequestFilter.doFilter(SecurityContextHolderAwareRequestFilter.java:181)
	at org.springframework.security.web.FilterChainProxy$VirtualFilterChain.doFilter(FilterChainProxy.java:380)
	at org.springframework.security.web.savedrequest.RequestCacheAwareFilter.doFilter(RequestCacheAwareFilter.java:63)
	at org.springframework.security.web.FilterChainProxy$VirtualFilterChain.doFilter(FilterChainProxy.java:380)
	at com.example.demo.config.AuthTokenFilter.doFilterInternal(AuthTokenFilter.java:59)
	at org.springframework.web.filter.OncePerRequestFilter.doFilter(OncePerRequestFilter.java:116)
	at org.springframework.security.web.FilterChainProxy$VirtualFilterChain.doFilter(FilterChainProxy.java:380)
	at org.springframework.security.web.authentication.logout.LogoutFilter.doFilter(LogoutFilter.java:110)
	at org.springframework.security.web.authentication.logout.LogoutFilter.doFilter(LogoutFilter.java:96)
	at org.springframework.security.web.FilterChainProxy$VirtualFilterChain.doFilter(FilterChainProxy.java:380)
	at org.springframework.web.filter.CorsFilter.doFilterInternal(CorsFilter.java:91)
	at org.springframework.web.filter.OncePerRequestFilter.doFilter(OncePerRequestFilter.java:116)
	at org.springframework.security.web.FilterChainProxy$VirtualFilterChain.doFilter(FilterChainProxy.java:380)
	at org.springframework.security.web.header.HeaderWriterFilter.doHeadersAfter(HeaderWriterFilter.java:90)
	at org.springframework.security.web.header.HeaderWriterFilter.doFilterInternal(HeaderWriterFilter.java:75)
	at org.springframework.web.filter.OncePerRequestFilter.doFilter(OncePerRequestFilter.java:116)
	at org.springframework.security.web.FilterChainProxy$VirtualFilterChain.doFilter(FilterChainProxy.java:380)
	at org.springframework.security.web.context.SecurityContextHolderFilter.doFilter(SecurityContextHolderFilter.java:82)
	at org.springframework.security.web.context.SecurityContextHolderFilter.doFilter(SecurityContextHolderFilter.java:69)
	at org.springframework.security.web.FilterChainProxy$VirtualFilterChain.doFilter(FilterChainProxy.java:380)
	at org.springframework.security.web.context.request.async.WebAsyncManagerIntegrationFilter.doFilterInternal(WebAsyncManagerIntegrationFilter.java:62)
	at org.springframework.web.filter.OncePerRequestFilter.doFilter(OncePerRequestFilter.java:116)
	at org.springframework.security.web.FilterChainProxy$VirtualFilterChain.doFilter(FilterChainProxy.java:380)
	at org.springframework.security.web.session.DisableEncodeUrlFilter.doFilterInternal(DisableEncodeUrlFilter.java:42)
	at org.springframework.web.filter.OncePerRequestFilter.doFilter(OncePerRequestFilter.java:116)
	at org.springframework.security.web.FilterChainProxy$VirtualFilterChain.doFilter(FilterChainProxy.java:380)
	at org.springframework.security.web.FilterChainProxy.doFilterInternal(FilterChainProxy.java:237)
	at org.springframework.security.web.FilterChainProxy.doFilter(FilterChainProxy.java:195)
	at org.springframework.web.filter.CompositeFilter$VirtualFilterChain.doFilter(CompositeFilter.java:113)
	at org.springframework.web.filter.ServletRequestPathFilter.doFilter(ServletRequestPathFilter.java:52)
	at org.springframework.web.filter.CompositeFilter$VirtualFilterChain.doFilter(CompositeFilter.java:113)
	at org.springframework.web.filter.CompositeFilter.doFilter(CompositeFilter.java:74)
	at org.springframework.security.config.annotation.web.configuration.WebSecurityConfiguration$CompositeFilterChainProxy.doFilter(WebSecurityConfiguration.java:317)
	at org.springframework.web.filter.DelegatingFilterProxy.invokeDelegate(DelegatingFilterProxy.java:355)
	at org.springframework.web.filter.DelegatingFilterProxy.doFilter(DelegatingFilterProxy.java:272)
	at org.apache.catalina.core.ApplicationFilterChain.doFilter(ApplicationFilterChain.java:107)
	at org.springframework.web.filter.RequestContextFilter.doFilterInternal(RequestContextFilter.java:100)
	at org.springframework.web.filter.OncePerRequestFilter.doFilter(OncePerRequestFilter.java:116)
	at org.apache.catalina.core.ApplicationFilterChain.doFilter(ApplicationFilterChain.java:107)
	at org.springframework.web.filter.FormContentFilter.doFilterInternal(FormContentFilter.java:93)
	at org.springframework.web.filter.OncePerRequestFilter.doFilter(OncePerRequestFilter.java:116)
	at org.apache.catalina.core.ApplicationFilterChain.doFilter(ApplicationFilterChain.java:107)
	at org.springframework.web.filter.CharacterEncodingFilter.doFilterInternal(CharacterEncodingFilter.java:199)
	at org.springframework.web.filter.OncePerRequestFilter.doFilter(OncePerRequestFilter.java:116)
	at org.apache.catalina.core.ApplicationFilterChain.doFilter(ApplicationFilterChain.java:107)
	at org.apache.catalina.core.StandardWrapperValve.invoke(StandardWrapperValve.java:165)
	at org.apache.catalina.core.StandardContextValve.invoke(StandardContextValve.java:77)
	at org.apache.catalina.authenticator.AuthenticatorBase.invoke(AuthenticatorBase.java:492)
	at org.apache.catalina.core.StandardHostValve.invoke(StandardHostValve.java:113)
	at org.apache.catalina.valves.ErrorReportValve.invoke(ErrorReportValve.java:83)
	at org.apache.catalina.core.StandardEngineValve.invoke(StandardEngineValve.java:72)
	at org.apache.catalina.connector.CoyoteAdapter.service(CoyoteAdapter.java:341)
	at org.apache.coyote.http11.Http11Processor.service(Http11Processor.java:397)
	at org.apache.coyote.AbstractProcessorLight.process(AbstractProcessorLight.java:63)
	at org.apache.coyote.AbstractProtocol$ConnectionHandler.process(AbstractProtocol.java:903)
	at org.apache.tomcat.util.net.NioEndpoint$SocketProcessor.doRun(NioEndpoint.java:1779)
	at org.apache.tomcat.util.net.SocketProcessorBase.run(SocketProcessorBase.java:52)
	at org.apache.tomcat.util.threads.ThreadPoolExecutor.runWorker(ThreadPoolExecutor.java:946)
	at org.apache.tomcat.util.threads.ThreadPoolExecutor$Worker.run(ThreadPoolExecutor.java:480)
	at org.apache.tomcat.util.threads.TaskThread$WrappingRunnable.run(TaskThread.java:57)
	at java.base/java.lang.Thread.run(Thread.java:840)
2026-04-11 11:42:38.951 [http-nio-8080-exec-8] DEBUG org.hibernate.SQL - 
    select
        t1_0.student_id,
        t1_1.id,
        t1_1.about,
        t1_1.avatar,
        t1_1.birthday,
        t1_1.city,
        t1_1.created_at,
        t1_1.email,
        t1_1.full_name,
        t1_1.is_active,
        t1_1.password_hash,
        t1_1.phone,
        t1_1.role 
    from
        student_tutor t1_0 
    join
        tutor t1_1 
            on t1_1.id=t1_0.tutor_id 
    where
        t1_0.student_id=?
2026-04-11 11:42:38.952 [http-nio-8080-exec-2] DEBUG o.s.w.s.m.m.a.HttpEntityMethodProcessor - Using 'application/json', given [application/json, text/plain, */*] and supported [application/json, application/*+json]
2026-04-11 11:42:38.952 [http-nio-8080-exec-3] DEBUG o.s.w.s.m.m.a.HttpEntityMethodProcessor - Using 'application/json', given [application/json, text/plain, */*] and supported [application/json, application/*+json]
2026-04-11 11:42:38.952 [http-nio-8080-exec-3] DEBUG o.s.w.s.m.m.a.HttpEntityMethodProcessor - Writing [[]]
2026-04-11 11:42:38.952 [http-nio-8080-exec-2] DEBUG o.s.w.s.m.m.a.HttpEntityMethodProcessor - Writing [{error=Внутренняя ошибка сервера}]
2026-04-11 11:42:38.952 [http-nio-8080-exec-2] DEBUG o.s.w.s.m.m.a.ExceptionHandlerExceptionResolver - Resolved [java.lang.NullPointerException]
2026-04-11 11:42:38.952 [http-nio-8080-exec-3] DEBUG o.s.web.servlet.DispatcherServlet - Completed 200 OK
2026-04-11 11:42:38.953 [http-nio-8080-exec-2] DEBUG o.s.web.servlet.DispatcherServlet - Completed 500 INTERNAL_SERVER_ERROR
2026-04-11 11:42:38.953 [http-nio-8080-exec-10] DEBUG org.hibernate.SQL - 
    select
        s1_0.id,
        s1_0.birthday,
        s1_0.created_at,
        s1_0.email,
        s1_0.full_name,
        s1_0.parent_id,
        s1_0.parent_name,
        s1_0.parent_phone,
        s1_0.password_hash,
        s1_0.payment_type,
        s1_0.phone,
        s1_0.role 
    from
        student s1_0
2026-04-11 11:42:38.953 [http-nio-8080-exec-8] DEBUG org.hibernate.SQL - 
    select
        r1_0.student_id,
        r1_0.id,
        r1_0.rate_per_lesson,
        r1_0.tutor_id,
        t1_0.id,
        t1_0.about,
        t1_0.avatar,
        t1_0.birthday,
        t1_0.city,
        t1_0.created_at,
        t1_0.email,
        t1_0.full_name,
        t1_0.is_active,
        t1_0.password_hash,
        t1_0.phone,
        t1_0.role 
    from
        student_rate r1_0 
    left join
        tutor t1_0 
            on t1_0.id=r1_0.tutor_id 
    where
        r1_0.student_id=?
2026-04-11 11:42:38.955 [http-nio-8080-exec-8] DEBUG o.s.w.s.m.m.a.HttpEntityMethodProcessor - Using 'application/json', given [application/json, text/plain, */*] and supported [application/json, application/*+json]
2026-04-11 11:42:38.955 [http-nio-8080-exec-8] DEBUG o.s.w.s.m.m.a.HttpEntityMethodProcessor - Writing [[com.example.demo.entity.Student@19b1f8e6]]
2026-04-11 11:42:38.956 [http-nio-8080-exec-8] DEBUG o.s.web.servlet.DispatcherServlet - Completed 200 OK
2026-04-11 11:42:38.956 [http-nio-8080-exec-10] DEBUG org.hibernate.SQL - 
    select
        p1_0.id,
        p1_0.created_at,
        p1_0.email,
        p1_0.full_name,
        p1_0.password_hash,
        p1_0.phone,
        p1_0.role 
    from
        parent p1_0 
    where
        p1_0.id=?
2026-04-11 11:42:38.959 [http-nio-8080-exec-10] DEBUG org.hibernate.SQL - 
    select
        t1_0.student_id,
        t1_1.id,
        t1_1.about,
        t1_1.avatar,
        t1_1.birthday,
        t1_1.city,
        t1_1.created_at,
        t1_1.email,
        t1_1.full_name,
        t1_1.is_active,
        t1_1.password_hash,
        t1_1.phone,
        t1_1.role 
    from
        student_tutor t1_0 
    join
        tutor t1_1 
            on t1_1.id=t1_0.tutor_id 
    where
        t1_0.student_id=?
2026-04-11 11:42:38.963 [http-nio-8080-exec-10] DEBUG org.hibernate.SQL - 
    select
        r1_0.student_id,
        r1_0.id,
        r1_0.rate_per_lesson,
        r1_0.tutor_id,
        t1_0.id,
        t1_0.about,
        t1_0.avatar,
        t1_0.birthday,
        t1_0.city,
        t1_0.created_at,
        t1_0.email,
        t1_0.full_name,
        t1_0.is_active,
        t1_0.password_hash,
        t1_0.phone,
        t1_0.role 
    from
        student_rate r1_0 
    left join
        tutor t1_0 
            on t1_0.id=r1_0.tutor_id 
    where
        r1_0.student_id=?
2026-04-11 11:42:38.967 [http-nio-8080-exec-10] DEBUG o.s.w.s.m.m.a.HttpEntityMethodProcessor - Using 'application/json', given [application/json, text/plain, */*] and supported [application/json, application/*+json]
2026-04-11 11:42:38.967 [http-nio-8080-exec-10] DEBUG o.s.w.s.m.m.a.HttpEntityMethodProcessor - Writing [[com.example.demo.entity.Student@74e49d15]]
2026-04-11 11:42:38.968 [http-nio-8080-exec-10] DEBUG o.s.web.servlet.DispatcherServlet - Completed 200 OK
2026-04-11 11:42:41.331 [http-nio-8080-exec-7] DEBUG o.s.security.web.FilterChainProxy - Securing GET /api/tutors/3/avatar
2026-04-11 11:42:41.332 [http-nio-8080-exec-1] DEBUG o.s.security.web.FilterChainProxy - Securing GET /api/courses/tutor/3
2026-04-11 11:42:41.332 [http-nio-8080-exec-6] DEBUG o.s.security.web.FilterChainProxy - Securing GET /api/students/tutor/3
2026-04-11 11:42:41.333 [http-nio-8080-exec-9] DEBUG o.s.security.web.FilterChainProxy - Securing GET /api/students/tutor/3
2026-04-11 11:42:41.333 [http-nio-8080-exec-4] DEBUG o.s.security.web.FilterChainProxy - Securing GET /api/courses/tutor/3
2026-04-11 11:42:41.337 [http-nio-8080-exec-6] DEBUG o.s.security.web.FilterChainProxy - Secured GET /api/students/tutor/3
2026-04-11 11:42:41.337 [http-nio-8080-exec-1] DEBUG o.s.security.web.FilterChainProxy - Secured GET /api/courses/tutor/3
2026-04-11 11:42:41.337 [http-nio-8080-exec-6] DEBUG o.s.web.servlet.DispatcherServlet - GET "/api/students/tutor/3", parameters={}
2026-04-11 11:42:41.337 [http-nio-8080-exec-1] DEBUG o.s.web.servlet.DispatcherServlet - GET "/api/courses/tutor/3", parameters={}
2026-04-11 11:42:41.337 [http-nio-8080-exec-9] DEBUG o.s.security.web.FilterChainProxy - Secured GET /api/students/tutor/3
2026-04-11 11:42:41.337 [http-nio-8080-exec-9] DEBUG o.s.web.servlet.DispatcherServlet - GET "/api/students/tutor/3", parameters={}
2026-04-11 11:42:41.337 [http-nio-8080-exec-6] DEBUG o.s.w.s.m.m.a.RequestMappingHandlerMapping - Mapped to com.example.demo.controller.StudentController#getStudentsByTutor(Long, Long, String)
2026-04-11 11:42:41.337 [http-nio-8080-exec-9] DEBUG o.s.w.s.m.m.a.RequestMappingHandlerMapping - Mapped to com.example.demo.controller.StudentController#getStudentsByTutor(Long, Long, String)
2026-04-11 11:42:41.337 [http-nio-8080-exec-1] DEBUG o.s.w.s.m.m.a.RequestMappingHandlerMapping - Mapped to com.example.demo.controller.CourseController#getCoursesByTutor(Long)
2026-04-11 11:42:41.338 [http-nio-8080-exec-9] DEBUG o.s.s.a.m.AuthorizationManagerBeforeMethodInterceptor - Authorizing method invocation ReflectiveMethodInvocation: public org.springframework.http.ResponseEntity com.example.demo.controller.StudentController.getStudentsByTutor(java.lang.Long,java.lang.Long,java.lang.String); target is of class [com.example.demo.controller.StudentController]
2026-04-11 11:42:41.338 [http-nio-8080-exec-6] DEBUG o.s.s.a.m.AuthorizationManagerBeforeMethodInterceptor - Authorizing method invocation ReflectiveMethodInvocation: public org.springframework.http.ResponseEntity com.example.demo.controller.StudentController.getStudentsByTutor(java.lang.Long,java.lang.Long,java.lang.String); target is of class [com.example.demo.controller.StudentController]
2026-04-11 11:42:41.338 [http-nio-8080-exec-9] DEBUG o.s.s.a.m.AuthorizationManagerBeforeMethodInterceptor - Authorized method invocation ReflectiveMethodInvocation: public org.springframework.http.ResponseEntity com.example.demo.controller.StudentController.getStudentsByTutor(java.lang.Long,java.lang.Long,java.lang.String); target is of class [com.example.demo.controller.StudentController]
2026-04-11 11:42:41.338 [http-nio-8080-exec-6] DEBUG o.s.s.a.m.AuthorizationManagerBeforeMethodInterceptor - Authorized method invocation ReflectiveMethodInvocation: public org.springframework.http.ResponseEntity com.example.demo.controller.StudentController.getStudentsByTutor(java.lang.Long,java.lang.Long,java.lang.String); target is of class [com.example.demo.controller.StudentController]
2026-04-11 11:42:41.338 [http-nio-8080-exec-7] DEBUG o.s.security.web.FilterChainProxy - Secured GET /api/tutors/3/avatar
2026-04-11 11:42:41.338 [http-nio-8080-exec-7] DEBUG o.s.web.servlet.DispatcherServlet - GET "/api/tutors/3/avatar", parameters={}
2026-04-11 11:42:41.338 [http-nio-8080-exec-1] DEBUG org.hibernate.SQL - 
    select
        c1_0.id,
        c1_0.color,
        c1_0.created_at,
        c1_0.description,
        c1_0.name,
        c1_0.tutor_id 
    from
        course c1_0 
    where
        c1_0.tutor_id=?
2026-04-11 11:42:41.338 [http-nio-8080-exec-4] DEBUG o.s.security.web.FilterChainProxy - Secured GET /api/courses/tutor/3
2026-04-11 11:42:41.338 [http-nio-8080-exec-7] DEBUG o.s.w.s.m.m.a.RequestMappingHandlerMapping - Mapped to com.example.demo.controller.TutorController#getAvatar(Long)
2026-04-11 11:42:41.338 [http-nio-8080-exec-4] DEBUG o.s.web.servlet.DispatcherServlet - GET "/api/courses/tutor/3", parameters={}
2026-04-11 11:42:41.339 [http-nio-8080-exec-4] DEBUG o.s.w.s.m.m.a.RequestMappingHandlerMapping - Mapped to com.example.demo.controller.CourseController#getCoursesByTutor(Long)
2026-04-11 11:42:41.340 [http-nio-8080-exec-7] DEBUG org.hibernate.SQL - 
    select
        t1_0.id,
        t1_0.about,
        t1_0.avatar,
        t1_0.birthday,
        t1_0.city,
        t1_0.created_at,
        t1_0.email,
        t1_0.full_name,
        t1_0.is_active,
        t1_0.password_hash,
        t1_0.phone,
        t1_0.role 
    from
        tutor t1_0 
    where
        t1_0.id=?
2026-04-11 11:42:41.340 [http-nio-8080-exec-6] DEBUG org.hibernate.SQL - 
    select
        s1_0.id,
        s1_0.birthday,
        s1_0.created_at,
        s1_0.email,
        s1_0.full_name,
        s1_0.parent_id,
        s1_0.parent_name,
        s1_0.parent_phone,
        s1_0.password_hash,
        s1_0.payment_type,
        s1_0.phone,
        s1_0.role 
    from
        student s1_0
2026-04-11 11:42:41.340 [http-nio-8080-exec-4] DEBUG org.hibernate.SQL - 
    select
        c1_0.id,
        c1_0.color,
        c1_0.created_at,
        c1_0.description,
        c1_0.name,
        c1_0.tutor_id 
    from
        course c1_0 
    where
        c1_0.tutor_id=?
2026-04-11 11:42:41.340 [http-nio-8080-exec-1] DEBUG o.s.w.s.m.m.a.HttpEntityMethodProcessor - Using 'application/json', given [application/json, text/plain, */*] and supported [application/json, application/*+json]
2026-04-11 11:42:41.340 [http-nio-8080-exec-9] DEBUG org.hibernate.SQL - 
    select
        s1_0.id,
        s1_0.birthday,
        s1_0.created_at,
        s1_0.email,
        s1_0.full_name,
        s1_0.parent_id,
        s1_0.parent_name,
        s1_0.parent_phone,
        s1_0.password_hash,
        s1_0.payment_type,
        s1_0.phone,
        s1_0.role 
    from
        student s1_0
2026-04-11 11:42:41.340 [http-nio-8080-exec-1] DEBUG o.s.w.s.m.m.a.HttpEntityMethodProcessor - Writing [[]]
2026-04-11 11:42:41.341 [http-nio-8080-exec-6] DEBUG org.hibernate.SQL - 
    select
        p1_0.id,
        p1_0.created_at,
        p1_0.email,
        p1_0.full_name,
        p1_0.password_hash,
        p1_0.phone,
        p1_0.role 
    from
        parent p1_0 
    where
        p1_0.id=?
2026-04-11 11:42:41.341 [http-nio-8080-exec-9] DEBUG org.hibernate.SQL - 
    select
        p1_0.id,
        p1_0.created_at,
        p1_0.email,
        p1_0.full_name,
        p1_0.password_hash,
        p1_0.phone,
        p1_0.role 
    from
        parent p1_0 
    where
        p1_0.id=?
2026-04-11 11:42:41.342 [http-nio-8080-exec-1] DEBUG o.s.web.servlet.DispatcherServlet - Completed 200 OK
2026-04-11 11:42:41.342 [http-nio-8080-exec-5] DEBUG o.s.security.web.FilterChainProxy - Securing OPTIONS /api/materials
2026-04-11 11:42:41.342 [http-nio-8080-exec-7] DEBUG o.s.w.s.m.m.a.ExceptionHandlerExceptionResolver - Using @ExceptionHandler com.example.demo.exception.GlobalExceptionHandler#handleRuntimeException(RuntimeException)
2026-04-11 11:42:41.342 [http-nio-8080-exec-1] DEBUG o.s.security.web.FilterChainProxy - Securing OPTIONS /api/materials
2026-04-11 11:42:41.343 [http-nio-8080-exec-9] DEBUG org.hibernate.SQL - 
    select
        t1_0.student_id,
        t1_1.id,
        t1_1.about,
        t1_1.avatar,
        t1_1.birthday,
        t1_1.city,
        t1_1.created_at,
        t1_1.email,
        t1_1.full_name,
        t1_1.is_active,
        t1_1.password_hash,
        t1_1.phone,
        t1_1.role 
    from
        student_tutor t1_0 
    join
        tutor t1_1 
            on t1_1.id=t1_0.tutor_id 
    where
        t1_0.student_id=?
2026-04-11 11:42:41.343 [http-nio-8080-exec-6] DEBUG org.hibernate.SQL - 
    select
        t1_0.student_id,
        t1_1.id,
        t1_1.about,
        t1_1.avatar,
        t1_1.birthday,
        t1_1.city,
        t1_1.created_at,
        t1_1.email,
        t1_1.full_name,
        t1_1.is_active,
        t1_1.password_hash,
        t1_1.phone,
        t1_1.role 
    from
        student_tutor t1_0 
    join
        tutor t1_1 
            on t1_1.id=t1_0.tutor_id 
    where
        t1_0.student_id=?
2026-04-11 11:42:41.343 [http-nio-8080-exec-4] DEBUG o.s.w.s.m.m.a.HttpEntityMethodProcessor - Using 'application/json', given [application/json, text/plain, */*] and supported [application/json, application/*+json]
2026-04-11 11:42:41.342 [http-nio-8080-exec-7] ERROR c.e.d.e.GlobalExceptionHandler - Ошибка выполнения: null
java.lang.NullPointerException
	at java.base/java.util.Objects.requireNonNull(Objects.java:209)
	at java.base/java.util.ImmutableCollections$Map1.<init>(ImmutableCollections.java:1105)
	at java.base/java.util.Map.of(Map.java:1353)
	at com.example.demo.controller.TutorController.getAvatar(TutorController.java:93)
	at java.base/jdk.internal.reflect.NativeMethodAccessorImpl.invoke0(Native Method)
	at java.base/jdk.internal.reflect.NativeMethodAccessorImpl.invoke(NativeMethodAccessorImpl.java:77)
	at java.base/jdk.internal.reflect.DelegatingMethodAccessorImpl.invoke(DelegatingMethodAccessorImpl.java:43)
	at java.base/java.lang.reflect.Method.invoke(Method.java:569)
	at org.springframework.web.method.support.InvocableHandlerMethod.doInvoke(InvocableHandlerMethod.java:252)
	at org.springframework.web.method.support.InvocableHandlerMethod.invokeForRequest(InvocableHandlerMethod.java:184)
	at org.springframework.web.servlet.mvc.method.annotation.ServletInvocableHandlerMethod.invokeAndHandle(ServletInvocableHandlerMethod.java:117)
	at org.springframework.web.servlet.mvc.method.annotation.RequestMappingHandlerAdapter.invokeHandlerMethod(RequestMappingHandlerAdapter.java:934)
	at org.springframework.web.servlet.mvc.method.annotation.RequestMappingHandlerAdapter.handleInternal(RequestMappingHandlerAdapter.java:853)
	at org.springframework.web.servlet.mvc.method.AbstractHandlerMethodAdapter.handle(AbstractHandlerMethodAdapter.java:86)
	at org.springframework.web.servlet.DispatcherServlet.doDispatch(DispatcherServlet.java:963)
	at org.springframework.web.servlet.DispatcherServlet.doService(DispatcherServlet.java:866)
	at org.springframework.web.servlet.FrameworkServlet.processRequest(FrameworkServlet.java:1000)
	at org.springframework.web.servlet.FrameworkServlet.doGet(FrameworkServlet.java:892)
	at jakarta.servlet.http.HttpServlet.service(HttpServlet.java:622)
	at org.springframework.web.servlet.FrameworkServlet.service(FrameworkServlet.java:874)
	at jakarta.servlet.http.HttpServlet.service(HttpServlet.java:710)
	at org.apache.catalina.core.ApplicationFilterChain.doFilter(ApplicationFilterChain.java:128)
	at org.apache.tomcat.websocket.server.WsFilter.doFilter(WsFilter.java:53)
	at org.apache.catalina.core.ApplicationFilterChain.doFilter(ApplicationFilterChain.java:107)
	at org.springframework.web.filter.OncePerRequestFilter.doFilter(OncePerRequestFilter.java:110)
	at org.apache.catalina.core.ApplicationFilterChain.doFilter(ApplicationFilterChain.java:107)
	at org.springframework.web.filter.CompositeFilter$VirtualFilterChain.doFilter(CompositeFilter.java:108)
	at org.springframework.security.web.FilterChainProxy.lambda$doFilterInternal$3(FilterChainProxy.java:235)
	at org.springframework.security.web.FilterChainProxy$VirtualFilterChain.doFilter(FilterChainProxy.java:371)
	at org.springframework.security.web.access.intercept.AuthorizationFilter.doFilter(AuthorizationFilter.java:101)
	at org.springframework.security.web.FilterChainProxy$VirtualFilterChain.doFilter(FilterChainProxy.java:380)
	at org.springframework.security.web.access.ExceptionTranslationFilter.doFilter(ExceptionTranslationFilter.java:126)
	at org.springframework.security.web.access.ExceptionTranslationFilter.doFilter(ExceptionTranslationFilter.java:120)
	at org.springframework.security.web.FilterChainProxy$VirtualFilterChain.doFilter(FilterChainProxy.java:380)
	at org.springframework.security.web.session.SessionManagementFilter.doFilter(SessionManagementFilter.java:132)
	at org.springframework.security.web.session.SessionManagementFilter.doFilter(SessionManagementFilter.java:86)
	at org.springframework.security.web.FilterChainProxy$VirtualFilterChain.doFilter(FilterChainProxy.java:380)
	at org.springframework.security.web.authentication.AnonymousAuthenticationFilter.doFilter(AnonymousAuthenticationFilter.java:100)
	at org.springframework.security.web.FilterChainProxy$VirtualFilterChain.doFilter(FilterChainProxy.java:380)
	at org.springframework.security.web.servletapi.SecurityContextHolderAwareRequestFilter.doFilter(SecurityContextHolderAwareRequestFilter.java:181)
	at org.springframework.security.web.FilterChainProxy$VirtualFilterChain.doFilter(FilterChainProxy.java:380)
	at org.springframework.security.web.savedrequest.RequestCacheAwareFilter.doFilter(RequestCacheAwareFilter.java:63)
	at org.springframework.security.web.FilterChainProxy$VirtualFilterChain.doFilter(FilterChainProxy.java:380)
	at com.example.demo.config.AuthTokenFilter.doFilterInternal(AuthTokenFilter.java:59)
	at org.springframework.web.filter.OncePerRequestFilter.doFilter(OncePerRequestFilter.java:116)
	at org.springframework.security.web.FilterChainProxy$VirtualFilterChain.doFilter(FilterChainProxy.java:380)
	at org.springframework.security.web.authentication.logout.LogoutFilter.doFilter(LogoutFilter.java:110)
	at org.springframework.security.web.authentication.logout.LogoutFilter.doFilter(LogoutFilter.java:96)
	at org.springframework.security.web.FilterChainProxy$VirtualFilterChain.doFilter(FilterChainProxy.java:380)
	at org.springframework.web.filter.CorsFilter.doFilterInternal(CorsFilter.java:91)
	at org.springframework.web.filter.OncePerRequestFilter.doFilter(OncePerRequestFilter.java:116)
	at org.springframework.security.web.FilterChainProxy$VirtualFilterChain.doFilter(FilterChainProxy.java:380)
	at org.springframework.security.web.header.HeaderWriterFilter.doHeadersAfter(HeaderWriterFilter.java:90)
	at org.springframework.security.web.header.HeaderWriterFilter.doFilterInternal(HeaderWriterFilter.java:75)
	at org.springframework.web.filter.OncePerRequestFilter.doFilter(OncePerRequestFilter.java:116)
	at org.springframework.security.web.FilterChainProxy$VirtualFilterChain.doFilter(FilterChainProxy.java:380)
	at org.springframework.security.web.context.SecurityContextHolderFilter.doFilter(SecurityContextHolderFilter.java:82)
	at org.springframework.security.web.context.SecurityContextHolderFilter.doFilter(SecurityContextHolderFilter.java:69)
	at org.springframework.security.web.FilterChainProxy$VirtualFilterChain.doFilter(FilterChainProxy.java:380)
	at org.springframework.security.web.context.request.async.WebAsyncManagerIntegrationFilter.doFilterInternal(WebAsyncManagerIntegrationFilter.java:62)
	at org.springframework.web.filter.OncePerRequestFilter.doFilter(OncePerRequestFilter.java:116)
	at org.springframework.security.web.FilterChainProxy$VirtualFilterChain.doFilter(FilterChainProxy.java:380)
	at org.springframework.security.web.session.DisableEncodeUrlFilter.doFilterInternal(DisableEncodeUrlFilter.java:42)
	at org.springframework.web.filter.OncePerRequestFilter.doFilter(OncePerRequestFilter.java:116)
	at org.springframework.security.web.FilterChainProxy$VirtualFilterChain.doFilter(FilterChainProxy.java:380)
	at org.springframework.security.web.FilterChainProxy.doFilterInternal(FilterChainProxy.java:237)
	at org.springframework.security.web.FilterChainProxy.doFilter(FilterChainProxy.java:195)
	at org.springframework.web.filter.CompositeFilter$VirtualFilterChain.doFilter(CompositeFilter.java:113)
	at org.springframework.web.filter.ServletRequestPathFilter.doFilter(ServletRequestPathFilter.java:52)
	at org.springframework.web.filter.CompositeFilter$VirtualFilterChain.doFilter(CompositeFilter.java:113)
	at org.springframework.web.filter.CompositeFilter.doFilter(CompositeFilter.java:74)
	at org.springframework.security.config.annotation.web.configuration.WebSecurityConfiguration$CompositeFilterChainProxy.doFilter(WebSecurityConfiguration.java:317)
	at org.springframework.web.filter.DelegatingFilterProxy.invokeDelegate(DelegatingFilterProxy.java:355)
	at org.springframework.web.filter.DelegatingFilterProxy.doFilter(DelegatingFilterProxy.java:272)
	at org.apache.catalina.core.ApplicationFilterChain.doFilter(ApplicationFilterChain.java:107)
	at org.springframework.web.filter.RequestContextFilter.doFilterInternal(RequestContextFilter.java:100)
	at org.springframework.web.filter.OncePerRequestFilter.doFilter(OncePerRequestFilter.java:116)
	at org.apache.catalina.core.ApplicationFilterChain.doFilter(ApplicationFilterChain.java:107)
	at org.springframework.web.filter.FormContentFilter.doFilterInternal(FormContentFilter.java:93)
	at org.springframework.web.filter.OncePerRequestFilter.doFilter(OncePerRequestFilter.java:116)
	at org.apache.catalina.core.ApplicationFilterChain.doFilter(ApplicationFilterChain.java:107)
	at org.springframework.web.filter.CharacterEncodingFilter.doFilterInternal(CharacterEncodingFilter.java:199)
	at org.springframework.web.filter.OncePerRequestFilter.doFilter(OncePerRequestFilter.java:116)
	at org.apache.catalina.core.ApplicationFilterChain.doFilter(ApplicationFilterChain.java:107)
	at org.apache.catalina.core.StandardWrapperValve.invoke(StandardWrapperValve.java:165)
	at org.apache.catalina.core.StandardContextValve.invoke(StandardContextValve.java:77)
	at org.apache.catalina.authenticator.AuthenticatorBase.invoke(AuthenticatorBase.java:492)
	at org.apache.catalina.core.StandardHostValve.invoke(StandardHostValve.java:113)
	at org.apache.catalina.valves.ErrorReportValve.invoke(ErrorReportValve.java:83)
	at org.apache.catalina.core.StandardEngineValve.invoke(StandardEngineValve.java:72)
	at org.apache.catalina.connector.CoyoteAdapter.service(CoyoteAdapter.java:341)
	at org.apache.coyote.http11.Http11Processor.service(Http11Processor.java:397)
	at org.apache.coyote.AbstractProcessorLight.process(AbstractProcessorLight.java:63)
	at org.apache.coyote.AbstractProtocol$ConnectionHandler.process(AbstractProtocol.java:903)
	at org.apache.tomcat.util.net.NioEndpoint$SocketProcessor.doRun(NioEndpoint.java:1779)
	at org.apache.tomcat.util.net.SocketProcessorBase.run(SocketProcessorBase.java:52)
	at org.apache.tomcat.util.threads.ThreadPoolExecutor.runWorker(ThreadPoolExecutor.java:946)
	at org.apache.tomcat.util.threads.ThreadPoolExecutor$Worker.run(ThreadPoolExecutor.java:480)
	at org.apache.tomcat.util.threads.TaskThread$WrappingRunnable.run(TaskThread.java:57)
	at java.base/java.lang.Thread.run(Thread.java:840)
2026-04-11 11:42:41.343 [http-nio-8080-exec-4] DEBUG o.s.w.s.m.m.a.HttpEntityMethodProcessor - Writing [[]]
2026-04-11 11:42:41.343 [http-nio-8080-exec-3] DEBUG o.s.security.web.FilterChainProxy - Securing OPTIONS /api/materials
2026-04-11 11:42:41.343 [http-nio-8080-exec-2] DEBUG o.s.security.web.FilterChainProxy - Securing OPTIONS /api/materials
2026-04-11 11:42:41.344 [http-nio-8080-exec-7] DEBUG o.s.w.s.m.m.a.HttpEntityMethodProcessor - Using 'application/json', given [application/json, text/plain, */*] and supported [application/json, application/*+json]
2026-04-11 11:42:41.344 [http-nio-8080-exec-7] DEBUG o.s.w.s.m.m.a.HttpEntityMethodProcessor - Writing [{error=Внутренняя ошибка сервера}]
2026-04-11 11:42:41.344 [http-nio-8080-exec-4] DEBUG o.s.web.servlet.DispatcherServlet - Completed 200 OK
2026-04-11 11:42:41.344 [http-nio-8080-exec-7] DEBUG o.s.w.s.m.m.a.ExceptionHandlerExceptionResolver - Resolved [java.lang.NullPointerException]
2026-04-11 11:42:41.344 [http-nio-8080-exec-7] DEBUG o.s.web.servlet.DispatcherServlet - Completed 500 INTERNAL_SERVER_ERROR
2026-04-11 11:42:41.344 [http-nio-8080-exec-9] DEBUG org.hibernate.SQL - 
    select
        r1_0.student_id,
        r1_0.id,
        r1_0.rate_per_lesson,
        r1_0.tutor_id,
        t1_0.id,
        t1_0.about,
        t1_0.avatar,
        t1_0.birthday,
        t1_0.city,
        t1_0.created_at,
        t1_0.email,
        t1_0.full_name,
        t1_0.is_active,
        t1_0.password_hash,
        t1_0.phone,
        t1_0.role 
    from
        student_rate r1_0 
    left join
        tutor t1_0 
            on t1_0.id=r1_0.tutor_id 
    where
        r1_0.student_id=?
2026-04-11 11:42:41.344 [http-nio-8080-exec-6] DEBUG org.hibernate.SQL - 
    select
        r1_0.student_id,
        r1_0.id,
        r1_0.rate_per_lesson,
        r1_0.tutor_id,
        t1_0.id,
        t1_0.about,
        t1_0.avatar,
        t1_0.birthday,
        t1_0.city,
        t1_0.created_at,
        t1_0.email,
        t1_0.full_name,
        t1_0.is_active,
        t1_0.password_hash,
        t1_0.phone,
        t1_0.role 
    from
        student_rate r1_0 
    left join
        tutor t1_0 
            on t1_0.id=r1_0.tutor_id 
    where
        r1_0.student_id=?
2026-04-11 11:42:41.346 [http-nio-8080-exec-6] DEBUG o.s.w.s.m.m.a.HttpEntityMethodProcessor - Using 'application/json', given [application/json, text/plain, */*] and supported [application/json, application/*+json]
2026-04-11 11:42:41.346 [http-nio-8080-exec-9] DEBUG o.s.w.s.m.m.a.HttpEntityMethodProcessor - Using 'application/json', given [application/json, text/plain, */*] and supported [application/json, application/*+json]
2026-04-11 11:42:41.346 [http-nio-8080-exec-6] DEBUG o.s.w.s.m.m.a.HttpEntityMethodProcessor - Writing [[com.example.demo.entity.Student@62433d7c]]
2026-04-11 11:42:41.346 [http-nio-8080-exec-9] DEBUG o.s.w.s.m.m.a.HttpEntityMethodProcessor - Writing [[com.example.demo.entity.Student@75bd42a5]]
2026-04-11 11:42:41.347 [http-nio-8080-exec-8] DEBUG o.s.security.web.FilterChainProxy - Securing GET /api/materials
2026-04-11 11:42:41.347 [http-nio-8080-exec-10] DEBUG o.s.security.web.FilterChainProxy - Securing GET /api/materials
2026-04-11 11:42:41.347 [http-nio-8080-exec-6] DEBUG o.s.web.servlet.DispatcherServlet - Completed 200 OK
2026-04-11 11:42:41.347 [http-nio-8080-exec-9] DEBUG o.s.web.servlet.DispatcherServlet - Completed 200 OK
2026-04-11 11:42:41.347 [http-nio-8080-exec-5] DEBUG o.s.security.web.FilterChainProxy - Securing GET /api/materials
2026-04-11 11:42:41.348 [http-nio-8080-exec-1] DEBUG o.s.security.web.FilterChainProxy - Securing GET /api/materials
2026-04-11 11:42:41.352 [http-nio-8080-exec-8] DEBUG o.s.security.web.FilterChainProxy - Secured GET /api/materials
2026-04-11 11:42:41.353 [http-nio-8080-exec-8] DEBUG o.s.web.servlet.DispatcherServlet - GET "/api/materials", parameters={}
2026-04-11 11:42:41.353 [http-nio-8080-exec-1] DEBUG o.s.security.web.FilterChainProxy - Secured GET /api/materials
2026-04-11 11:42:41.353 [http-nio-8080-exec-8] DEBUG o.s.w.s.m.m.a.RequestMappingHandlerMapping - Mapped to com.example.demo.controller.MaterialController#getMaterials(Long, Long)
2026-04-11 11:42:41.353 [http-nio-8080-exec-1] DEBUG o.s.web.servlet.DispatcherServlet - GET "/api/materials", parameters={}
2026-04-11 11:42:41.353 [http-nio-8080-exec-1] DEBUG o.s.w.s.m.m.a.RequestMappingHandlerMapping - Mapped to com.example.demo.controller.MaterialController#getMaterials(Long, Long)
2026-04-11 11:42:41.353 [http-nio-8080-exec-10] DEBUG o.s.security.web.FilterChainProxy - Secured GET /api/materials
2026-04-11 11:42:41.353 [http-nio-8080-exec-10] DEBUG o.s.web.servlet.DispatcherServlet - GET "/api/materials", parameters={}
2026-04-11 11:42:41.353 [http-nio-8080-exec-5] DEBUG o.s.security.web.FilterChainProxy - Secured GET /api/materials
2026-04-11 11:42:41.353 [http-nio-8080-exec-10] DEBUG o.s.w.s.m.m.a.RequestMappingHandlerMapping - Mapped to com.example.demo.controller.MaterialController#getMaterials(Long, Long)
2026-04-11 11:42:41.353 [http-nio-8080-exec-5] DEBUG o.s.web.servlet.DispatcherServlet - GET "/api/materials", parameters={}
2026-04-11 11:42:41.353 [http-nio-8080-exec-5] DEBUG o.s.w.s.m.m.a.RequestMappingHandlerMapping - Mapped to com.example.demo.controller.MaterialController#getMaterials(Long, Long)
2026-04-11 11:42:41.354 [http-nio-8080-exec-1] DEBUG o.s.s.a.m.AuthorizationManagerBeforeMethodInterceptor - Authorizing method invocation ReflectiveMethodInvocation: public org.springframework.http.ResponseEntity com.example.demo.controller.MaterialController.getMaterials(java.lang.Long,java.lang.Long); target is of class [com.example.demo.controller.MaterialController]
2026-04-11 11:42:41.354 [http-nio-8080-exec-8] DEBUG o.s.s.a.m.AuthorizationManagerBeforeMethodInterceptor - Authorizing method invocation ReflectiveMethodInvocation: public org.springframework.http.ResponseEntity com.example.demo.controller.MaterialController.getMaterials(java.lang.Long,java.lang.Long); target is of class [com.example.demo.controller.MaterialController]
2026-04-11 11:42:41.354 [http-nio-8080-exec-5] DEBUG o.s.s.a.m.AuthorizationManagerBeforeMethodInterceptor - Authorizing method invocation ReflectiveMethodInvocation: public org.springframework.http.ResponseEntity com.example.demo.controller.MaterialController.getMaterials(java.lang.Long,java.lang.Long); target is of class [com.example.demo.controller.MaterialController]
2026-04-11 11:42:41.354 [http-nio-8080-exec-10] DEBUG o.s.s.a.m.AuthorizationManagerBeforeMethodInterceptor - Authorizing method invocation ReflectiveMethodInvocation: public org.springframework.http.ResponseEntity com.example.demo.controller.MaterialController.getMaterials(java.lang.Long,java.lang.Long); target is of class [com.example.demo.controller.MaterialController]
2026-04-11 11:42:41.354 [http-nio-8080-exec-1] DEBUG o.s.s.a.m.AuthorizationManagerBeforeMethodInterceptor - Authorized method invocation ReflectiveMethodInvocation: public org.springframework.http.ResponseEntity com.example.demo.controller.MaterialController.getMaterials(java.lang.Long,java.lang.Long); target is of class [com.example.demo.controller.MaterialController]
2026-04-11 11:42:41.354 [http-nio-8080-exec-8] DEBUG o.s.s.a.m.AuthorizationManagerBeforeMethodInterceptor - Authorized method invocation ReflectiveMethodInvocation: public org.springframework.http.ResponseEntity com.example.demo.controller.MaterialController.getMaterials(java.lang.Long,java.lang.Long); target is of class [com.example.demo.controller.MaterialController]
2026-04-11 11:42:41.354 [http-nio-8080-exec-10] DEBUG o.s.s.a.m.AuthorizationManagerBeforeMethodInterceptor - Authorized method invocation ReflectiveMethodInvocation: public org.springframework.http.ResponseEntity com.example.demo.controller.MaterialController.getMaterials(java.lang.Long,java.lang.Long); target is of class [com.example.demo.controller.MaterialController]
2026-04-11 11:42:41.354 [http-nio-8080-exec-5] DEBUG o.s.s.a.m.AuthorizationManagerBeforeMethodInterceptor - Authorized method invocation ReflectiveMethodInvocation: public org.springframework.http.ResponseEntity com.example.demo.controller.MaterialController.getMaterials(java.lang.Long,java.lang.Long); target is of class [com.example.demo.controller.MaterialController]
2026-04-11 11:42:41.359 [http-nio-8080-exec-5] DEBUG org.hibernate.SQL - 
    select
        m1_0.id,
        m1_0.course_id,
        m1_0.created_at,
        m1_0.description,
        m1_0.file_name,
        m1_0.file_path,
        m1_0.file_size,
        m1_0.file_type,
        m1_0.folder_id,
        m1_0.student_id,
        m1_0.title,
        m1_0.tutor_id,
        m1_0.updated_at 
    from
        material m1_0 
    where
        m1_0.tutor_id=? 
        and m1_0.folder_id is null
2026-04-11 11:42:41.359 [http-nio-8080-exec-8] DEBUG org.hibernate.SQL - 
    select
        m1_0.id,
        m1_0.course_id,
        m1_0.created_at,
        m1_0.description,
        m1_0.file_name,
        m1_0.file_path,
        m1_0.file_size,
        m1_0.file_type,
        m1_0.folder_id,
        m1_0.student_id,
        m1_0.title,
        m1_0.tutor_id,
        m1_0.updated_at 
    from
        material m1_0 
    where
        m1_0.tutor_id=? 
        and m1_0.folder_id is null
2026-04-11 11:42:41.359 [http-nio-8080-exec-1] DEBUG org.hibernate.SQL - 
    select
        m1_0.id,
        m1_0.course_id,
        m1_0.created_at,
        m1_0.description,
        m1_0.file_name,
        m1_0.file_path,
        m1_0.file_size,
        m1_0.file_type,
        m1_0.folder_id,
        m1_0.student_id,
        m1_0.title,
        m1_0.tutor_id,
        m1_0.updated_at 
    from
        material m1_0 
    where
        m1_0.tutor_id=? 
        and m1_0.folder_id is null
2026-04-11 11:42:41.359 [http-nio-8080-exec-10] DEBUG org.hibernate.SQL - 
    select
        m1_0.id,
        m1_0.course_id,
        m1_0.created_at,
        m1_0.description,
        m1_0.file_name,
        m1_0.file_path,
        m1_0.file_size,
        m1_0.file_type,
        m1_0.folder_id,
        m1_0.student_id,
        m1_0.title,
        m1_0.tutor_id,
        m1_0.updated_at 
    from
        material m1_0 
    where
        m1_0.tutor_id=? 
        and m1_0.folder_id is null
2026-04-11 11:42:41.366 [http-nio-8080-exec-5] DEBUG org.hibernate.SQL - 
    select
        mf1_0.id,
        mf1_0.course_id,
        mf1_0.created_at,
        mf1_0.name,
        mf1_0.parent_folder_id,
        mf1_0.tutor_id 
    from
        material_folder mf1_0 
    where
        mf1_0.tutor_id=? 
        and mf1_0.parent_folder_id is null
2026-04-11 11:42:41.366 [http-nio-8080-exec-10] DEBUG org.hibernate.SQL - 
    select
        mf1_0.id,
        mf1_0.course_id,
        mf1_0.created_at,
        mf1_0.name,
        mf1_0.parent_folder_id,
        mf1_0.tutor_id 
    from
        material_folder mf1_0 
    where
        mf1_0.tutor_id=? 
        and mf1_0.parent_folder_id is null
2026-04-11 11:42:41.366 [http-nio-8080-exec-8] DEBUG org.hibernate.SQL - 
    select
        mf1_0.id,
        mf1_0.course_id,
        mf1_0.created_at,
        mf1_0.name,
        mf1_0.parent_folder_id,
        mf1_0.tutor_id 
    from
        material_folder mf1_0 
    where
        mf1_0.tutor_id=? 
        and mf1_0.parent_folder_id is null
2026-04-11 11:42:41.366 [http-nio-8080-exec-1] DEBUG org.hibernate.SQL - 
    select
        mf1_0.id,
        mf1_0.course_id,
        mf1_0.created_at,
        mf1_0.name,
        mf1_0.parent_folder_id,
        mf1_0.tutor_id 
    from
        material_folder mf1_0 
    where
        mf1_0.tutor_id=? 
        and mf1_0.parent_folder_id is null
2026-04-11 11:42:41.369 [http-nio-8080-exec-8] DEBUG o.s.w.s.m.m.a.HttpEntityMethodProcessor - Using 'application/json', given [application/json, text/plain, */*] and supported [application/json, application/*+json]
2026-04-11 11:42:41.369 [http-nio-8080-exec-5] DEBUG o.s.w.s.m.m.a.HttpEntityMethodProcessor - Using 'application/json', given [application/json, text/plain, */*] and supported [application/json, application/*+json]
2026-04-11 11:42:41.369 [http-nio-8080-exec-10] DEBUG o.s.w.s.m.m.a.HttpEntityMethodProcessor - Using 'application/json', given [application/json, text/plain, */*] and supported [application/json, application/*+json]
2026-04-11 11:42:41.369 [http-nio-8080-exec-1] DEBUG o.s.w.s.m.m.a.HttpEntityMethodProcessor - Using 'application/json', given [application/json, text/plain, */*] and supported [application/json, application/*+json]
2026-04-11 11:42:41.369 [http-nio-8080-exec-1] DEBUG o.s.w.s.m.m.a.HttpEntityMethodProcessor - Writing [{folders=[], materials=[]}]
2026-04-11 11:42:41.369 [http-nio-8080-exec-8] DEBUG o.s.w.s.m.m.a.HttpEntityMethodProcessor - Writing [{folders=[], materials=[]}]
2026-04-11 11:42:41.369 [http-nio-8080-exec-10] DEBUG o.s.w.s.m.m.a.HttpEntityMethodProcessor - Writing [{folders=[], materials=[]}]
2026-04-11 11:42:41.369 [http-nio-8080-exec-5] DEBUG o.s.w.s.m.m.a.HttpEntityMethodProcessor - Writing [{folders=[], materials=[]}]
2026-04-11 11:42:41.370 [http-nio-8080-exec-8] DEBUG o.s.web.servlet.DispatcherServlet - Completed 200 OK
2026-04-11 11:42:41.370 [http-nio-8080-exec-1] DEBUG o.s.web.servlet.DispatcherServlet - Completed 200 OK
2026-04-11 11:42:41.370 [http-nio-8080-exec-5] DEBUG o.s.web.servlet.DispatcherServlet - Completed 200 OK
2026-04-11 11:42:41.370 [http-nio-8080-exec-10] DEBUG o.s.web.servlet.DispatcherServlet - Completed 200 OK
2026-04-11 11:42:41.453 [http-nio-8080-exec-4] DEBUG o.s.security.web.FilterChainProxy - Securing OPTIONS /api/materials/folders
2026-04-11 11:42:41.453 [http-nio-8080-exec-2] DEBUG o.s.security.web.FilterChainProxy - Securing OPTIONS /api/materials/folders
2026-04-11 11:42:41.453 [http-nio-8080-exec-7] DEBUG o.s.security.web.FilterChainProxy - Securing OPTIONS /api/materials/folders
2026-04-11 11:42:41.453 [http-nio-8080-exec-3] DEBUG o.s.security.web.FilterChainProxy - Securing OPTIONS /api/materials/folders
2026-04-11 11:42:41.457 [http-nio-8080-exec-9] DEBUG o.s.security.web.FilterChainProxy - Securing GET /api/materials/folders
2026-04-11 11:42:41.458 [http-nio-8080-exec-1] DEBUG o.s.security.web.FilterChainProxy - Securing GET /api/materials/folders
2026-04-11 11:42:41.457 [http-nio-8080-exec-5] DEBUG o.s.security.web.FilterChainProxy - Securing GET /api/materials/folders
2026-04-11 11:42:41.457 [http-nio-8080-exec-6] DEBUG o.s.security.web.FilterChainProxy - Securing GET /api/materials/folders
2026-04-11 11:42:41.464 [http-nio-8080-exec-1] DEBUG o.s.security.web.FilterChainProxy - Secured GET /api/materials/folders
2026-04-11 11:42:41.464 [http-nio-8080-exec-1] DEBUG o.s.web.servlet.DispatcherServlet - GET "/api/materials/folders", parameters={}
2026-04-11 11:42:41.464 [http-nio-8080-exec-5] DEBUG o.s.security.web.FilterChainProxy - Secured GET /api/materials/folders
2026-04-11 11:42:41.464 [http-nio-8080-exec-5] DEBUG o.s.web.servlet.DispatcherServlet - GET "/api/materials/folders", parameters={}
2026-04-11 11:42:41.464 [http-nio-8080-exec-1] DEBUG o.s.w.s.m.m.a.RequestMappingHandlerMapping - Mapped to com.example.demo.controller.MaterialController#getFolders(Long)
2026-04-11 11:42:41.464 [http-nio-8080-exec-5] DEBUG o.s.w.s.m.m.a.RequestMappingHandlerMapping - Mapped to com.example.demo.controller.MaterialController#getFolders(Long)
2026-04-11 11:42:41.464 [http-nio-8080-exec-9] DEBUG o.s.security.web.FilterChainProxy - Secured GET /api/materials/folders
2026-04-11 11:42:41.464 [http-nio-8080-exec-6] DEBUG o.s.security.web.FilterChainProxy - Secured GET /api/materials/folders
2026-04-11 11:42:41.464 [http-nio-8080-exec-9] DEBUG o.s.web.servlet.DispatcherServlet - GET "/api/materials/folders", parameters={}
2026-04-11 11:42:41.464 [http-nio-8080-exec-6] DEBUG o.s.web.servlet.DispatcherServlet - GET "/api/materials/folders", parameters={}
2026-04-11 11:42:41.464 [http-nio-8080-exec-9] DEBUG o.s.w.s.m.m.a.RequestMappingHandlerMapping - Mapped to com.example.demo.controller.MaterialController#getFolders(Long)
2026-04-11 11:42:41.464 [http-nio-8080-exec-6] DEBUG o.s.w.s.m.m.a.RequestMappingHandlerMapping - Mapped to com.example.demo.controller.MaterialController#getFolders(Long)
2026-04-11 11:42:41.465 [http-nio-8080-exec-1] DEBUG o.s.s.a.m.AuthorizationManagerBeforeMethodInterceptor - Authorizing method invocation ReflectiveMethodInvocation: public org.springframework.http.ResponseEntity com.example.demo.controller.MaterialController.getFolders(java.lang.Long); target is of class [com.example.demo.controller.MaterialController]
2026-04-11 11:42:41.465 [http-nio-8080-exec-9] DEBUG o.s.s.a.m.AuthorizationManagerBeforeMethodInterceptor - Authorizing method invocation ReflectiveMethodInvocation: public org.springframework.http.ResponseEntity com.example.demo.controller.MaterialController.getFolders(java.lang.Long); target is of class [com.example.demo.controller.MaterialController]
2026-04-11 11:42:41.465 [http-nio-8080-exec-5] DEBUG o.s.s.a.m.AuthorizationManagerBeforeMethodInterceptor - Authorizing method invocation ReflectiveMethodInvocation: public org.springframework.http.ResponseEntity com.example.demo.controller.MaterialController.getFolders(java.lang.Long); target is of class [com.example.demo.controller.MaterialController]
2026-04-11 11:42:41.465 [http-nio-8080-exec-6] DEBUG o.s.s.a.m.AuthorizationManagerBeforeMethodInterceptor - Authorizing method invocation ReflectiveMethodInvocation: public org.springframework.http.ResponseEntity com.example.demo.controller.MaterialController.getFolders(java.lang.Long); target is of class [com.example.demo.controller.MaterialController]
2026-04-11 11:42:41.465 [http-nio-8080-exec-1] DEBUG o.s.s.a.m.AuthorizationManagerBeforeMethodInterceptor - Authorized method invocation ReflectiveMethodInvocation: public org.springframework.http.ResponseEntity com.example.demo.controller.MaterialController.getFolders(java.lang.Long); target is of class [com.example.demo.controller.MaterialController]
2026-04-11 11:42:41.465 [http-nio-8080-exec-9] DEBUG o.s.s.a.m.AuthorizationManagerBeforeMethodInterceptor - Authorized method invocation ReflectiveMethodInvocation: public org.springframework.http.ResponseEntity com.example.demo.controller.MaterialController.getFolders(java.lang.Long); target is of class [com.example.demo.controller.MaterialController]
2026-04-11 11:42:41.465 [http-nio-8080-exec-5] DEBUG o.s.s.a.m.AuthorizationManagerBeforeMethodInterceptor - Authorized method invocation ReflectiveMethodInvocation: public org.springframework.http.ResponseEntity com.example.demo.controller.MaterialController.getFolders(java.lang.Long); target is of class [com.example.demo.controller.MaterialController]
2026-04-11 11:42:41.465 [http-nio-8080-exec-6] DEBUG o.s.s.a.m.AuthorizationManagerBeforeMethodInterceptor - Authorized method invocation ReflectiveMethodInvocation: public org.springframework.http.ResponseEntity com.example.demo.controller.MaterialController.getFolders(java.lang.Long); target is of class [com.example.demo.controller.MaterialController]
2026-04-11 11:42:41.467 [http-nio-8080-exec-6] DEBUG org.hibernate.SQL - 
    select
        mf1_0.id,
        mf1_0.course_id,
        mf1_0.created_at,
        mf1_0.name,
        mf1_0.parent_folder_id,
        mf1_0.tutor_id 
    from
        material_folder mf1_0 
    where
        mf1_0.tutor_id=?
2026-04-11 11:42:41.467 [http-nio-8080-exec-1] DEBUG org.hibernate.SQL - 
    select
        mf1_0.id,
        mf1_0.course_id,
        mf1_0.created_at,
        mf1_0.name,
        mf1_0.parent_folder_id,
        mf1_0.tutor_id 
    from
        material_folder mf1_0 
    where
        mf1_0.tutor_id=?
2026-04-11 11:42:41.467 [http-nio-8080-exec-5] DEBUG org.hibernate.SQL - 
    select
        mf1_0.id,
        mf1_0.course_id,
        mf1_0.created_at,
        mf1_0.name,
        mf1_0.parent_folder_id,
        mf1_0.tutor_id 
    from
        material_folder mf1_0 
    where
        mf1_0.tutor_id=?
2026-04-11 11:42:41.467 [http-nio-8080-exec-9] DEBUG org.hibernate.SQL - 
    select
        mf1_0.id,
        mf1_0.course_id,
        mf1_0.created_at,
        mf1_0.name,
        mf1_0.parent_folder_id,
        mf1_0.tutor_id 
    from
        material_folder mf1_0 
    where
        mf1_0.tutor_id=?
2026-04-11 11:42:41.469 [http-nio-8080-exec-1] DEBUG o.s.w.s.m.m.a.HttpEntityMethodProcessor - Using 'application/json', given [application/json, text/plain, */*] and supported [application/json, application/*+json]
2026-04-11 11:42:41.469 [http-nio-8080-exec-6] DEBUG o.s.w.s.m.m.a.HttpEntityMethodProcessor - Using 'application/json', given [application/json, text/plain, */*] and supported [application/json, application/*+json]
2026-04-11 11:42:41.469 [http-nio-8080-exec-5] DEBUG o.s.w.s.m.m.a.HttpEntityMethodProcessor - Using 'application/json', given [application/json, text/plain, */*] and supported [application/json, application/*+json]
2026-04-11 11:42:41.469 [http-nio-8080-exec-1] DEBUG o.s.w.s.m.m.a.HttpEntityMethodProcessor - Writing [[]]
2026-04-11 11:42:41.469 [http-nio-8080-exec-5] DEBUG o.s.w.s.m.m.a.HttpEntityMethodProcessor - Writing [[]]
2026-04-11 11:42:41.469 [http-nio-8080-exec-6] DEBUG o.s.w.s.m.m.a.HttpEntityMethodProcessor - Writing [[]]
2026-04-11 11:42:41.469 [http-nio-8080-exec-9] DEBUG o.s.w.s.m.m.a.HttpEntityMethodProcessor - Using 'application/json', given [application/json, text/plain, */*] and supported [application/json, application/*+json]
2026-04-11 11:42:41.470 [http-nio-8080-exec-9] DEBUG o.s.w.s.m.m.a.HttpEntityMethodProcessor - Writing [[]]
2026-04-11 11:42:41.470 [http-nio-8080-exec-5] DEBUG o.s.web.servlet.DispatcherServlet - Completed 200 OK
2026-04-11 11:42:41.470 [http-nio-8080-exec-6] DEBUG o.s.web.servlet.DispatcherServlet - Completed 200 OK
2026-04-11 11:42:41.470 [http-nio-8080-exec-1] DEBUG o.s.web.servlet.DispatcherServlet - Completed 200 OK
2026-04-11 11:42:41.470 [http-nio-8080-exec-9] DEBUG o.s.web.servlet.DispatcherServlet - Completed 200 OK
2026-04-11 11:42:43.120 [http-nio-8080-exec-8] DEBUG o.s.security.web.FilterChainProxy - Securing GET /api/tutors/3/avatar
2026-04-11 11:42:43.122 [http-nio-8080-exec-10] DEBUG o.s.security.web.FilterChainProxy - Securing GET /api/students/tutor/3
2026-04-11 11:42:43.124 [http-nio-8080-exec-8] DEBUG o.s.security.web.FilterChainProxy - Secured GET /api/tutors/3/avatar
2026-04-11 11:42:43.124 [http-nio-8080-exec-8] DEBUG o.s.web.servlet.DispatcherServlet - GET "/api/tutors/3/avatar", parameters={}
2026-04-11 11:42:43.125 [http-nio-8080-exec-3] DEBUG o.s.security.web.FilterChainProxy - Securing GET /api/courses/tutor/3
2026-04-11 11:42:43.125 [http-nio-8080-exec-8] DEBUG o.s.w.s.m.m.a.RequestMappingHandlerMapping - Mapped to com.example.demo.controller.TutorController#getAvatar(Long)
2026-04-11 11:42:43.126 [http-nio-8080-exec-8] DEBUG org.hibernate.SQL - 
    select
        t1_0.id,
        t1_0.about,
        t1_0.avatar,
        t1_0.birthday,
        t1_0.city,
        t1_0.created_at,
        t1_0.email,
        t1_0.full_name,
        t1_0.is_active,
        t1_0.password_hash,
        t1_0.phone,
        t1_0.role 
    from
        tutor t1_0 
    where
        t1_0.id=?
2026-04-11 11:42:43.126 [http-nio-8080-exec-4] DEBUG o.s.security.web.FilterChainProxy - Securing OPTIONS /api/integration/tasks/search
2026-04-11 11:42:43.126 [http-nio-8080-exec-7] DEBUG o.s.security.web.FilterChainProxy - Securing OPTIONS /api/variants
2026-04-11 11:42:43.126 [http-nio-8080-exec-2] DEBUG o.s.security.web.FilterChainProxy - Securing GET /api/students/tutor/3
2026-04-11 11:42:43.127 [http-nio-8080-exec-10] DEBUG o.s.security.web.FilterChainProxy - Secured GET /api/students/tutor/3
2026-04-11 11:42:43.127 [http-nio-8080-exec-10] DEBUG o.s.web.servlet.DispatcherServlet - GET "/api/students/tutor/3", parameters={}
2026-04-11 11:42:43.127 [http-nio-8080-exec-10] DEBUG o.s.w.s.m.m.a.RequestMappingHandlerMapping - Mapped to com.example.demo.controller.StudentController#getStudentsByTutor(Long, Long, String)
2026-04-11 11:42:43.128 [http-nio-8080-exec-5] DEBUG o.s.security.web.FilterChainProxy - Securing GET /api/courses/tutor/3
2026-04-11 11:42:43.128 [http-nio-8080-exec-10] DEBUG o.s.s.a.m.AuthorizationManagerBeforeMethodInterceptor - Authorizing method invocation ReflectiveMethodInvocation: public org.springframework.http.ResponseEntity com.example.demo.controller.StudentController.getStudentsByTutor(java.lang.Long,java.lang.Long,java.lang.String); target is of class [com.example.demo.controller.StudentController]
2026-04-11 11:42:43.128 [http-nio-8080-exec-10] DEBUG o.s.s.a.m.AuthorizationManagerBeforeMethodInterceptor - Authorized method invocation ReflectiveMethodInvocation: public org.springframework.http.ResponseEntity com.example.demo.controller.StudentController.getStudentsByTutor(java.lang.Long,java.lang.Long,java.lang.String); target is of class [com.example.demo.controller.StudentController]
2026-04-11 11:42:43.129 [http-nio-8080-exec-8] DEBUG o.s.w.s.m.m.a.ExceptionHandlerExceptionResolver - Using @ExceptionHandler com.example.demo.exception.GlobalExceptionHandler#handleRuntimeException(RuntimeException)
2026-04-11 11:42:43.129 [http-nio-8080-exec-8] ERROR c.e.d.e.GlobalExceptionHandler - Ошибка выполнения: null
java.lang.NullPointerException
	at java.base/java.util.Objects.requireNonNull(Objects.java:209)
	at java.base/java.util.ImmutableCollections$Map1.<init>(ImmutableCollections.java:1105)
	at java.base/java.util.Map.of(Map.java:1353)
	at com.example.demo.controller.TutorController.getAvatar(TutorController.java:93)
	at java.base/jdk.internal.reflect.NativeMethodAccessorImpl.invoke0(Native Method)
	at java.base/jdk.internal.reflect.NativeMethodAccessorImpl.invoke(NativeMethodAccessorImpl.java:77)
	at java.base/jdk.internal.reflect.DelegatingMethodAccessorImpl.invoke(DelegatingMethodAccessorImpl.java:43)
	at java.base/java.lang.reflect.Method.invoke(Method.java:569)
	at org.springframework.web.method.support.InvocableHandlerMethod.doInvoke(InvocableHandlerMethod.java:252)
	at org.springframework.web.method.support.InvocableHandlerMethod.invokeForRequest(InvocableHandlerMethod.java:184)
	at org.springframework.web.servlet.mvc.method.annotation.ServletInvocableHandlerMethod.invokeAndHandle(ServletInvocableHandlerMethod.java:117)
	at org.springframework.web.servlet.mvc.method.annotation.RequestMappingHandlerAdapter.invokeHandlerMethod(RequestMappingHandlerAdapter.java:934)
	at org.springframework.web.servlet.mvc.method.annotation.RequestMappingHandlerAdapter.handleInternal(RequestMappingHandlerAdapter.java:853)
	at org.springframework.web.servlet.mvc.method.AbstractHandlerMethodAdapter.handle(AbstractHandlerMethodAdapter.java:86)
	at org.springframework.web.servlet.DispatcherServlet.doDispatch(DispatcherServlet.java:963)
	at org.springframework.web.servlet.DispatcherServlet.doService(DispatcherServlet.java:866)
	at org.springframework.web.servlet.FrameworkServlet.processRequest(FrameworkServlet.java:1000)
	at org.springframework.web.servlet.FrameworkServlet.doGet(FrameworkServlet.java:892)
	at jakarta.servlet.http.HttpServlet.service(HttpServlet.java:622)
	at org.springframework.web.servlet.FrameworkServlet.service(FrameworkServlet.java:874)
	at jakarta.servlet.http.HttpServlet.service(HttpServlet.java:710)
	at org.apache.catalina.core.ApplicationFilterChain.doFilter(ApplicationFilterChain.java:128)
	at org.apache.tomcat.websocket.server.WsFilter.doFilter(WsFilter.java:53)
	at org.apache.catalina.core.ApplicationFilterChain.doFilter(ApplicationFilterChain.java:107)
	at org.springframework.web.filter.OncePerRequestFilter.doFilter(OncePerRequestFilter.java:110)
	at org.apache.catalina.core.ApplicationFilterChain.doFilter(ApplicationFilterChain.java:107)
	at org.springframework.web.filter.CompositeFilter$VirtualFilterChain.doFilter(CompositeFilter.java:108)
	at org.springframework.security.web.FilterChainProxy.lambda$doFilterInternal$3(FilterChainProxy.java:235)
	at org.springframework.security.web.FilterChainProxy$VirtualFilterChain.doFilter(FilterChainProxy.java:371)
	at org.springframework.security.web.access.intercept.AuthorizationFilter.doFilter(AuthorizationFilter.java:101)
	at org.springframework.security.web.FilterChainProxy$VirtualFilterChain.doFilter(FilterChainProxy.java:380)
	at org.springframework.security.web.access.ExceptionTranslationFilter.doFilter(ExceptionTranslationFilter.java:126)
	at org.springframework.security.web.access.ExceptionTranslationFilter.doFilter(ExceptionTranslationFilter.java:120)
	at org.springframework.security.web.FilterChainProxy$VirtualFilterChain.doFilter(FilterChainProxy.java:380)
	at org.springframework.security.web.session.SessionManagementFilter.doFilter(SessionManagementFilter.java:132)
	at org.springframework.security.web.session.SessionManagementFilter.doFilter(SessionManagementFilter.java:86)
	at org.springframework.security.web.FilterChainProxy$VirtualFilterChain.doFilter(FilterChainProxy.java:380)
	at org.springframework.security.web.authentication.AnonymousAuthenticationFilter.doFilter(AnonymousAuthenticationFilter.java:100)
	at org.springframework.security.web.FilterChainProxy$VirtualFilterChain.doFilter(FilterChainProxy.java:380)
	at org.springframework.security.web.servletapi.SecurityContextHolderAwareRequestFilter.doFilter(SecurityContextHolderAwareRequestFilter.java:181)
	at org.springframework.security.web.FilterChainProxy$VirtualFilterChain.doFilter(FilterChainProxy.java:380)
	at org.springframework.security.web.savedrequest.RequestCacheAwareFilter.doFilter(RequestCacheAwareFilter.java:63)
	at org.springframework.security.web.FilterChainProxy$VirtualFilterChain.doFilter(FilterChainProxy.java:380)
	at com.example.demo.config.AuthTokenFilter.doFilterInternal(AuthTokenFilter.java:59)
	at org.springframework.web.filter.OncePerRequestFilter.doFilter(OncePerRequestFilter.java:116)
	at org.springframework.security.web.FilterChainProxy$VirtualFilterChain.doFilter(FilterChainProxy.java:380)
	at org.springframework.security.web.authentication.logout.LogoutFilter.doFilter(LogoutFilter.java:110)
	at org.springframework.security.web.authentication.logout.LogoutFilter.doFilter(LogoutFilter.java:96)
	at org.springframework.security.web.FilterChainProxy$VirtualFilterChain.doFilter(FilterChainProxy.java:380)
	at org.springframework.web.filter.CorsFilter.doFilterInternal(CorsFilter.java:91)
	at org.springframework.web.filter.OncePerRequestFilter.doFilter(OncePerRequestFilter.java:116)
	at org.springframework.security.web.FilterChainProxy$VirtualFilterChain.doFilter(FilterChainProxy.java:380)
	at org.springframework.security.web.header.HeaderWriterFilter.doHeadersAfter(HeaderWriterFilter.java:90)
	at org.springframework.security.web.header.HeaderWriterFilter.doFilterInternal(HeaderWriterFilter.java:75)
	at org.springframework.web.filter.OncePerRequestFilter.doFilter(OncePerRequestFilter.java:116)
	at org.springframework.security.web.FilterChainProxy$VirtualFilterChain.doFilter(FilterChainProxy.java:380)
	at org.springframework.security.web.context.SecurityContextHolderFilter.doFilter(SecurityContextHolderFilter.java:82)
	at org.springframework.security.web.context.SecurityContextHolderFilter.doFilter(SecurityContextHolderFilter.java:69)
	at org.springframework.security.web.FilterChainProxy$VirtualFilterChain.doFilter(FilterChainProxy.java:380)
	at org.springframework.security.web.context.request.async.WebAsyncManagerIntegrationFilter.doFilterInternal(WebAsyncManagerIntegrationFilter.java:62)
	at org.springframework.web.filter.OncePerRequestFilter.doFilter(OncePerRequestFilter.java:116)
	at org.springframework.security.web.FilterChainProxy$VirtualFilterChain.doFilter(FilterChainProxy.java:380)
	at org.springframework.security.web.session.DisableEncodeUrlFilter.doFilterInternal(DisableEncodeUrlFilter.java:42)
	at org.springframework.web.filter.OncePerRequestFilter.doFilter(OncePerRequestFilter.java:116)
	at org.springframework.security.web.FilterChainProxy$VirtualFilterChain.doFilter(FilterChainProxy.java:380)
	at org.springframework.security.web.FilterChainProxy.doFilterInternal(FilterChainProxy.java:237)
	at org.springframework.security.web.FilterChainProxy.doFilter(FilterChainProxy.java:195)
	at org.springframework.web.filter.CompositeFilter$VirtualFilterChain.doFilter(CompositeFilter.java:113)
	at org.springframework.web.filter.ServletRequestPathFilter.doFilter(ServletRequestPathFilter.java:52)
	at org.springframework.web.filter.CompositeFilter$VirtualFilterChain.doFilter(CompositeFilter.java:113)
	at org.springframework.web.filter.CompositeFilter.doFilter(CompositeFilter.java:74)
	at org.springframework.security.config.annotation.web.configuration.WebSecurityConfiguration$CompositeFilterChainProxy.doFilter(WebSecurityConfiguration.java:317)
	at org.springframework.web.filter.DelegatingFilterProxy.invokeDelegate(DelegatingFilterProxy.java:355)
	at org.springframework.web.filter.DelegatingFilterProxy.doFilter(DelegatingFilterProxy.java:272)
	at org.apache.catalina.core.ApplicationFilterChain.doFilter(ApplicationFilterChain.java:107)
	at org.springframework.web.filter.RequestContextFilter.doFilterInternal(RequestContextFilter.java:100)
	at org.springframework.web.filter.OncePerRequestFilter.doFilter(OncePerRequestFilter.java:116)
	at org.apache.catalina.core.ApplicationFilterChain.doFilter(ApplicationFilterChain.java:107)
	at org.springframework.web.filter.FormContentFilter.doFilterInternal(FormContentFilter.java:93)
	at org.springframework.web.filter.OncePerRequestFilter.doFilter(OncePerRequestFilter.java:116)
	at org.apache.catalina.core.ApplicationFilterChain.doFilter(ApplicationFilterChain.java:107)
	at org.springframework.web.filter.CharacterEncodingFilter.doFilterInternal(CharacterEncodingFilter.java:199)
	at org.springframework.web.filter.OncePerRequestFilter.doFilter(OncePerRequestFilter.java:116)
	at org.apache.catalina.core.ApplicationFilterChain.doFilter(ApplicationFilterChain.java:107)
	at org.apache.catalina.core.StandardWrapperValve.invoke(StandardWrapperValve.java:165)
	at org.apache.catalina.core.StandardContextValve.invoke(StandardContextValve.java:77)
	at org.apache.catalina.authenticator.AuthenticatorBase.invoke(AuthenticatorBase.java:492)
	at org.apache.catalina.core.StandardHostValve.invoke(StandardHostValve.java:113)
	at org.apache.catalina.valves.ErrorReportValve.invoke(ErrorReportValve.java:83)
	at org.apache.catalina.core.StandardEngineValve.invoke(StandardEngineValve.java:72)
	at org.apache.catalina.connector.CoyoteAdapter.service(CoyoteAdapter.java:341)
	at org.apache.coyote.http11.Http11Processor.service(Http11Processor.java:397)
	at org.apache.coyote.AbstractProcessorLight.process(AbstractProcessorLight.java:63)
	at org.apache.coyote.AbstractProtocol$ConnectionHandler.process(AbstractProtocol.java:903)
	at org.apache.tomcat.util.net.NioEndpoint$SocketProcessor.doRun(NioEndpoint.java:1779)
	at org.apache.tomcat.util.net.SocketProcessorBase.run(SocketProcessorBase.java:52)
	at org.apache.tomcat.util.threads.ThreadPoolExecutor.runWorker(ThreadPoolExecutor.java:946)
	at org.apache.tomcat.util.threads.ThreadPoolExecutor$Worker.run(ThreadPoolExecutor.java:480)
	at org.apache.tomcat.util.threads.TaskThread$WrappingRunnable.run(TaskThread.java:57)
	at java.base/java.lang.Thread.run(Thread.java:840)
2026-04-11 11:42:43.130 [http-nio-8080-exec-8] DEBUG o.s.w.s.m.m.a.HttpEntityMethodProcessor - Using 'application/json', given [application/json, text/plain, */*] and supported [application/json, application/*+json]
2026-04-11 11:42:43.130 [http-nio-8080-exec-8] DEBUG o.s.w.s.m.m.a.HttpEntityMethodProcessor - Writing [{error=Внутренняя ошибка сервера}]
2026-04-11 11:42:43.130 [http-nio-8080-exec-3] DEBUG o.s.security.web.FilterChainProxy - Secured GET /api/courses/tutor/3
2026-04-11 11:42:43.130 [http-nio-8080-exec-10] DEBUG org.hibernate.SQL - 
    select
        s1_0.id,
        s1_0.birthday,
        s1_0.created_at,
        s1_0.email,
        s1_0.full_name,
        s1_0.parent_id,
        s1_0.parent_name,
        s1_0.parent_phone,
        s1_0.password_hash,
        s1_0.payment_type,
        s1_0.phone,
        s1_0.role 
    from
        student s1_0
2026-04-11 11:42:43.130 [http-nio-8080-exec-3] DEBUG o.s.web.servlet.DispatcherServlet - GET "/api/courses/tutor/3", parameters={}
2026-04-11 11:42:43.130 [http-nio-8080-exec-8] DEBUG o.s.w.s.m.m.a.ExceptionHandlerExceptionResolver - Resolved [java.lang.NullPointerException]
2026-04-11 11:42:43.131 [http-nio-8080-exec-3] DEBUG o.s.w.s.m.m.a.RequestMappingHandlerMapping - Mapped to com.example.demo.controller.CourseController#getCoursesByTutor(Long)
2026-04-11 11:42:43.131 [http-nio-8080-exec-8] DEBUG o.s.web.servlet.DispatcherServlet - Completed 500 INTERNAL_SERVER_ERROR
2026-04-11 11:42:43.132 [http-nio-8080-exec-10] DEBUG org.hibernate.SQL - 
    select
        p1_0.id,
        p1_0.created_at,
        p1_0.email,
        p1_0.full_name,
        p1_0.password_hash,
        p1_0.phone,
        p1_0.role 
    from
        parent p1_0 
    where
        p1_0.id=?
2026-04-11 11:42:43.132 [http-nio-8080-exec-2] DEBUG o.s.security.web.FilterChainProxy - Secured GET /api/students/tutor/3
2026-04-11 11:42:43.132 [http-nio-8080-exec-3] DEBUG org.hibernate.SQL - 
    select
        c1_0.id,
        c1_0.color,
        c1_0.created_at,
        c1_0.description,
        c1_0.name,
        c1_0.tutor_id 
    from
        course c1_0 
    where
        c1_0.tutor_id=?
2026-04-11 11:42:43.132 [http-nio-8080-exec-2] DEBUG o.s.web.servlet.DispatcherServlet - GET "/api/students/tutor/3", parameters={}
2026-04-11 11:42:43.132 [http-nio-8080-exec-2] DEBUG o.s.w.s.m.m.a.RequestMappingHandlerMapping - Mapped to com.example.demo.controller.StudentController#getStudentsByTutor(Long, Long, String)
2026-04-11 11:42:43.133 [http-nio-8080-exec-1] DEBUG o.s.security.web.FilterChainProxy - Securing OPTIONS /api/lesson-plans
2026-04-11 11:42:43.133 [http-nio-8080-exec-9] DEBUG o.s.security.web.FilterChainProxy - Securing OPTIONS /api/stepik/status
2026-04-11 11:42:43.133 [http-nio-8080-exec-3] DEBUG o.s.w.s.m.m.a.HttpEntityMethodProcessor - Using 'application/json', given [application/json, text/plain, */*] and supported [application/json, application/*+json]
2026-04-11 11:42:43.133 [http-nio-8080-exec-2] DEBUG o.s.s.a.m.AuthorizationManagerBeforeMethodInterceptor - Authorizing method invocation ReflectiveMethodInvocation: public org.springframework.http.ResponseEntity com.example.demo.controller.StudentController.getStudentsByTutor(java.lang.Long,java.lang.Long,java.lang.String); target is of class [com.example.demo.controller.StudentController]
2026-04-11 11:42:43.133 [http-nio-8080-exec-5] DEBUG o.s.security.web.FilterChainProxy - Secured GET /api/courses/tutor/3
2026-04-11 11:42:43.133 [http-nio-8080-exec-3] DEBUG o.s.w.s.m.m.a.HttpEntityMethodProcessor - Writing [[]]
2026-04-11 11:42:43.133 [http-nio-8080-exec-5] DEBUG o.s.web.servlet.DispatcherServlet - GET "/api/courses/tutor/3", parameters={}
2026-04-11 11:42:43.133 [http-nio-8080-exec-2] DEBUG o.s.s.a.m.AuthorizationManagerBeforeMethodInterceptor - Authorized method invocation ReflectiveMethodInvocation: public org.springframework.http.ResponseEntity com.example.demo.controller.StudentController.getStudentsByTutor(java.lang.Long,java.lang.Long,java.lang.String); target is of class [com.example.demo.controller.StudentController]
2026-04-11 11:42:43.133 [http-nio-8080-exec-10] DEBUG org.hibernate.SQL - 
    select
        t1_0.student_id,
        t1_1.id,
        t1_1.about,
        t1_1.avatar,
        t1_1.birthday,
        t1_1.city,
        t1_1.created_at,
        t1_1.email,
        t1_1.full_name,
        t1_1.is_active,
        t1_1.password_hash,
        t1_1.phone,
        t1_1.role 
    from
        student_tutor t1_0 
    join
        tutor t1_1 
            on t1_1.id=t1_0.tutor_id 
    where
        t1_0.student_id=?
2026-04-11 11:42:43.134 [http-nio-8080-exec-3] DEBUG o.s.web.servlet.DispatcherServlet - Completed 200 OK
2026-04-11 11:42:43.134 [http-nio-8080-exec-5] DEBUG o.s.w.s.m.m.a.RequestMappingHandlerMapping - Mapped to com.example.demo.controller.CourseController#getCoursesByTutor(Long)
2026-04-11 11:42:43.135 [http-nio-8080-exec-6] DEBUG o.s.security.web.FilterChainProxy - Securing GET /api/integration/tasks/search
2026-04-11 11:42:43.135 [http-nio-8080-exec-3] DEBUG o.s.security.web.FilterChainProxy - Securing GET /api/variants
2026-04-11 11:42:43.136 [http-nio-8080-exec-5] DEBUG org.hibernate.SQL - 
    select
        c1_0.id,
        c1_0.color,
        c1_0.created_at,
        c1_0.description,
        c1_0.name,
        c1_0.tutor_id 
    from
        course c1_0 
    where
        c1_0.tutor_id=?
2026-04-11 11:42:43.136 [http-nio-8080-exec-10] DEBUG org.hibernate.SQL - 
    select
        r1_0.student_id,
        r1_0.id,
        r1_0.rate_per_lesson,
        r1_0.tutor_id,
        t1_0.id,
        t1_0.about,
        t1_0.avatar,
        t1_0.birthday,
        t1_0.city,
        t1_0.created_at,
        t1_0.email,
        t1_0.full_name,
        t1_0.is_active,
        t1_0.password_hash,
        t1_0.phone,
        t1_0.role 
    from
        student_rate r1_0 
    left join
        tutor t1_0 
            on t1_0.id=r1_0.tutor_id 
    where
        r1_0.student_id=?
2026-04-11 11:42:43.136 [http-nio-8080-exec-7] DEBUG o.s.security.web.FilterChainProxy - Securing OPTIONS /api/integration/tasks/search
2026-04-11 11:42:43.136 [http-nio-8080-exec-2] DEBUG org.hibernate.SQL - 
    select
        s1_0.id,
        s1_0.birthday,
        s1_0.created_at,
        s1_0.email,
        s1_0.full_name,
        s1_0.parent_id,
        s1_0.parent_name,
        s1_0.parent_phone,
        s1_0.password_hash,
        s1_0.payment_type,
        s1_0.phone,
        s1_0.role 
    from
        student s1_0
2026-04-11 11:42:43.137 [http-nio-8080-exec-5] DEBUG o.s.w.s.m.m.a.HttpEntityMethodProcessor - Using 'application/json', given [application/json, text/plain, */*] and supported [application/json, application/*+json]
2026-04-11 11:42:43.137 [http-nio-8080-exec-2] DEBUG org.hibernate.SQL - 
    select
        p1_0.id,
        p1_0.created_at,
        p1_0.email,
        p1_0.full_name,
        p1_0.password_hash,
        p1_0.phone,
        p1_0.role 
    from
        parent p1_0 
    where
        p1_0.id=?
2026-04-11 11:42:43.137 [http-nio-8080-exec-5] DEBUG o.s.w.s.m.m.a.HttpEntityMethodProcessor - Writing [[]]
2026-04-11 11:42:43.138 [http-nio-8080-exec-8] DEBUG o.s.security.web.FilterChainProxy - Securing OPTIONS /api/variants
2026-04-11 11:42:43.138 [http-nio-8080-exec-5] DEBUG o.s.web.servlet.DispatcherServlet - Completed 200 OK
2026-04-11 11:42:43.138 [http-nio-8080-exec-9] DEBUG o.s.security.web.FilterChainProxy - Securing GET /api/lesson-plans
2026-04-11 11:42:43.138 [http-nio-8080-exec-10] DEBUG o.s.w.s.m.m.a.HttpEntityMethodProcessor - Using 'application/json', given [application/json, text/plain, */*] and supported [application/json, application/*+json]
2026-04-11 11:42:43.138 [http-nio-8080-exec-10] DEBUG o.s.w.s.m.m.a.HttpEntityMethodProcessor - Writing [[com.example.demo.entity.Student@266e4a38]]
2026-04-11 11:42:43.138 [http-nio-8080-exec-1] DEBUG o.s.security.web.FilterChainProxy - Securing GET /api/stepik/status
2026-04-11 11:42:43.139 [http-nio-8080-exec-2] DEBUG org.hibernate.SQL - 
    select
        t1_0.student_id,
        t1_1.id,
        t1_1.about,
        t1_1.avatar,
        t1_1.birthday,
        t1_1.city,
        t1_1.created_at,
        t1_1.email,
        t1_1.full_name,
        t1_1.is_active,
        t1_1.password_hash,
        t1_1.phone,
        t1_1.role 
    from
        student_tutor t1_0 
    join
        tutor t1_1 
            on t1_1.id=t1_0.tutor_id 
    where
        t1_0.student_id=?
2026-04-11 11:42:43.139 [http-nio-8080-exec-10] DEBUG o.s.web.servlet.DispatcherServlet - Completed 200 OK
2026-04-11 11:42:43.141 [http-nio-8080-exec-4] DEBUG o.s.security.web.FilterChainProxy - Securing GET /api/integration/tasks/search
2026-04-11 11:42:43.141 [http-nio-8080-exec-7] DEBUG o.s.security.web.FilterChainProxy - Securing GET /api/variants
2026-04-11 11:42:43.141 [http-nio-8080-exec-2] DEBUG org.hibernate.SQL - 
    select
        r1_0.student_id,
        r1_0.id,
        r1_0.rate_per_lesson,
        r1_0.tutor_id,
        t1_0.id,
        t1_0.about,
        t1_0.avatar,
        t1_0.birthday,
        t1_0.city,
        t1_0.created_at,
        t1_0.email,
        t1_0.full_name,
        t1_0.is_active,
        t1_0.password_hash,
        t1_0.phone,
        t1_0.role 
    from
        student_rate r1_0 
    left join
        tutor t1_0 
            on t1_0.id=r1_0.tutor_id 
    where
        r1_0.student_id=?
2026-04-11 11:42:43.141 [http-nio-8080-exec-3] DEBUG o.s.security.web.FilterChainProxy - Secured GET /api/variants
2026-04-11 11:42:43.141 [http-nio-8080-exec-3] DEBUG o.s.web.servlet.DispatcherServlet - GET "/api/variants", parameters={}
2026-04-11 11:42:43.141 [http-nio-8080-exec-3] DEBUG o.s.w.s.m.m.a.RequestMappingHandlerMapping - Mapped to com.example.demo.controller.VariantController#getVariants(Long, String)
2026-04-11 11:42:43.142 [http-nio-8080-exec-6] DEBUG o.s.security.web.FilterChainProxy - Secured GET /api/integration/tasks/search
2026-04-11 11:42:43.142 [http-nio-8080-exec-6] DEBUG o.s.web.servlet.DispatcherServlet - GET "/api/integration/tasks/search", parameters={}
2026-04-11 11:42:43.142 [http-nio-8080-exec-6] DEBUG o.s.w.s.m.m.a.RequestMappingHandlerMapping - Mapped to com.example.demo.controller.IntegrationController#searchTasks(String, String, String, String)
2026-04-11 11:42:43.143 [http-nio-8080-exec-3] DEBUG o.s.s.a.m.AuthorizationManagerBeforeMethodInterceptor - Authorizing method invocation ReflectiveMethodInvocation: public org.springframework.http.ResponseEntity com.example.demo.controller.VariantController.getVariants(java.lang.Long,java.lang.String); target is of class [com.example.demo.controller.VariantController]
2026-04-11 11:42:43.143 [http-nio-8080-exec-6] DEBUG o.s.s.a.m.AuthorizationManagerBeforeMethodInterceptor - Authorizing method invocation ReflectiveMethodInvocation: public org.springframework.http.ResponseEntity com.example.demo.controller.IntegrationController.searchTasks(java.lang.String,java.lang.String,java.lang.String,java.lang.String); target is of class [com.example.demo.controller.IntegrationController]
2026-04-11 11:42:43.143 [http-nio-8080-exec-3] DEBUG o.s.s.a.m.AuthorizationManagerBeforeMethodInterceptor - Authorized method invocation ReflectiveMethodInvocation: public org.springframework.http.ResponseEntity com.example.demo.controller.VariantController.getVariants(java.lang.Long,java.lang.String); target is of class [com.example.demo.controller.VariantController]
2026-04-11 11:42:43.143 [http-nio-8080-exec-6] DEBUG o.s.s.a.m.AuthorizationManagerBeforeMethodInterceptor - Authorized method invocation ReflectiveMethodInvocation: public org.springframework.http.ResponseEntity com.example.demo.controller.IntegrationController.searchTasks(java.lang.String,java.lang.String,java.lang.String,java.lang.String); target is of class [com.example.demo.controller.IntegrationController]
2026-04-11 11:42:43.143 [http-nio-8080-exec-2] DEBUG o.s.w.s.m.m.a.HttpEntityMethodProcessor - Using 'application/json', given [application/json, text/plain, */*] and supported [application/json, application/*+json]
2026-04-11 11:42:43.144 [http-nio-8080-exec-2] DEBUG o.s.w.s.m.m.a.HttpEntityMethodProcessor - Writing [[com.example.demo.entity.Student@4b01921c]]
2026-04-11 11:42:43.144 [http-nio-8080-exec-1] DEBUG o.s.security.web.FilterChainProxy - Secured GET /api/stepik/status
2026-04-11 11:42:43.144 [http-nio-8080-exec-9] DEBUG o.s.security.web.FilterChainProxy - Secured GET /api/lesson-plans
2026-04-11 11:42:43.144 [http-nio-8080-exec-1] DEBUG o.s.web.servlet.DispatcherServlet - GET "/api/stepik/status", parameters={}
2026-04-11 11:42:43.144 [http-nio-8080-exec-9] DEBUG o.s.web.servlet.DispatcherServlet - GET "/api/lesson-plans", parameters={}
2026-04-11 11:42:43.144 [http-nio-8080-exec-1] DEBUG o.s.w.s.m.m.a.RequestMappingHandlerMapping - Mapped to com.example.demo.controller.StepikController#getStatus(Long)
2026-04-11 11:42:43.144 [http-nio-8080-exec-9] DEBUG o.s.w.s.m.m.a.RequestMappingHandlerMapping - Mapped to com.example.demo.controller.LessonPlanController#getLessonPlans(Long)
2026-04-11 11:42:43.144 [http-nio-8080-exec-9] DEBUG o.s.s.a.m.AuthorizationManagerBeforeMethodInterceptor - Authorizing method invocation ReflectiveMethodInvocation: public org.springframework.http.ResponseEntity com.example.demo.controller.LessonPlanController.getLessonPlans(java.lang.Long); target is of class [com.example.demo.controller.LessonPlanController]
2026-04-11 11:42:43.144 [http-nio-8080-exec-1] DEBUG o.s.s.a.m.AuthorizationManagerBeforeMethodInterceptor - Authorizing method invocation ReflectiveMethodInvocation: public org.springframework.http.ResponseEntity com.example.demo.controller.StepikController.getStatus(java.lang.Long); target is of class [com.example.demo.controller.StepikController]
2026-04-11 11:42:43.145 [http-nio-8080-exec-1] DEBUG o.s.s.a.m.AuthorizationManagerBeforeMethodInterceptor - Authorized method invocation ReflectiveMethodInvocation: public org.springframework.http.ResponseEntity com.example.demo.controller.StepikController.getStatus(java.lang.Long); target is of class [com.example.demo.controller.StepikController]
2026-04-11 11:42:43.145 [http-nio-8080-exec-9] DEBUG o.s.s.a.m.AuthorizationManagerBeforeMethodInterceptor - Authorized method invocation ReflectiveMethodInvocation: public org.springframework.http.ResponseEntity com.example.demo.controller.LessonPlanController.getLessonPlans(java.lang.Long); target is of class [com.example.demo.controller.LessonPlanController]
2026-04-11 11:42:43.145 [http-nio-8080-exec-2] DEBUG o.s.web.servlet.DispatcherServlet - Completed 200 OK
2026-04-11 11:42:43.146 [http-nio-8080-exec-3] DEBUG org.hibernate.SQL - 
    select
        v1_0.id,
        v1_0.course_id,
        v1_0.created_at,
        v1_0.description,
        v1_0.exam_type,
        v1_0.subject,
        v1_0.title,
        v1_0.tutor_id,
        v1_0.url 
    from
        variant v1_0 
    where
        v1_0.tutor_id=?
2026-04-11 11:42:43.147 [http-nio-8080-exec-7] DEBUG o.s.security.web.FilterChainProxy - Secured GET /api/variants
2026-04-11 11:42:43.147 [http-nio-8080-exec-4] DEBUG o.s.security.web.FilterChainProxy - Secured GET /api/integration/tasks/search
2026-04-11 11:42:43.147 [http-nio-8080-exec-7] DEBUG o.s.web.servlet.DispatcherServlet - GET "/api/variants", parameters={}
2026-04-11 11:42:43.147 [http-nio-8080-exec-4] DEBUG o.s.web.servlet.DispatcherServlet - GET "/api/integration/tasks/search", parameters={}
2026-04-11 11:42:43.147 [http-nio-8080-exec-7] DEBUG o.s.w.s.m.m.a.RequestMappingHandlerMapping - Mapped to com.example.demo.controller.VariantController#getVariants(Long, String)
2026-04-11 11:42:43.147 [http-nio-8080-exec-4] DEBUG o.s.w.s.m.m.a.RequestMappingHandlerMapping - Mapped to com.example.demo.controller.IntegrationController#searchTasks(String, String, String, String)
2026-04-11 11:42:43.148 [http-nio-8080-exec-7] DEBUG o.s.s.a.m.AuthorizationManagerBeforeMethodInterceptor - Authorizing method invocation ReflectiveMethodInvocation: public org.springframework.http.ResponseEntity com.example.demo.controller.VariantController.getVariants(java.lang.Long,java.lang.String); target is of class [com.example.demo.controller.VariantController]
2026-04-11 11:42:43.148 [http-nio-8080-exec-4] DEBUG o.s.s.a.m.AuthorizationManagerBeforeMethodInterceptor - Authorizing method invocation ReflectiveMethodInvocation: public org.springframework.http.ResponseEntity com.example.demo.controller.IntegrationController.searchTasks(java.lang.String,java.lang.String,java.lang.String,java.lang.String); target is of class [com.example.demo.controller.IntegrationController]
2026-04-11 11:42:43.148 [http-nio-8080-exec-1] DEBUG org.hibernate.SQL - 
    select
        st1_0.id,
        st1_0.access_token,
        st1_0.created_at,
        st1_0.expires_at,
        st1_0.refresh_token,
        st1_0.stepik_user_id,
        st1_0.tutor_id,
        st1_0.updated_at 
    from
        stepik_token st1_0 
    where
        st1_0.tutor_id=?
2026-04-11 11:42:43.148 [http-nio-8080-exec-9] DEBUG org.hibernate.SQL - 
    select
        lp1_0.id,
        lp1_0.course_id,
        lp1_0.created_at,
        lp1_0.description,
        lp1_0.difficulty_level,
        lp1_0.duration_minutes,
        lp1_0.homework_template,
        lp1_0.is_template,
        lp1_0.learning_objectives,
        lp1_0.lesson_structure,
        lp1_0.materials_needed,
        lp1_0.tags,
        lp1_0.title,
        lp1_0.topic,
        lp1_0.tutor_id,
        lp1_0.updated_at,
        lp1_0.usage_count 
    from
        lesson_plan lp1_0 
    where
        lp1_0.tutor_id=?
2026-04-11 11:42:43.148 [http-nio-8080-exec-4] DEBUG o.s.s.a.m.AuthorizationManagerBeforeMethodInterceptor - Authorized method invocation ReflectiveMethodInvocation: public org.springframework.http.ResponseEntity com.example.demo.controller.IntegrationController.searchTasks(java.lang.String,java.lang.String,java.lang.String,java.lang.String); target is of class [com.example.demo.controller.IntegrationController]
2026-04-11 11:42:43.148 [http-nio-8080-exec-7] DEBUG o.s.s.a.m.AuthorizationManagerBeforeMethodInterceptor - Authorized method invocation ReflectiveMethodInvocation: public org.springframework.http.ResponseEntity com.example.demo.controller.VariantController.getVariants(java.lang.Long,java.lang.String); target is of class [com.example.demo.controller.VariantController]
2026-04-11 11:42:43.148 [http-nio-8080-exec-7] DEBUG org.hibernate.SQL - 
    select
        v1_0.id,
        v1_0.course_id,
        v1_0.created_at,
        v1_0.description,
        v1_0.exam_type,
        v1_0.subject,
        v1_0.title,
        v1_0.tutor_id,
        v1_0.url 
    from
        variant v1_0 
    where
        v1_0.tutor_id=?
2026-04-11 11:42:43.150 [http-nio-8080-exec-7] DEBUG o.s.w.s.m.m.a.HttpEntityMethodProcessor - Using 'application/json', given [application/json, text/plain, */*] and supported [application/json, application/*+json]
2026-04-11 11:42:43.150 [http-nio-8080-exec-3] DEBUG o.s.w.s.m.m.a.HttpEntityMethodProcessor - Using 'application/json', given [application/json, text/plain, */*] and supported [application/json, application/*+json]
2026-04-11 11:42:43.150 [http-nio-8080-exec-7] DEBUG o.s.w.s.m.m.a.HttpEntityMethodProcessor - Writing [[]]
2026-04-11 11:42:43.150 [http-nio-8080-exec-3] DEBUG o.s.w.s.m.m.a.HttpEntityMethodProcessor - Writing [[]]
2026-04-11 11:42:43.150 [http-nio-8080-exec-9] DEBUG o.s.w.s.m.m.a.HttpEntityMethodProcessor - Using 'application/json', given [application/json, text/plain, */*] and supported [application/json, application/*+json]
2026-04-11 11:42:43.150 [http-nio-8080-exec-9] DEBUG o.s.w.s.m.m.a.HttpEntityMethodProcessor - Writing [[]]
2026-04-11 11:42:43.151 [http-nio-8080-exec-7] DEBUG o.s.web.servlet.DispatcherServlet - Completed 200 OK
2026-04-11 11:42:43.151 [http-nio-8080-exec-3] DEBUG o.s.web.servlet.DispatcherServlet - Completed 200 OK
2026-04-11 11:42:43.151 [http-nio-8080-exec-9] DEBUG o.s.web.servlet.DispatcherServlet - Completed 200 OK
2026-04-11 11:42:43.152 [http-nio-8080-exec-5] DEBUG o.s.security.web.FilterChainProxy - Securing OPTIONS /api/stepik/status
2026-04-11 11:42:43.153 [http-nio-8080-exec-1] DEBUG o.s.w.s.m.m.a.HttpEntityMethodProcessor - Using 'application/json', given [application/json, text/plain, */*] and supported [application/json, application/*+json]
2026-04-11 11:42:43.153 [http-nio-8080-exec-1] DEBUG o.s.w.s.m.m.a.HttpEntityMethodProcessor - Writing [{connected=false}]
2026-04-11 11:42:43.154 [http-nio-8080-exec-8] DEBUG o.s.security.web.FilterChainProxy - Securing OPTIONS /api/lesson-plans
2026-04-11 11:42:43.154 [http-nio-8080-exec-4] DEBUG org.hibernate.SQL - 
    select
        tb1_0.id,
        tb1_0.answer,
        tb1_0.created_at,
        tb1_0.difficulty,
        tb1_0.exam_type,
        tb1_0.explanation,
        tb1_0.external_id,
        tb1_0.grade_level,
        tb1_0.is_public,
        tb1_0.max_score,
        tb1_0.question,
        tb1_0.rating,
        tb1_0.rating_count,
        tb1_0.source,
        tb1_0.subject,
        tb1_0.subtopic,
        tb1_0.tags,
        tb1_0.task_number,
        tb1_0.topic,
        tb1_0.tutor_id,
        tb1_0.type,
        tb1_0.updated_at 
    from
        task_bank tb1_0 
    where
        lower(tb1_0.question) like lower(('%'||?||'%')) escape '' 
        or lower(tb1_0.topic) like lower(('%'||?||'%')) escape '' 
        or lower(tb1_0.tags) like lower(('%'||?||'%')) escape ''
2026-04-11 11:42:43.154 [http-nio-8080-exec-6] DEBUG org.hibernate.SQL - 
    select
        tb1_0.id,
        tb1_0.answer,
        tb1_0.created_at,
        tb1_0.difficulty,
        tb1_0.exam_type,
        tb1_0.explanation,
        tb1_0.external_id,
        tb1_0.grade_level,
        tb1_0.is_public,
        tb1_0.max_score,
        tb1_0.question,
        tb1_0.rating,
        tb1_0.rating_count,
        tb1_0.source,
        tb1_0.subject,
        tb1_0.subtopic,
        tb1_0.tags,
        tb1_0.task_number,
        tb1_0.topic,
        tb1_0.tutor_id,
        tb1_0.type,
        tb1_0.updated_at 
    from
        task_bank tb1_0 
    where
        lower(tb1_0.question) like lower(('%'||?||'%')) escape '' 
        or lower(tb1_0.topic) like lower(('%'||?||'%')) escape '' 
        or lower(tb1_0.tags) like lower(('%'||?||'%')) escape ''
2026-04-11 11:42:43.155 [http-nio-8080-exec-1] DEBUG o.s.web.servlet.DispatcherServlet - Completed 200 OK
2026-04-11 11:42:43.157 [http-nio-8080-exec-10] DEBUG o.s.security.web.FilterChainProxy - Securing GET /api/stepik/status
2026-04-11 11:42:43.158 [http-nio-8080-exec-2] DEBUG o.s.security.web.FilterChainProxy - Securing GET /api/lesson-plans
2026-04-11 11:42:43.160 [http-nio-8080-exec-4] DEBUG o.s.w.s.m.m.a.HttpEntityMethodProcessor - Using 'application/json', given [application/json, text/plain, */*] and supported [application/json, application/*+json]
2026-04-11 11:42:43.160 [http-nio-8080-exec-6] DEBUG o.s.w.s.m.m.a.HttpEntityMethodProcessor - Using 'application/json', given [application/json, text/plain, */*] and supported [application/json, application/*+json]
2026-04-11 11:42:43.160 [http-nio-8080-exec-4] DEBUG o.s.w.s.m.m.a.HttpEntityMethodProcessor - Writing [[]]
2026-04-11 11:42:43.160 [http-nio-8080-exec-6] DEBUG o.s.w.s.m.m.a.HttpEntityMethodProcessor - Writing [[]]
2026-04-11 11:42:43.161 [http-nio-8080-exec-4] DEBUG o.s.web.servlet.DispatcherServlet - Completed 200 OK
2026-04-11 11:42:43.161 [http-nio-8080-exec-6] DEBUG o.s.web.servlet.DispatcherServlet - Completed 200 OK
2026-04-11 11:42:43.163 [http-nio-8080-exec-2] DEBUG o.s.security.web.FilterChainProxy - Secured GET /api/lesson-plans
2026-04-11 11:42:43.163 [http-nio-8080-exec-10] DEBUG o.s.security.web.FilterChainProxy - Secured GET /api/stepik/status
2026-04-11 11:42:43.163 [http-nio-8080-exec-2] DEBUG o.s.web.servlet.DispatcherServlet - GET "/api/lesson-plans", parameters={}
2026-04-11 11:42:43.163 [http-nio-8080-exec-10] DEBUG o.s.web.servlet.DispatcherServlet - GET "/api/stepik/status", parameters={}
2026-04-11 11:42:43.163 [http-nio-8080-exec-2] DEBUG o.s.w.s.m.m.a.RequestMappingHandlerMapping - Mapped to com.example.demo.controller.LessonPlanController#getLessonPlans(Long)
2026-04-11 11:42:43.163 [http-nio-8080-exec-10] DEBUG o.s.w.s.m.m.a.RequestMappingHandlerMapping - Mapped to com.example.demo.controller.StepikController#getStatus(Long)
2026-04-11 11:42:43.164 [http-nio-8080-exec-10] DEBUG o.s.s.a.m.AuthorizationManagerBeforeMethodInterceptor - Authorizing method invocation ReflectiveMethodInvocation: public org.springframework.http.ResponseEntity com.example.demo.controller.StepikController.getStatus(java.lang.Long); target is of class [com.example.demo.controller.StepikController]
2026-04-11 11:42:43.164 [http-nio-8080-exec-2] DEBUG o.s.s.a.m.AuthorizationManagerBeforeMethodInterceptor - Authorizing method invocation ReflectiveMethodInvocation: public org.springframework.http.ResponseEntity com.example.demo.controller.LessonPlanController.getLessonPlans(java.lang.Long); target is of class [com.example.demo.controller.LessonPlanController]
2026-04-11 11:42:43.164 [http-nio-8080-exec-2] DEBUG o.s.s.a.m.AuthorizationManagerBeforeMethodInterceptor - Authorized method invocation ReflectiveMethodInvocation: public org.springframework.http.ResponseEntity com.example.demo.controller.LessonPlanController.getLessonPlans(java.lang.Long); target is of class [com.example.demo.controller.LessonPlanController]
2026-04-11 11:42:43.164 [http-nio-8080-exec-10] DEBUG o.s.s.a.m.AuthorizationManagerBeforeMethodInterceptor - Authorized method invocation ReflectiveMethodInvocation: public org.springframework.http.ResponseEntity com.example.demo.controller.StepikController.getStatus(java.lang.Long); target is of class [com.example.demo.controller.StepikController]
2026-04-11 11:42:43.165 [http-nio-8080-exec-10] DEBUG org.hibernate.SQL - 
    select
        st1_0.id,
        st1_0.access_token,
        st1_0.created_at,
        st1_0.expires_at,
        st1_0.refresh_token,
        st1_0.stepik_user_id,
        st1_0.tutor_id,
        st1_0.updated_at 
    from
        stepik_token st1_0 
    where
        st1_0.tutor_id=?
2026-04-11 11:42:43.165 [http-nio-8080-exec-2] DEBUG org.hibernate.SQL - 
    select
        lp1_0.id,
        lp1_0.course_id,
        lp1_0.created_at,
        lp1_0.description,
        lp1_0.difficulty_level,
        lp1_0.duration_minutes,
        lp1_0.homework_template,
        lp1_0.is_template,
        lp1_0.learning_objectives,
        lp1_0.lesson_structure,
        lp1_0.materials_needed,
        lp1_0.tags,
        lp1_0.title,
        lp1_0.topic,
        lp1_0.tutor_id,
        lp1_0.updated_at,
        lp1_0.usage_count 
    from
        lesson_plan lp1_0 
    where
        lp1_0.tutor_id=?
2026-04-11 11:42:43.167 [http-nio-8080-exec-2] DEBUG o.s.w.s.m.m.a.HttpEntityMethodProcessor - Using 'application/json', given [application/json, text/plain, */*] and supported [application/json, application/*+json]
2026-04-11 11:42:43.167 [http-nio-8080-exec-10] DEBUG o.s.w.s.m.m.a.HttpEntityMethodProcessor - Using 'application/json', given [application/json, text/plain, */*] and supported [application/json, application/*+json]
2026-04-11 11:42:43.167 [http-nio-8080-exec-10] DEBUG o.s.w.s.m.m.a.HttpEntityMethodProcessor - Writing [{connected=false}]
2026-04-11 11:42:43.167 [http-nio-8080-exec-2] DEBUG o.s.w.s.m.m.a.HttpEntityMethodProcessor - Writing [[]]
2026-04-11 11:42:43.168 [http-nio-8080-exec-10] DEBUG o.s.web.servlet.DispatcherServlet - Completed 200 OK
2026-04-11 11:42:43.168 [http-nio-8080-exec-2] DEBUG o.s.web.servlet.DispatcherServlet - Completed 200 OK
2026-04-11 11:42:53.887 [http-nio-8080-exec-7] DEBUG o.s.security.web.FilterChainProxy - Securing OPTIONS /api/ai/generate
2026-04-11 11:42:53.891 [http-nio-8080-exec-9] DEBUG o.s.security.web.FilterChainProxy - Securing POST /api/ai/generate
2026-04-11 11:42:53.895 [http-nio-8080-exec-9] DEBUG o.s.security.web.FilterChainProxy - Secured POST /api/ai/generate
2026-04-11 11:42:53.896 [http-nio-8080-exec-9] DEBUG o.s.web.servlet.DispatcherServlet - POST "/api/ai/generate", parameters={}
2026-04-11 11:42:53.896 [http-nio-8080-exec-9] DEBUG o.s.w.s.m.m.a.RequestMappingHandlerMapping - Mapped to com.example.demo.controller.AIGenerationController#generateTask(Map)
2026-04-11 11:42:53.897 [http-nio-8080-exec-9] DEBUG o.s.w.s.m.m.a.RequestResponseBodyMethodProcessor - Read "application/json;charset=UTF-8" to [{prompt=16 задание ЕГЭ информатика на рекурсию простое типовое, subject=Информатика, examType=ЕГЭ}]
2026-04-11 11:42:53.897 [http-nio-8080-exec-9] DEBUG o.s.s.a.m.AuthorizationManagerBeforeMethodInterceptor - Authorizing method invocation ReflectiveMethodInvocation: public org.springframework.http.ResponseEntity com.example.demo.controller.AIGenerationController.generateTask(java.util.Map); target is of class [com.example.demo.controller.AIGenerationController]
2026-04-11 11:42:53.898 [http-nio-8080-exec-9] DEBUG o.s.s.a.m.AuthorizationManagerBeforeMethodInterceptor - Authorized method invocation ReflectiveMethodInvocation: public org.springframework.http.ResponseEntity com.example.demo.controller.AIGenerationController.generateTask(java.util.Map); target is of class [com.example.demo.controller.AIGenerationController]
2026-04-11 11:42:53.898 [http-nio-8080-exec-9] INFO  c.e.demo.service.AIGenerationService - 📌 [RAG] Определён номер задания из промта: 16
2026-04-11 11:42:53.900 [http-nio-8080-exec-9] DEBUG org.hibernate.SQL - 
    select
        tb1_0.id,
        tb1_0.answer,
        tb1_0.created_at,
        tb1_0.difficulty,
        tb1_0.exam_type,
        tb1_0.explanation,
        tb1_0.external_id,
        tb1_0.grade_level,
        tb1_0.is_public,
        tb1_0.max_score,
        tb1_0.question,
        tb1_0.rating,
        tb1_0.rating_count,
        tb1_0.source,
        tb1_0.subject,
        tb1_0.subtopic,
        tb1_0.tags,
        tb1_0.task_number,
        tb1_0.topic,
        tb1_0.tutor_id,
        tb1_0.type,
        tb1_0.updated_at 
    from
        task_bank tb1_0 
    where
        tb1_0.subject=? 
        and tb1_0.task_number=?
2026-04-11 11:42:53.910 [http-nio-8080-exec-9] INFO  c.e.demo.service.AIGenerationService - 📚 [RAG] Найдено примеров для subject=Информатика, taskNumber=16: 0
2026-04-11 11:42:53.914 [http-nio-8080-exec-9] INFO  c.e.demo.service.AIGenerationService - 🤖 Отправка запроса к YandexGPT...
2026-04-11 11:42:54.033 [http-nio-8080-exec-9] DEBUG o.s.web.client.RestTemplate - HTTP POST https://llm.api.cloud.yandex.net/foundationModels/v1/completion
2026-04-11 11:42:54.037 [http-nio-8080-exec-9] DEBUG o.s.web.client.RestTemplate - Accept=[text/plain, application/json, application/*+json, */*]
2026-04-11 11:42:54.039 [http-nio-8080-exec-9] DEBUG o.s.web.client.RestTemplate - Writing [{"modelUri":"gpt://b1gqimsr47icbmd2vo6c/yandexgpt-lite/latest","completionOptions":{"temperature":0.7,"maxTokens":"2000","stream":false},"messages":[{"text":"Ты — опытный преподаватель и эксперт по составлению заданий ЕГЭ и ОГЭ. Отвечай строго в указанном формате.","role":"system"},{"text":"Создай задание в формате ЕГЭ по предмету \"Информатика\". 16 задание ЕГЭ информатика на рекурсию простое типовое\n\nОтвет должен быть строго в следующем формате:\nЗАДАНИЕ: [текст задания]\nОТВЕТ: [правильный ответ]\nРЕШЕНИЕ: [краткое пояснение или решение]","role":"user"}]}] as "application/json"
2026-04-11 11:42:56.407 [http-nio-8080-exec-9] DEBUG o.s.web.client.RestTemplate - Response 200 OK
2026-04-11 11:42:56.408 [http-nio-8080-exec-9] DEBUG o.s.web.client.RestTemplate - Reading to [java.lang.String] as "application/json"
2026-04-11 11:42:56.409 [http-nio-8080-exec-9] INFO  c.e.demo.service.AIGenerationService - ✅ Ответ получен
2026-04-11 11:42:56.414 [http-nio-8080-exec-9] DEBUG o.s.w.s.m.m.a.HttpEntityMethodProcessor - Using 'application/json', given [application/json, text/plain, */*] and supported [application/json, application/*+json]
2026-04-11 11:42:56.414 [http-nio-8080-exec-9] DEBUG o.s.w.s.m.m.a.HttpEntityMethodProcessor - Writing [com.example.demo.entity.TaskBank@6f0aefcf]
2026-04-11 11:42:56.417 [http-nio-8080-exec-9] DEBUG o.s.web.servlet.DispatcherServlet - Completed 200 OK
2026-04-11 11:43:06.970 [http-nio-8080-exec-3] DEBUG o.s.security.web.FilterChainProxy - Securing OPTIONS /api/ai/save
2026-04-11 11:43:06.973 [http-nio-8080-exec-5] DEBUG o.s.security.web.FilterChainProxy - Securing POST /api/ai/save
2026-04-11 11:43:06.978 [http-nio-8080-exec-5] DEBUG o.s.security.web.FilterChainProxy - Secured POST /api/ai/save
2026-04-11 11:43:06.978 [http-nio-8080-exec-5] DEBUG o.s.web.servlet.DispatcherServlet - POST "/api/ai/save", parameters={}
2026-04-11 11:43:06.978 [http-nio-8080-exec-5] DEBUG o.s.w.s.m.m.a.RequestMappingHandlerMapping - Mapped to com.example.demo.controller.AIGenerationController#saveGeneratedTask(TaskBank, Long)
2026-04-11 11:43:07.009 [http-nio-8080-exec-5] DEBUG o.s.w.s.m.m.a.RequestResponseBodyMethodProcessor - Read "application/json;charset=UTF-8" to [com.example.demo.entity.TaskBank@5ff099e5]
2026-04-11 11:43:07.010 [http-nio-8080-exec-5] DEBUG o.s.s.a.m.AuthorizationManagerBeforeMethodInterceptor - Authorizing method invocation ReflectiveMethodInvocation: public org.springframework.http.ResponseEntity com.example.demo.controller.AIGenerationController.saveGeneratedTask(com.example.demo.entity.TaskBank,java.lang.Long); target is of class [com.example.demo.controller.AIGenerationController]
2026-04-11 11:43:07.010 [http-nio-8080-exec-5] DEBUG o.s.s.a.m.AuthorizationManagerBeforeMethodInterceptor - Authorized method invocation ReflectiveMethodInvocation: public org.springframework.http.ResponseEntity com.example.demo.controller.AIGenerationController.saveGeneratedTask(com.example.demo.entity.TaskBank,java.lang.Long); target is of class [com.example.demo.controller.AIGenerationController]
2026-04-11 11:43:07.011 [http-nio-8080-exec-5] DEBUG org.hibernate.SQL - 
    select
        t1_0.id,
        t1_0.about,
        t1_0.avatar,
        t1_0.birthday,
        t1_0.city,
        t1_0.created_at,
        t1_0.email,
        t1_0.full_name,
        t1_0.is_active,
        t1_0.password_hash,
        t1_0.phone,
        t1_0.role 
    from
        tutor t1_0 
    where
        t1_0.id=?
2026-04-11 11:43:07.012 [http-nio-8080-exec-5] INFO  c.e.d.c.AIGenerationController - Задание сохранено репетитором: РЕпетитор1 (ID: 3)
2026-04-11 11:43:07.026 [http-nio-8080-exec-5] DEBUG org.hibernate.SQL - 
    insert 
    into
        task_bank
        (answer, created_at, difficulty, exam_type, explanation, external_id, grade_level, is_public, max_score, question, rating, rating_count, source, subject, subtopic, tags, task_number, topic, tutor_id, type, updated_at) 
    values
        (?, ?, ?, ?, ?, ?, ?, ?, ?, ?, ?, ?, ?, ?, ?, ?, ?, ?, ?, ?, ?)
2026-04-11 11:43:07.057 [http-nio-8080-exec-5] DEBUG o.s.w.s.m.m.a.HttpEntityMethodProcessor - Using 'application/json', given [application/json, text/plain, */*] and supported [application/json, application/*+json]
2026-04-11 11:43:07.057 [http-nio-8080-exec-5] DEBUG o.s.w.s.m.m.a.HttpEntityMethodProcessor - Writing [{task=com.example.demo.entity.TaskBank@5ff099e5, message=Задание сохранено}]
2026-04-11 11:43:07.058 [http-nio-8080-exec-5] DEBUG o.s.web.servlet.DispatcherServlet - Completed 200 OK
2026-04-11 11:43:08.526 [http-nio-8080-exec-8] DEBUG o.s.security.web.FilterChainProxy - Securing GET /api/integration/tasks/search
2026-04-11 11:43:08.531 [http-nio-8080-exec-8] DEBUG o.s.security.web.FilterChainProxy - Secured GET /api/integration/tasks/search
2026-04-11 11:43:08.531 [http-nio-8080-exec-8] DEBUG o.s.web.servlet.DispatcherServlet - GET "/api/integration/tasks/search", parameters={}
2026-04-11 11:43:08.532 [http-nio-8080-exec-8] DEBUG o.s.w.s.m.m.a.RequestMappingHandlerMapping - Mapped to com.example.demo.controller.IntegrationController#searchTasks(String, String, String, String)
2026-04-11 11:43:08.532 [http-nio-8080-exec-8] DEBUG o.s.s.a.m.AuthorizationManagerBeforeMethodInterceptor - Authorizing method invocation ReflectiveMethodInvocation: public org.springframework.http.ResponseEntity com.example.demo.controller.IntegrationController.searchTasks(java.lang.String,java.lang.String,java.lang.String,java.lang.String); target is of class [com.example.demo.controller.IntegrationController]
2026-04-11 11:43:08.532 [http-nio-8080-exec-8] DEBUG o.s.s.a.m.AuthorizationManagerBeforeMethodInterceptor - Authorized method invocation ReflectiveMethodInvocation: public org.springframework.http.ResponseEntity com.example.demo.controller.IntegrationController.searchTasks(java.lang.String,java.lang.String,java.lang.String,java.lang.String); target is of class [com.example.demo.controller.IntegrationController]
2026-04-11 11:43:08.534 [http-nio-8080-exec-8] DEBUG org.hibernate.SQL - 
    select
        tb1_0.id,
        tb1_0.answer,
        tb1_0.created_at,
        tb1_0.difficulty,
        tb1_0.exam_type,
        tb1_0.explanation,
        tb1_0.external_id,
        tb1_0.grade_level,
        tb1_0.is_public,
        tb1_0.max_score,
        tb1_0.question,
        tb1_0.rating,
        tb1_0.rating_count,
        tb1_0.source,
        tb1_0.subject,
        tb1_0.subtopic,
        tb1_0.tags,
        tb1_0.task_number,
        tb1_0.topic,
        tb1_0.tutor_id,
        tb1_0.type,
        tb1_0.updated_at 
    from
        task_bank tb1_0 
    where
        lower(tb1_0.question) like lower(('%'||?||'%')) escape '' 
        or lower(tb1_0.topic) like lower(('%'||?||'%')) escape '' 
        or lower(tb1_0.tags) like lower(('%'||?||'%')) escape ''
2026-04-11 11:43:08.538 [http-nio-8080-exec-8] DEBUG org.hibernate.SQL - 
    select
        t1_0.id,
        t1_0.about,
        t1_0.avatar,
        t1_0.birthday,
        t1_0.city,
        t1_0.created_at,
        t1_0.email,
        t1_0.full_name,
        t1_0.is_active,
        t1_0.password_hash,
        t1_0.phone,
        t1_0.role 
    from
        tutor t1_0 
    where
        t1_0.id=?
2026-04-11 11:43:08.539 [http-nio-8080-exec-8] DEBUG o.s.w.s.m.m.a.HttpEntityMethodProcessor - Using 'application/json', given [application/json, text/plain, */*] and supported [application/json, application/*+json]
2026-04-11 11:43:08.539 [http-nio-8080-exec-8] DEBUG o.s.w.s.m.m.a.HttpEntityMethodProcessor - Writing [[com.example.demo.entity.TaskBank@23b6601e]]
2026-04-11 11:43:08.540 [http-nio-8080-exec-8] DEBUG o.s.web.servlet.DispatcherServlet - Completed 200 OK
2026-04-11 11:43:22.372 [http-nio-8080-exec-1] DEBUG o.s.security.web.FilterChainProxy - Securing POST /api/ai/generate
2026-04-11 11:43:22.376 [http-nio-8080-exec-1] DEBUG o.s.security.web.FilterChainProxy - Secured POST /api/ai/generate
2026-04-11 11:43:22.377 [http-nio-8080-exec-1] DEBUG o.s.web.servlet.DispatcherServlet - POST "/api/ai/generate", parameters={}
2026-04-11 11:43:22.377 [http-nio-8080-exec-1] DEBUG o.s.w.s.m.m.a.RequestMappingHandlerMapping - Mapped to com.example.demo.controller.AIGenerationController#generateTask(Map)
2026-04-11 11:43:22.377 [http-nio-8080-exec-1] DEBUG o.s.w.s.m.m.a.RequestResponseBodyMethodProcessor - Read "application/json;charset=UTF-8" to [{prompt=16 задание ЕГЭ информатика на рекурсию сложное со звёздочкой, subject=Информатика, examType= (truncated)...]
2026-04-11 11:43:22.378 [http-nio-8080-exec-1] DEBUG o.s.s.a.m.AuthorizationManagerBeforeMethodInterceptor - Authorizing method invocation ReflectiveMethodInvocation: public org.springframework.http.ResponseEntity com.example.demo.controller.AIGenerationController.generateTask(java.util.Map); target is of class [com.example.demo.controller.AIGenerationController]
2026-04-11 11:43:22.378 [http-nio-8080-exec-1] DEBUG o.s.s.a.m.AuthorizationManagerBeforeMethodInterceptor - Authorized method invocation ReflectiveMethodInvocation: public org.springframework.http.ResponseEntity com.example.demo.controller.AIGenerationController.generateTask(java.util.Map); target is of class [com.example.demo.controller.AIGenerationController]
2026-04-11 11:43:22.378 [http-nio-8080-exec-1] INFO  c.e.demo.service.AIGenerationService - 📌 [RAG] Определён номер задания из промта: 16
2026-04-11 11:43:22.379 [http-nio-8080-exec-1] DEBUG org.hibernate.SQL - 
    select
        tb1_0.id,
        tb1_0.answer,
        tb1_0.created_at,
        tb1_0.difficulty,
        tb1_0.exam_type,
        tb1_0.explanation,
        tb1_0.external_id,
        tb1_0.grade_level,
        tb1_0.is_public,
        tb1_0.max_score,
        tb1_0.question,
        tb1_0.rating,
        tb1_0.rating_count,
        tb1_0.source,
        tb1_0.subject,
        tb1_0.subtopic,
        tb1_0.tags,
        tb1_0.task_number,
        tb1_0.topic,
        tb1_0.tutor_id,
        tb1_0.type,
        tb1_0.updated_at 
    from
        task_bank tb1_0 
    where
        tb1_0.subject=? 
        and tb1_0.task_number=?
2026-04-11 11:43:22.382 [http-nio-8080-exec-1] DEBUG org.hibernate.SQL - 
    select
        t1_0.id,
        t1_0.about,
        t1_0.avatar,
        t1_0.birthday,
        t1_0.city,
        t1_0.created_at,
        t1_0.email,
        t1_0.full_name,
        t1_0.is_active,
        t1_0.password_hash,
        t1_0.phone,
        t1_0.role 
    from
        tutor t1_0 
    where
        t1_0.id=?
2026-04-11 11:43:22.383 [http-nio-8080-exec-1] INFO  c.e.demo.service.AIGenerationService - 📚 [RAG] Найдено примеров для subject=Информатика, taskNumber=16: 1
2026-04-11 11:43:22.384 [http-nio-8080-exec-1] INFO  c.e.demo.service.AIGenerationService - 🤖 Отправка запроса к YandexGPT...
2026-04-11 11:43:22.384 [http-nio-8080-exec-1] DEBUG o.s.web.client.RestTemplate - HTTP POST https://llm.api.cloud.yandex.net/foundationModels/v1/completion
2026-04-11 11:43:22.384 [http-nio-8080-exec-1] DEBUG o.s.web.client.RestTemplate - Accept=[text/plain, application/json, application/*+json, */*]
2026-04-11 11:43:22.384 [http-nio-8080-exec-1] DEBUG o.s.web.client.RestTemplate - Writing [{"modelUri":"gpt://b1gqimsr47icbmd2vo6c/yandexgpt-lite/latest","completionOptions":{"temperature":0.7,"maxTokens":"2000","stream":false},"messages":[{"text":"Ты — опытный преподаватель и эксперт по составлению заданий ЕГЭ и ОГЭ. Отвечай строго в указанном формате.","role":"system"},{"text":"Вот примеры реальных заданий в таком же формате:\n\nПример 1:\nЗАДАНИЕ: Алгоритм вычисления значения функции F(n), где n – целое неотрицательное число, задан следующими соотношениями:\nF(0) = 1\nF(n) = F(n–1) + 2 * n, если n > 0.\nЧему равно значение функции F(3)?\nОТВЕТ: 11\n\nНа основе этих примеров, создай НОВОЕ уникальное задание такого же типа и сложности.\nТема: Информатика. 16 задание ЕГЭ информатика на рекурсию сложное со звёздочкой\n\nОтвет должен быть строго в следующем формате:\nЗАДАНИЕ: [текст задания]\nОТВЕТ: [правильный ответ]\nРЕШЕНИЕ: [краткое пояснение или решение]","role":"user"}]}] as "application/json"
2026-04-11 11:43:25.681 [http-nio-8080-exec-1] DEBUG o.s.web.client.RestTemplate - Response 200 OK
2026-04-11 11:43:25.681 [http-nio-8080-exec-1] DEBUG o.s.web.client.RestTemplate - Reading to [java.lang.String] as "application/json"
2026-04-11 11:43:25.698 [http-nio-8080-exec-1] INFO  c.e.demo.service.AIGenerationService - ✅ Ответ получен
2026-04-11 11:43:25.698 [http-nio-8080-exec-1] DEBUG o.s.w.s.m.m.a.HttpEntityMethodProcessor - Using 'application/json', given [application/json, text/plain, */*] and supported [application/json, application/*+json]
2026-04-11 11:43:25.699 [http-nio-8080-exec-1] DEBUG o.s.w.s.m.m.a.HttpEntityMethodProcessor - Writing [com.example.demo.entity.TaskBank@39436732]
2026-04-11 11:43:25.699 [http-nio-8080-exec-1] DEBUG o.s.web.servlet.DispatcherServlet - Completed 200 OK
2026-04-11 11:43:41.083 [http-nio-8080-exec-4] DEBUG o.s.security.web.FilterChainProxy - Securing GET /api/tutors/3/avatar
2026-04-11 11:43:41.083 [http-nio-8080-exec-6] DEBUG o.s.security.web.FilterChainProxy - Securing GET /api/lessons/all?tutorId=3
2026-04-11 11:43:41.085 [http-nio-8080-exec-10] DEBUG o.s.security.web.FilterChainProxy - Securing GET /api/lessons/all?tutorId=3
2026-04-11 11:43:41.085 [http-nio-8080-exec-2] DEBUG o.s.security.web.FilterChainProxy - Securing GET /api/lessons/all?tutorId=3
2026-04-11 11:43:41.085 [http-nio-8080-exec-7] DEBUG o.s.security.web.FilterChainProxy - Securing GET /api/lessons/all?tutorId=3
2026-04-11 11:43:41.087 [http-nio-8080-exec-4] DEBUG o.s.security.web.FilterChainProxy - Secured GET /api/tutors/3/avatar
2026-04-11 11:43:41.087 [http-nio-8080-exec-4] DEBUG o.s.web.servlet.DispatcherServlet - GET "/api/tutors/3/avatar", parameters={}
2026-04-11 11:43:41.088 [http-nio-8080-exec-4] DEBUG o.s.w.s.m.m.a.RequestMappingHandlerMapping - Mapped to com.example.demo.controller.TutorController#getAvatar(Long)
2026-04-11 11:43:41.088 [http-nio-8080-exec-6] DEBUG o.s.security.web.FilterChainProxy - Secured GET /api/lessons/all?tutorId=3
2026-04-11 11:43:41.088 [http-nio-8080-exec-6] DEBUG o.s.web.servlet.DispatcherServlet - GET "/api/lessons/all?tutorId=3", parameters={masked}
2026-04-11 11:43:41.088 [http-nio-8080-exec-6] DEBUG o.s.w.s.m.m.a.RequestMappingHandlerMapping - Mapped to com.example.demo.controller.LessonController#getAllLessons(Long, Long)
2026-04-11 11:43:41.088 [http-nio-8080-exec-6] DEBUG o.s.s.a.m.AuthorizationManagerBeforeMethodInterceptor - Authorizing method invocation ReflectiveMethodInvocation: public org.springframework.http.ResponseEntity com.example.demo.controller.LessonController.getAllLessons(java.lang.Long,java.lang.Long); target is of class [com.example.demo.controller.LessonController]
2026-04-11 11:43:41.089 [http-nio-8080-exec-6] DEBUG o.s.s.a.m.AuthorizationManagerBeforeMethodInterceptor - Authorized method invocation ReflectiveMethodInvocation: public org.springframework.http.ResponseEntity com.example.demo.controller.LessonController.getAllLessons(java.lang.Long,java.lang.Long); target is of class [com.example.demo.controller.LessonController]
2026-04-11 11:43:41.089 [http-nio-8080-exec-2] DEBUG o.s.security.web.FilterChainProxy - Secured GET /api/lessons/all?tutorId=3
2026-04-11 11:43:41.089 [http-nio-8080-exec-2] DEBUG o.s.web.servlet.DispatcherServlet - GET "/api/lessons/all?tutorId=3", parameters={masked}
2026-04-11 11:43:41.089 [http-nio-8080-exec-10] DEBUG o.s.security.web.FilterChainProxy - Secured GET /api/lessons/all?tutorId=3
2026-04-11 11:43:41.089 [http-nio-8080-exec-2] DEBUG o.s.w.s.m.m.a.RequestMappingHandlerMapping - Mapped to com.example.demo.controller.LessonController#getAllLessons(Long, Long)
2026-04-11 11:43:41.089 [http-nio-8080-exec-7] DEBUG o.s.security.web.FilterChainProxy - Secured GET /api/lessons/all?tutorId=3
2026-04-11 11:43:41.089 [http-nio-8080-exec-10] DEBUG o.s.web.servlet.DispatcherServlet - GET "/api/lessons/all?tutorId=3", parameters={masked}
2026-04-11 11:43:41.089 [http-nio-8080-exec-10] DEBUG o.s.w.s.m.m.a.RequestMappingHandlerMapping - Mapped to com.example.demo.controller.LessonController#getAllLessons(Long, Long)
2026-04-11 11:43:41.089 [http-nio-8080-exec-7] DEBUG o.s.web.servlet.DispatcherServlet - GET "/api/lessons/all?tutorId=3", parameters={masked}
2026-04-11 11:43:41.089 [http-nio-8080-exec-6] DEBUG org.hibernate.SQL - 
    select
        l1_0.id,
        l1_0.completed_at,
        l1_0.course_id,
        l1_0.created_at,
        l1_0.end_time,
        l1_0.lesson_date,
        l1_0.next_lesson_plan,
        l1_0.notes,
        l1_0.original_lesson_id,
        l1_0.paid_at,
        l1_0.start_time,
        l1_0.status,
        l1_0.student_id,
        l1_0.tutor_id,
        l1_0.updated_at 
    from
        lesson l1_0 
    where
        l1_0.tutor_id=? 
    order by
        l1_0.lesson_date,
        l1_0.start_time
2026-04-11 11:43:41.089 [http-nio-8080-exec-7] DEBUG o.s.w.s.m.m.a.RequestMappingHandlerMapping - Mapped to com.example.demo.controller.LessonController#getAllLessons(Long, Long)
2026-04-11 11:43:41.089 [http-nio-8080-exec-4] DEBUG org.hibernate.SQL - 
    select
        t1_0.id,
        t1_0.about,
        t1_0.avatar,
        t1_0.birthday,
        t1_0.city,
        t1_0.created_at,
        t1_0.email,
        t1_0.full_name,
        t1_0.is_active,
        t1_0.password_hash,
        t1_0.phone,
        t1_0.role 
    from
        tutor t1_0 
    where
        t1_0.id=?
2026-04-11 11:43:41.089 [http-nio-8080-exec-10] DEBUG o.s.s.a.m.AuthorizationManagerBeforeMethodInterceptor - Authorizing method invocation ReflectiveMethodInvocation: public org.springframework.http.ResponseEntity com.example.demo.controller.LessonController.getAllLessons(java.lang.Long,java.lang.Long); target is of class [com.example.demo.controller.LessonController]
2026-04-11 11:43:41.089 [http-nio-8080-exec-2] DEBUG o.s.s.a.m.AuthorizationManagerBeforeMethodInterceptor - Authorizing method invocation ReflectiveMethodInvocation: public org.springframework.http.ResponseEntity com.example.demo.controller.LessonController.getAllLessons(java.lang.Long,java.lang.Long); target is of class [com.example.demo.controller.LessonController]
2026-04-11 11:43:41.089 [http-nio-8080-exec-7] DEBUG o.s.s.a.m.AuthorizationManagerBeforeMethodInterceptor - Authorizing method invocation ReflectiveMethodInvocation: public org.springframework.http.ResponseEntity com.example.demo.controller.LessonController.getAllLessons(java.lang.Long,java.lang.Long); target is of class [com.example.demo.controller.LessonController]
2026-04-11 11:43:41.089 [http-nio-8080-exec-10] DEBUG o.s.s.a.m.AuthorizationManagerBeforeMethodInterceptor - Authorized method invocation ReflectiveMethodInvocation: public org.springframework.http.ResponseEntity com.example.demo.controller.LessonController.getAllLessons(java.lang.Long,java.lang.Long); target is of class [com.example.demo.controller.LessonController]
2026-04-11 11:43:41.089 [http-nio-8080-exec-2] DEBUG o.s.s.a.m.AuthorizationManagerBeforeMethodInterceptor - Authorized method invocation ReflectiveMethodInvocation: public org.springframework.http.ResponseEntity com.example.demo.controller.LessonController.getAllLessons(java.lang.Long,java.lang.Long); target is of class [com.example.demo.controller.LessonController]
2026-04-11 11:43:41.089 [http-nio-8080-exec-7] DEBUG o.s.s.a.m.AuthorizationManagerBeforeMethodInterceptor - Authorized method invocation ReflectiveMethodInvocation: public org.springframework.http.ResponseEntity com.example.demo.controller.LessonController.getAllLessons(java.lang.Long,java.lang.Long); target is of class [com.example.demo.controller.LessonController]
2026-04-11 11:43:41.090 [http-nio-8080-exec-2] DEBUG org.hibernate.SQL - 
    select
        l1_0.id,
        l1_0.completed_at,
        l1_0.course_id,
        l1_0.created_at,
        l1_0.end_time,
        l1_0.lesson_date,
        l1_0.next_lesson_plan,
        l1_0.notes,
        l1_0.original_lesson_id,
        l1_0.paid_at,
        l1_0.start_time,
        l1_0.status,
        l1_0.student_id,
        l1_0.tutor_id,
        l1_0.updated_at 
    from
        lesson l1_0 
    where
        l1_0.tutor_id=? 
    order by
        l1_0.lesson_date,
        l1_0.start_time
2026-04-11 11:43:41.090 [http-nio-8080-exec-10] DEBUG org.hibernate.SQL - 
    select
        l1_0.id,
        l1_0.completed_at,
        l1_0.course_id,
        l1_0.created_at,
        l1_0.end_time,
        l1_0.lesson_date,
        l1_0.next_lesson_plan,
        l1_0.notes,
        l1_0.original_lesson_id,
        l1_0.paid_at,
        l1_0.start_time,
        l1_0.status,
        l1_0.student_id,
        l1_0.tutor_id,
        l1_0.updated_at 
    from
        lesson l1_0 
    where
        l1_0.tutor_id=? 
    order by
        l1_0.lesson_date,
        l1_0.start_time
2026-04-11 11:43:41.090 [http-nio-8080-exec-7] DEBUG org.hibernate.SQL - 
    select
        l1_0.id,
        l1_0.completed_at,
        l1_0.course_id,
        l1_0.created_at,
        l1_0.end_time,
        l1_0.lesson_date,
        l1_0.next_lesson_plan,
        l1_0.notes,
        l1_0.original_lesson_id,
        l1_0.paid_at,
        l1_0.start_time,
        l1_0.status,
        l1_0.student_id,
        l1_0.tutor_id,
        l1_0.updated_at 
    from
        lesson l1_0 
    where
        l1_0.tutor_id=? 
    order by
        l1_0.lesson_date,
        l1_0.start_time
2026-04-11 11:43:41.090 [http-nio-8080-exec-6] DEBUG o.s.w.s.m.m.a.HttpEntityMethodProcessor - Using 'application/json', given [application/json, text/plain, */*] and supported [application/json, application/*+json]
2026-04-11 11:43:41.090 [http-nio-8080-exec-6] DEBUG o.s.w.s.m.m.a.HttpEntityMethodProcessor - Writing [[]]
2026-04-11 11:43:41.091 [http-nio-8080-exec-2] DEBUG o.s.w.s.m.m.a.HttpEntityMethodProcessor - Using 'application/json', given [application/json, text/plain, */*] and supported [application/json, application/*+json]
2026-04-11 11:43:41.091 [http-nio-8080-exec-7] DEBUG o.s.w.s.m.m.a.HttpEntityMethodProcessor - Using 'application/json', given [application/json, text/plain, */*] and supported [application/json, application/*+json]
2026-04-11 11:43:41.091 [http-nio-8080-exec-2] DEBUG o.s.w.s.m.m.a.HttpEntityMethodProcessor - Writing [[]]
2026-04-11 11:43:41.091 [http-nio-8080-exec-7] DEBUG o.s.w.s.m.m.a.HttpEntityMethodProcessor - Writing [[]]
2026-04-11 11:43:41.091 [http-nio-8080-exec-4] DEBUG o.s.w.s.m.m.a.ExceptionHandlerExceptionResolver - Using @ExceptionHandler com.example.demo.exception.GlobalExceptionHandler#handleRuntimeException(RuntimeException)
2026-04-11 11:43:41.091 [http-nio-8080-exec-6] DEBUG o.s.web.servlet.DispatcherServlet - Completed 200 OK
2026-04-11 11:43:41.091 [http-nio-8080-exec-7] DEBUG o.s.web.servlet.DispatcherServlet - Completed 200 OK
2026-04-11 11:43:41.091 [http-nio-8080-exec-2] DEBUG o.s.web.servlet.DispatcherServlet - Completed 200 OK
2026-04-11 11:43:41.091 [http-nio-8080-exec-4] ERROR c.e.d.e.GlobalExceptionHandler - Ошибка выполнения: null
java.lang.NullPointerException
	at java.base/java.util.Objects.requireNonNull(Objects.java:209)
	at java.base/java.util.ImmutableCollections$Map1.<init>(ImmutableCollections.java:1105)
	at java.base/java.util.Map.of(Map.java:1353)
	at com.example.demo.controller.TutorController.getAvatar(TutorController.java:93)
	at java.base/jdk.internal.reflect.NativeMethodAccessorImpl.invoke0(Native Method)
	at java.base/jdk.internal.reflect.NativeMethodAccessorImpl.invoke(NativeMethodAccessorImpl.java:77)
	at java.base/jdk.internal.reflect.DelegatingMethodAccessorImpl.invoke(DelegatingMethodAccessorImpl.java:43)
	at java.base/java.lang.reflect.Method.invoke(Method.java:569)
	at org.springframework.web.method.support.InvocableHandlerMethod.doInvoke(InvocableHandlerMethod.java:252)
	at org.springframework.web.method.support.InvocableHandlerMethod.invokeForRequest(InvocableHandlerMethod.java:184)
	at org.springframework.web.servlet.mvc.method.annotation.ServletInvocableHandlerMethod.invokeAndHandle(ServletInvocableHandlerMethod.java:117)
	at org.springframework.web.servlet.mvc.method.annotation.RequestMappingHandlerAdapter.invokeHandlerMethod(RequestMappingHandlerAdapter.java:934)
	at org.springframework.web.servlet.mvc.method.annotation.RequestMappingHandlerAdapter.handleInternal(RequestMappingHandlerAdapter.java:853)
	at org.springframework.web.servlet.mvc.method.AbstractHandlerMethodAdapter.handle(AbstractHandlerMethodAdapter.java:86)
	at org.springframework.web.servlet.DispatcherServlet.doDispatch(DispatcherServlet.java:963)
	at org.springframework.web.servlet.DispatcherServlet.doService(DispatcherServlet.java:866)
	at org.springframework.web.servlet.FrameworkServlet.processRequest(FrameworkServlet.java:1000)
	at org.springframework.web.servlet.FrameworkServlet.doGet(FrameworkServlet.java:892)
	at jakarta.servlet.http.HttpServlet.service(HttpServlet.java:622)
	at org.springframework.web.servlet.FrameworkServlet.service(FrameworkServlet.java:874)
	at jakarta.servlet.http.HttpServlet.service(HttpServlet.java:710)
	at org.apache.catalina.core.ApplicationFilterChain.doFilter(ApplicationFilterChain.java:128)
	at org.apache.tomcat.websocket.server.WsFilter.doFilter(WsFilter.java:53)
	at org.apache.catalina.core.ApplicationFilterChain.doFilter(ApplicationFilterChain.java:107)
	at org.springframework.web.filter.OncePerRequestFilter.doFilter(OncePerRequestFilter.java:110)
	at org.apache.catalina.core.ApplicationFilterChain.doFilter(ApplicationFilterChain.java:107)
	at org.springframework.web.filter.CompositeFilter$VirtualFilterChain.doFilter(CompositeFilter.java:108)
	at org.springframework.security.web.FilterChainProxy.lambda$doFilterInternal$3(FilterChainProxy.java:235)
	at org.springframework.security.web.FilterChainProxy$VirtualFilterChain.doFilter(FilterChainProxy.java:371)
	at org.springframework.security.web.access.intercept.AuthorizationFilter.doFilter(AuthorizationFilter.java:101)
	at org.springframework.security.web.FilterChainProxy$VirtualFilterChain.doFilter(FilterChainProxy.java:380)
	at org.springframework.security.web.access.ExceptionTranslationFilter.doFilter(ExceptionTranslationFilter.java:126)
	at org.springframework.security.web.access.ExceptionTranslationFilter.doFilter(ExceptionTranslationFilter.java:120)
	at org.springframework.security.web.FilterChainProxy$VirtualFilterChain.doFilter(FilterChainProxy.java:380)
	at org.springframework.security.web.session.SessionManagementFilter.doFilter(SessionManagementFilter.java:132)
	at org.springframework.security.web.session.SessionManagementFilter.doFilter(SessionManagementFilter.java:86)
	at org.springframework.security.web.FilterChainProxy$VirtualFilterChain.doFilter(FilterChainProxy.java:380)
	at org.springframework.security.web.authentication.AnonymousAuthenticationFilter.doFilter(AnonymousAuthenticationFilter.java:100)
	at org.springframework.security.web.FilterChainProxy$VirtualFilterChain.doFilter(FilterChainProxy.java:380)
	at org.springframework.security.web.servletapi.SecurityContextHolderAwareRequestFilter.doFilter(SecurityContextHolderAwareRequestFilter.java:181)
	at org.springframework.security.web.FilterChainProxy$VirtualFilterChain.doFilter(FilterChainProxy.java:380)
	at org.springframework.security.web.savedrequest.RequestCacheAwareFilter.doFilter(RequestCacheAwareFilter.java:63)
	at org.springframework.security.web.FilterChainProxy$VirtualFilterChain.doFilter(FilterChainProxy.java:380)
	at com.example.demo.config.AuthTokenFilter.doFilterInternal(AuthTokenFilter.java:59)
	at org.springframework.web.filter.OncePerRequestFilter.doFilter(OncePerRequestFilter.java:116)
	at org.springframework.security.web.FilterChainProxy$VirtualFilterChain.doFilter(FilterChainProxy.java:380)
	at org.springframework.security.web.authentication.logout.LogoutFilter.doFilter(LogoutFilter.java:110)
	at org.springframework.security.web.authentication.logout.LogoutFilter.doFilter(LogoutFilter.java:96)
	at org.springframework.security.web.FilterChainProxy$VirtualFilterChain.doFilter(FilterChainProxy.java:380)
	at org.springframework.web.filter.CorsFilter.doFilterInternal(CorsFilter.java:91)
	at org.springframework.web.filter.OncePerRequestFilter.doFilter(OncePerRequestFilter.java:116)
	at org.springframework.security.web.FilterChainProxy$VirtualFilterChain.doFilter(FilterChainProxy.java:380)
	at org.springframework.security.web.header.HeaderWriterFilter.doHeadersAfter(HeaderWriterFilter.java:90)
	at org.springframework.security.web.header.HeaderWriterFilter.doFilterInternal(HeaderWriterFilter.java:75)
	at org.springframework.web.filter.OncePerRequestFilter.doFilter(OncePerRequestFilter.java:116)
	at org.springframework.security.web.FilterChainProxy$VirtualFilterChain.doFilter(FilterChainProxy.java:380)
	at org.springframework.security.web.context.SecurityContextHolderFilter.doFilter(SecurityContextHolderFilter.java:82)
	at org.springframework.security.web.context.SecurityContextHolderFilter.doFilter(SecurityContextHolderFilter.java:69)
	at org.springframework.security.web.FilterChainProxy$VirtualFilterChain.doFilter(FilterChainProxy.java:380)
	at org.springframework.security.web.context.request.async.WebAsyncManagerIntegrationFilter.doFilterInternal(WebAsyncManagerIntegrationFilter.java:62)
	at org.springframework.web.filter.OncePerRequestFilter.doFilter(OncePerRequestFilter.java:116)
	at org.springframework.security.web.FilterChainProxy$VirtualFilterChain.doFilter(FilterChainProxy.java:380)
	at org.springframework.security.web.session.DisableEncodeUrlFilter.doFilterInternal(DisableEncodeUrlFilter.java:42)
	at org.springframework.web.filter.OncePerRequestFilter.doFilter(OncePerRequestFilter.java:116)
	at org.springframework.security.web.FilterChainProxy$VirtualFilterChain.doFilter(FilterChainProxy.java:380)
	at org.springframework.security.web.FilterChainProxy.doFilterInternal(FilterChainProxy.java:237)
	at org.springframework.security.web.FilterChainProxy.doFilter(FilterChainProxy.java:195)
	at org.springframework.web.filter.CompositeFilter$VirtualFilterChain.doFilter(CompositeFilter.java:113)
	at org.springframework.web.filter.ServletRequestPathFilter.doFilter(ServletRequestPathFilter.java:52)
	at org.springframework.web.filter.CompositeFilter$VirtualFilterChain.doFilter(CompositeFilter.java:113)
	at org.springframework.web.filter.CompositeFilter.doFilter(CompositeFilter.java:74)
	at org.springframework.security.config.annotation.web.configuration.WebSecurityConfiguration$CompositeFilterChainProxy.doFilter(WebSecurityConfiguration.java:317)
	at org.springframework.web.filter.DelegatingFilterProxy.invokeDelegate(DelegatingFilterProxy.java:355)
	at org.springframework.web.filter.DelegatingFilterProxy.doFilter(DelegatingFilterProxy.java:272)
	at org.apache.catalina.core.ApplicationFilterChain.doFilter(ApplicationFilterChain.java:107)
	at org.springframework.web.filter.RequestContextFilter.doFilterInternal(RequestContextFilter.java:100)
	at org.springframework.web.filter.OncePerRequestFilter.doFilter(OncePerRequestFilter.java:116)
	at org.apache.catalina.core.ApplicationFilterChain.doFilter(ApplicationFilterChain.java:107)
	at org.springframework.web.filter.FormContentFilter.doFilterInternal(FormContentFilter.java:93)
	at org.springframework.web.filter.OncePerRequestFilter.doFilter(OncePerRequestFilter.java:116)
	at org.apache.catalina.core.ApplicationFilterChain.doFilter(ApplicationFilterChain.java:107)
	at org.springframework.web.filter.CharacterEncodingFilter.doFilterInternal(CharacterEncodingFilter.java:199)
	at org.springframework.web.filter.OncePerRequestFilter.doFilter(OncePerRequestFilter.java:116)
	at org.apache.catalina.core.ApplicationFilterChain.doFilter(ApplicationFilterChain.java:107)
	at org.apache.catalina.core.StandardWrapperValve.invoke(StandardWrapperValve.java:165)
	at org.apache.catalina.core.StandardContextValve.invoke(StandardContextValve.java:77)
	at org.apache.catalina.authenticator.AuthenticatorBase.invoke(AuthenticatorBase.java:492)
	at org.apache.catalina.core.StandardHostValve.invoke(StandardHostValve.java:113)
	at org.apache.catalina.valves.ErrorReportValve.invoke(ErrorReportValve.java:83)
	at org.apache.catalina.core.StandardEngineValve.invoke(StandardEngineValve.java:72)
	at org.apache.catalina.connector.CoyoteAdapter.service(CoyoteAdapter.java:341)
	at org.apache.coyote.http11.Http11Processor.service(Http11Processor.java:397)
	at org.apache.coyote.AbstractProcessorLight.process(AbstractProcessorLight.java:63)
	at org.apache.coyote.AbstractProtocol$ConnectionHandler.process(AbstractProtocol.java:903)
	at org.apache.tomcat.util.net.NioEndpoint$SocketProcessor.doRun(NioEndpoint.java:1779)
	at org.apache.tomcat.util.net.SocketProcessorBase.run(SocketProcessorBase.java:52)
	at org.apache.tomcat.util.threads.ThreadPoolExecutor.runWorker(ThreadPoolExecutor.java:946)
	at org.apache.tomcat.util.threads.ThreadPoolExecutor$Worker.run(ThreadPoolExecutor.java:480)
	at org.apache.tomcat.util.threads.TaskThread$WrappingRunnable.run(TaskThread.java:57)
	at java.base/java.lang.Thread.run(Thread.java:840)
2026-04-11 11:43:41.092 [http-nio-8080-exec-4] DEBUG o.s.w.s.m.m.a.HttpEntityMethodProcessor - Using 'application/json', given [application/json, text/plain, */*] and supported [application/json, application/*+json]
2026-04-11 11:43:41.092 [http-nio-8080-exec-4] DEBUG o.s.w.s.m.m.a.HttpEntityMethodProcessor - Writing [{error=Внутренняя ошибка сервера}]
2026-04-11 11:43:41.092 [http-nio-8080-exec-4] DEBUG o.s.w.s.m.m.a.ExceptionHandlerExceptionResolver - Resolved [java.lang.NullPointerException]
2026-04-11 11:43:41.093 [http-nio-8080-exec-4] DEBUG o.s.web.servlet.DispatcherServlet - Completed 500 INTERNAL_SERVER_ERROR
2026-04-11 11:43:41.093 [http-nio-8080-exec-10] DEBUG o.s.w.s.m.m.a.HttpEntityMethodProcessor - Using 'application/json', given [application/json, text/plain, */*] and supported [application/json, application/*+json]
2026-04-11 11:43:41.094 [http-nio-8080-exec-10] DEBUG o.s.w.s.m.m.a.HttpEntityMethodProcessor - Writing [[]]
2026-04-11 11:43:41.094 [http-nio-8080-exec-10] DEBUG o.s.web.servlet.DispatcherServlet - Completed 200 OK
2026-04-11 11:44:55.521 [http-nio-8080-exec-4] DEBUG o.s.security.web.FilterChainProxy - Securing GET /api/materials
2026-04-11 11:44:55.521 [http-nio-8080-exec-2] DEBUG o.s.security.web.FilterChainProxy - Securing GET /api/tutors/3/avatar
2026-04-11 11:44:55.521 [http-nio-8080-exec-10] DEBUG o.s.security.web.FilterChainProxy - Securing GET /api/students/tutor/3
2026-04-11 11:44:55.522 [http-nio-8080-exec-9] DEBUG o.s.security.web.FilterChainProxy - Securing GET /api/courses/tutor/3
2026-04-11 11:44:55.522 [http-nio-8080-exec-5] DEBUG o.s.security.web.FilterChainProxy - Securing GET /api/materials
2026-04-11 11:44:55.523 [http-nio-8080-exec-3] DEBUG o.s.security.web.FilterChainProxy - Securing GET /api/materials
2026-04-11 11:44:55.524 [http-nio-8080-exec-7] DEBUG o.s.security.web.FilterChainProxy - Securing GET /api/courses/tutor/3
2026-04-11 11:44:55.524 [http-nio-8080-exec-1] DEBUG o.s.security.web.FilterChainProxy - Securing GET /api/students/tutor/3
2026-04-11 11:44:55.524 [http-nio-8080-exec-8] DEBUG o.s.security.web.FilterChainProxy - Securing GET /api/materials
2026-04-11 11:44:55.528 [http-nio-8080-exec-4] DEBUG o.s.security.web.FilterChainProxy - Secured GET /api/materials
2026-04-11 11:44:55.528 [http-nio-8080-exec-4] DEBUG o.s.web.servlet.DispatcherServlet - GET "/api/materials", parameters={}
2026-04-11 11:44:55.528 [http-nio-8080-exec-10] DEBUG o.s.security.web.FilterChainProxy - Secured GET /api/students/tutor/3
2026-04-11 11:44:55.528 [http-nio-8080-exec-10] DEBUG o.s.web.servlet.DispatcherServlet - GET "/api/students/tutor/3", parameters={}
2026-04-11 11:44:55.528 [http-nio-8080-exec-4] DEBUG o.s.w.s.m.m.a.RequestMappingHandlerMapping - Mapped to com.example.demo.controller.MaterialController#getMaterials(Long, Long)
2026-04-11 11:44:55.528 [http-nio-8080-exec-2] DEBUG o.s.security.web.FilterChainProxy - Secured GET /api/tutors/3/avatar
2026-04-11 11:44:55.528 [http-nio-8080-exec-2] DEBUG o.s.web.servlet.DispatcherServlet - GET "/api/tutors/3/avatar", parameters={}
2026-04-11 11:44:55.528 [http-nio-8080-exec-10] DEBUG o.s.w.s.m.m.a.RequestMappingHandlerMapping - Mapped to com.example.demo.controller.StudentController#getStudentsByTutor(Long, Long, String)
2026-04-11 11:44:55.529 [http-nio-8080-exec-2] DEBUG o.s.w.s.m.m.a.RequestMappingHandlerMapping - Mapped to com.example.demo.controller.TutorController#getAvatar(Long)
2026-04-11 11:44:55.529 [http-nio-8080-exec-5] DEBUG o.s.security.web.FilterChainProxy - Secured GET /api/materials
2026-04-11 11:44:55.529 [http-nio-8080-exec-5] DEBUG o.s.web.servlet.DispatcherServlet - GET "/api/materials", parameters={}
2026-04-11 11:44:55.529 [http-nio-8080-exec-5] DEBUG o.s.w.s.m.m.a.RequestMappingHandlerMapping - Mapped to com.example.demo.controller.MaterialController#getMaterials(Long, Long)
2026-04-11 11:44:55.529 [http-nio-8080-exec-3] DEBUG o.s.security.web.FilterChainProxy - Secured GET /api/materials
2026-04-11 11:44:55.529 [http-nio-8080-exec-9] DEBUG o.s.security.web.FilterChainProxy - Secured GET /api/courses/tutor/3
2026-04-11 11:44:55.529 [http-nio-8080-exec-3] DEBUG o.s.web.servlet.DispatcherServlet - GET "/api/materials", parameters={}
2026-04-11 11:44:55.529 [http-nio-8080-exec-4] DEBUG o.s.s.a.m.AuthorizationManagerBeforeMethodInterceptor - Authorizing method invocation ReflectiveMethodInvocation: public org.springframework.http.ResponseEntity com.example.demo.controller.MaterialController.getMaterials(java.lang.Long,java.lang.Long); target is of class [com.example.demo.controller.MaterialController]
2026-04-11 11:44:55.529 [http-nio-8080-exec-10] DEBUG o.s.s.a.m.AuthorizationManagerBeforeMethodInterceptor - Authorizing method invocation ReflectiveMethodInvocation: public org.springframework.http.ResponseEntity com.example.demo.controller.StudentController.getStudentsByTutor(java.lang.Long,java.lang.Long,java.lang.String); target is of class [com.example.demo.controller.StudentController]
2026-04-11 11:44:55.529 [http-nio-8080-exec-3] DEBUG o.s.w.s.m.m.a.RequestMappingHandlerMapping - Mapped to com.example.demo.controller.MaterialController#getMaterials(Long, Long)
2026-04-11 11:44:55.529 [http-nio-8080-exec-9] DEBUG o.s.web.servlet.DispatcherServlet - GET "/api/courses/tutor/3", parameters={}
2026-04-11 11:44:55.529 [http-nio-8080-exec-5] DEBUG o.s.s.a.m.AuthorizationManagerBeforeMethodInterceptor - Authorizing method invocation ReflectiveMethodInvocation: public org.springframework.http.ResponseEntity com.example.demo.controller.MaterialController.getMaterials(java.lang.Long,java.lang.Long); target is of class [com.example.demo.controller.MaterialController]
2026-04-11 11:44:55.529 [http-nio-8080-exec-5] DEBUG o.s.s.a.m.AuthorizationManagerBeforeMethodInterceptor - Authorized method invocation ReflectiveMethodInvocation: public org.springframework.http.ResponseEntity com.example.demo.controller.MaterialController.getMaterials(java.lang.Long,java.lang.Long); target is of class [com.example.demo.controller.MaterialController]
2026-04-11 11:44:55.529 [http-nio-8080-exec-10] DEBUG o.s.s.a.m.AuthorizationManagerBeforeMethodInterceptor - Authorized method invocation ReflectiveMethodInvocation: public org.springframework.http.ResponseEntity com.example.demo.controller.StudentController.getStudentsByTutor(java.lang.Long,java.lang.Long,java.lang.String); target is of class [com.example.demo.controller.StudentController]
2026-04-11 11:44:55.529 [http-nio-8080-exec-3] DEBUG o.s.s.a.m.AuthorizationManagerBeforeMethodInterceptor - Authorizing method invocation ReflectiveMethodInvocation: public org.springframework.http.ResponseEntity com.example.demo.controller.MaterialController.getMaterials(java.lang.Long,java.lang.Long); target is of class [com.example.demo.controller.MaterialController]
2026-04-11 11:44:55.529 [http-nio-8080-exec-9] DEBUG o.s.w.s.m.m.a.RequestMappingHandlerMapping - Mapped to com.example.demo.controller.CourseController#getCoursesByTutor(Long)
2026-04-11 11:44:55.530 [http-nio-8080-exec-7] DEBUG o.s.security.web.FilterChainProxy - Secured GET /api/courses/tutor/3
2026-04-11 11:44:55.530 [http-nio-8080-exec-7] DEBUG o.s.web.servlet.DispatcherServlet - GET "/api/courses/tutor/3", parameters={}
2026-04-11 11:44:55.529 [http-nio-8080-exec-4] DEBUG o.s.s.a.m.AuthorizationManagerBeforeMethodInterceptor - Authorized method invocation ReflectiveMethodInvocation: public org.springframework.http.ResponseEntity com.example.demo.controller.MaterialController.getMaterials(java.lang.Long,java.lang.Long); target is of class [com.example.demo.controller.MaterialController]
2026-04-11 11:44:55.530 [http-nio-8080-exec-9] DEBUG org.hibernate.SQL - 
    select
        c1_0.id,
        c1_0.color,
        c1_0.created_at,
        c1_0.description,
        c1_0.name,
        c1_0.tutor_id 
    from
        course c1_0 
    where
        c1_0.tutor_id=?
2026-04-11 11:44:55.530 [http-nio-8080-exec-3] DEBUG o.s.s.a.m.AuthorizationManagerBeforeMethodInterceptor - Authorized method invocation ReflectiveMethodInvocation: public org.springframework.http.ResponseEntity com.example.demo.controller.MaterialController.getMaterials(java.lang.Long,java.lang.Long); target is of class [com.example.demo.controller.MaterialController]
2026-04-11 11:44:55.530 [http-nio-8080-exec-2] DEBUG org.hibernate.SQL - 
    select
        t1_0.id,
        t1_0.about,
        t1_0.avatar,
        t1_0.birthday,
        t1_0.city,
        t1_0.created_at,
        t1_0.email,
        t1_0.full_name,
        t1_0.is_active,
        t1_0.password_hash,
        t1_0.phone,
        t1_0.role 
    from
        tutor t1_0 
    where
        t1_0.id=?
2026-04-11 11:44:55.530 [http-nio-8080-exec-1] DEBUG o.s.security.web.FilterChainProxy - Secured GET /api/students/tutor/3
2026-04-11 11:44:55.530 [http-nio-8080-exec-7] DEBUG o.s.w.s.m.m.a.RequestMappingHandlerMapping - Mapped to com.example.demo.controller.CourseController#getCoursesByTutor(Long)
2026-04-11 11:44:55.530 [http-nio-8080-exec-1] DEBUG o.s.web.servlet.DispatcherServlet - GET "/api/students/tutor/3", parameters={}
2026-04-11 11:44:55.530 [http-nio-8080-exec-5] DEBUG org.hibernate.SQL - 
    select
        m1_0.id,
        m1_0.course_id,
        m1_0.created_at,
        m1_0.description,
        m1_0.file_name,
        m1_0.file_path,
        m1_0.file_size,
        m1_0.file_type,
        m1_0.folder_id,
        m1_0.student_id,
        m1_0.title,
        m1_0.tutor_id,
        m1_0.updated_at 
    from
        material m1_0 
    where
        m1_0.tutor_id=? 
        and m1_0.folder_id is null
2026-04-11 11:44:55.531 [http-nio-8080-exec-1] DEBUG o.s.w.s.m.m.a.RequestMappingHandlerMapping - Mapped to com.example.demo.controller.StudentController#getStudentsByTutor(Long, Long, String)
2026-04-11 11:44:55.531 [http-nio-8080-exec-3] DEBUG org.hibernate.SQL - 
    select
        m1_0.id,
        m1_0.course_id,
        m1_0.created_at,
        m1_0.description,
        m1_0.file_name,
        m1_0.file_path,
        m1_0.file_size,
        m1_0.file_type,
        m1_0.folder_id,
        m1_0.student_id,
        m1_0.title,
        m1_0.tutor_id,
        m1_0.updated_at 
    from
        material m1_0 
    where
        m1_0.tutor_id=? 
        and m1_0.folder_id is null
2026-04-11 11:44:55.531 [http-nio-8080-exec-4] DEBUG org.hibernate.SQL - 
    select
        m1_0.id,
        m1_0.course_id,
        m1_0.created_at,
        m1_0.description,
        m1_0.file_name,
        m1_0.file_path,
        m1_0.file_size,
        m1_0.file_type,
        m1_0.folder_id,
        m1_0.student_id,
        m1_0.title,
        m1_0.tutor_id,
        m1_0.updated_at 
    from
        material m1_0 
    where
        m1_0.tutor_id=? 
        and m1_0.folder_id is null
2026-04-11 11:44:55.531 [http-nio-8080-exec-7] DEBUG org.hibernate.SQL - 
    select
        c1_0.id,
        c1_0.color,
        c1_0.created_at,
        c1_0.description,
        c1_0.name,
        c1_0.tutor_id 
    from
        course c1_0 
    where
        c1_0.tutor_id=?
2026-04-11 11:44:55.531 [http-nio-8080-exec-1] DEBUG o.s.s.a.m.AuthorizationManagerBeforeMethodInterceptor - Authorizing method invocation ReflectiveMethodInvocation: public org.springframework.http.ResponseEntity com.example.demo.controller.StudentController.getStudentsByTutor(java.lang.Long,java.lang.Long,java.lang.String); target is of class [com.example.demo.controller.StudentController]
2026-04-11 11:44:55.531 [http-nio-8080-exec-1] DEBUG o.s.s.a.m.AuthorizationManagerBeforeMethodInterceptor - Authorized method invocation ReflectiveMethodInvocation: public org.springframework.http.ResponseEntity com.example.demo.controller.StudentController.getStudentsByTutor(java.lang.Long,java.lang.Long,java.lang.String); target is of class [com.example.demo.controller.StudentController]
2026-04-11 11:44:55.532 [http-nio-8080-exec-9] DEBUG o.s.w.s.m.m.a.HttpEntityMethodProcessor - Using 'application/json', given [application/json, text/plain, */*] and supported [application/json, application/*+json]
2026-04-11 11:44:55.532 [http-nio-8080-exec-9] DEBUG o.s.w.s.m.m.a.HttpEntityMethodProcessor - Writing [[]]
2026-04-11 11:44:55.532 [http-nio-8080-exec-10] DEBUG org.hibernate.SQL - 
    select
        s1_0.id,
        s1_0.birthday,
        s1_0.created_at,
        s1_0.email,
        s1_0.full_name,
        s1_0.parent_id,
        s1_0.parent_name,
        s1_0.parent_phone,
        s1_0.password_hash,
        s1_0.payment_type,
        s1_0.phone,
        s1_0.role 
    from
        student s1_0
2026-04-11 11:44:55.532 [http-nio-8080-exec-3] DEBUG org.hibernate.SQL - 
    select
        mf1_0.id,
        mf1_0.course_id,
        mf1_0.created_at,
        mf1_0.name,
        mf1_0.parent_folder_id,
        mf1_0.tutor_id 
    from
        material_folder mf1_0 
    where
        mf1_0.tutor_id=? 
        and mf1_0.parent_folder_id is null
2026-04-11 11:44:55.532 [http-nio-8080-exec-2] DEBUG o.s.w.s.m.m.a.ExceptionHandlerExceptionResolver - Using @ExceptionHandler com.example.demo.exception.GlobalExceptionHandler#handleRuntimeException(RuntimeException)
2026-04-11 11:44:55.533 [http-nio-8080-exec-3] DEBUG o.s.w.s.m.m.a.HttpEntityMethodProcessor - Using 'application/json', given [application/json, text/plain, */*] and supported [application/json, application/*+json]
2026-04-11 11:44:55.533 [http-nio-8080-exec-5] DEBUG org.hibernate.SQL - 
    select
        mf1_0.id,
        mf1_0.course_id,
        mf1_0.created_at,
        mf1_0.name,
        mf1_0.parent_folder_id,
        mf1_0.tutor_id 
    from
        material_folder mf1_0 
    where
        mf1_0.tutor_id=? 
        and mf1_0.parent_folder_id is null
2026-04-11 11:44:55.533 [http-nio-8080-exec-3] DEBUG o.s.w.s.m.m.a.HttpEntityMethodProcessor - Writing [{folders=[], materials=[]}]
2026-04-11 11:44:55.533 [http-nio-8080-exec-9] DEBUG o.s.web.servlet.DispatcherServlet - Completed 200 OK
2026-04-11 11:44:55.532 [http-nio-8080-exec-2] ERROR c.e.d.e.GlobalExceptionHandler - Ошибка выполнения: null
java.lang.NullPointerException
	at java.base/java.util.Objects.requireNonNull(Objects.java:209)
	at java.base/java.util.ImmutableCollections$Map1.<init>(ImmutableCollections.java:1105)
	at java.base/java.util.Map.of(Map.java:1353)
	at com.example.demo.controller.TutorController.getAvatar(TutorController.java:93)
	at java.base/jdk.internal.reflect.NativeMethodAccessorImpl.invoke0(Native Method)
	at java.base/jdk.internal.reflect.NativeMethodAccessorImpl.invoke(NativeMethodAccessorImpl.java:77)
	at java.base/jdk.internal.reflect.DelegatingMethodAccessorImpl.invoke(DelegatingMethodAccessorImpl.java:43)
	at java.base/java.lang.reflect.Method.invoke(Method.java:569)
	at org.springframework.web.method.support.InvocableHandlerMethod.doInvoke(InvocableHandlerMethod.java:252)
	at org.springframework.web.method.support.InvocableHandlerMethod.invokeForRequest(InvocableHandlerMethod.java:184)
	at org.springframework.web.servlet.mvc.method.annotation.ServletInvocableHandlerMethod.invokeAndHandle(ServletInvocableHandlerMethod.java:117)
	at org.springframework.web.servlet.mvc.method.annotation.RequestMappingHandlerAdapter.invokeHandlerMethod(RequestMappingHandlerAdapter.java:934)
	at org.springframework.web.servlet.mvc.method.annotation.RequestMappingHandlerAdapter.handleInternal(RequestMappingHandlerAdapter.java:853)
	at org.springframework.web.servlet.mvc.method.AbstractHandlerMethodAdapter.handle(AbstractHandlerMethodAdapter.java:86)
	at org.springframework.web.servlet.DispatcherServlet.doDispatch(DispatcherServlet.java:963)
	at org.springframework.web.servlet.DispatcherServlet.doService(DispatcherServlet.java:866)
	at org.springframework.web.servlet.FrameworkServlet.processRequest(FrameworkServlet.java:1000)
	at org.springframework.web.servlet.FrameworkServlet.doGet(FrameworkServlet.java:892)
	at jakarta.servlet.http.HttpServlet.service(HttpServlet.java:622)
	at org.springframework.web.servlet.FrameworkServlet.service(FrameworkServlet.java:874)
	at jakarta.servlet.http.HttpServlet.service(HttpServlet.java:710)
	at org.apache.catalina.core.ApplicationFilterChain.doFilter(ApplicationFilterChain.java:128)
	at org.apache.tomcat.websocket.server.WsFilter.doFilter(WsFilter.java:53)
	at org.apache.catalina.core.ApplicationFilterChain.doFilter(ApplicationFilterChain.java:107)
	at org.springframework.web.filter.OncePerRequestFilter.doFilter(OncePerRequestFilter.java:110)
	at org.apache.catalina.core.ApplicationFilterChain.doFilter(ApplicationFilterChain.java:107)
	at org.springframework.web.filter.CompositeFilter$VirtualFilterChain.doFilter(CompositeFilter.java:108)
	at org.springframework.security.web.FilterChainProxy.lambda$doFilterInternal$3(FilterChainProxy.java:235)
	at org.springframework.security.web.FilterChainProxy$VirtualFilterChain.doFilter(FilterChainProxy.java:371)
	at org.springframework.security.web.access.intercept.AuthorizationFilter.doFilter(AuthorizationFilter.java:101)
	at org.springframework.security.web.FilterChainProxy$VirtualFilterChain.doFilter(FilterChainProxy.java:380)
	at org.springframework.security.web.access.ExceptionTranslationFilter.doFilter(ExceptionTranslationFilter.java:126)
	at org.springframework.security.web.access.ExceptionTranslationFilter.doFilter(ExceptionTranslationFilter.java:120)
	at org.springframework.security.web.FilterChainProxy$VirtualFilterChain.doFilter(FilterChainProxy.java:380)
	at org.springframework.security.web.session.SessionManagementFilter.doFilter(SessionManagementFilter.java:132)
	at org.springframework.security.web.session.SessionManagementFilter.doFilter(SessionManagementFilter.java:86)
	at org.springframework.security.web.FilterChainProxy$VirtualFilterChain.doFilter(FilterChainProxy.java:380)
	at org.springframework.security.web.authentication.AnonymousAuthenticationFilter.doFilter(AnonymousAuthenticationFilter.java:100)
	at org.springframework.security.web.FilterChainProxy$VirtualFilterChain.doFilter(FilterChainProxy.java:380)
	at org.springframework.security.web.servletapi.SecurityContextHolderAwareRequestFilter.doFilter(SecurityContextHolderAwareRequestFilter.java:181)
	at org.springframework.security.web.FilterChainProxy$VirtualFilterChain.doFilter(FilterChainProxy.java:380)
	at org.springframework.security.web.savedrequest.RequestCacheAwareFilter.doFilter(RequestCacheAwareFilter.java:63)
	at org.springframework.security.web.FilterChainProxy$VirtualFilterChain.doFilter(FilterChainProxy.java:380)
	at com.example.demo.config.AuthTokenFilter.doFilterInternal(AuthTokenFilter.java:59)
	at org.springframework.web.filter.OncePerRequestFilter.doFilter(OncePerRequestFilter.java:116)
	at org.springframework.security.web.FilterChainProxy$VirtualFilterChain.doFilter(FilterChainProxy.java:380)
	at org.springframework.security.web.authentication.logout.LogoutFilter.doFilter(LogoutFilter.java:110)
	at org.springframework.security.web.authentication.logout.LogoutFilter.doFilter(LogoutFilter.java:96)
	at org.springframework.security.web.FilterChainProxy$VirtualFilterChain.doFilter(FilterChainProxy.java:380)
	at org.springframework.web.filter.CorsFilter.doFilterInternal(CorsFilter.java:91)
	at org.springframework.web.filter.OncePerRequestFilter.doFilter(OncePerRequestFilter.java:116)
	at org.springframework.security.web.FilterChainProxy$VirtualFilterChain.doFilter(FilterChainProxy.java:380)
	at org.springframework.security.web.header.HeaderWriterFilter.doHeadersAfter(HeaderWriterFilter.java:90)
	at org.springframework.security.web.header.HeaderWriterFilter.doFilterInternal(HeaderWriterFilter.java:75)
	at org.springframework.web.filter.OncePerRequestFilter.doFilter(OncePerRequestFilter.java:116)
	at org.springframework.security.web.FilterChainProxy$VirtualFilterChain.doFilter(FilterChainProxy.java:380)
	at org.springframework.security.web.context.SecurityContextHolderFilter.doFilter(SecurityContextHolderFilter.java:82)
	at org.springframework.security.web.context.SecurityContextHolderFilter.doFilter(SecurityContextHolderFilter.java:69)
	at org.springframework.security.web.FilterChainProxy$VirtualFilterChain.doFilter(FilterChainProxy.java:380)
	at org.springframework.security.web.context.request.async.WebAsyncManagerIntegrationFilter.doFilterInternal(WebAsyncManagerIntegrationFilter.java:62)
	at org.springframework.web.filter.OncePerRequestFilter.doFilter(OncePerRequestFilter.java:116)
	at org.springframework.security.web.FilterChainProxy$VirtualFilterChain.doFilter(FilterChainProxy.java:380)
	at org.springframework.security.web.session.DisableEncodeUrlFilter.doFilterInternal(DisableEncodeUrlFilter.java:42)
	at org.springframework.web.filter.OncePerRequestFilter.doFilter(OncePerRequestFilter.java:116)
	at org.springframework.security.web.FilterChainProxy$VirtualFilterChain.doFilter(FilterChainProxy.java:380)
	at org.springframework.security.web.FilterChainProxy.doFilterInternal(FilterChainProxy.java:237)
	at org.springframework.security.web.FilterChainProxy.doFilter(FilterChainProxy.java:195)
	at org.springframework.web.filter.CompositeFilter$VirtualFilterChain.doFilter(CompositeFilter.java:113)
	at org.springframework.web.filter.ServletRequestPathFilter.doFilter(ServletRequestPathFilter.java:52)
	at org.springframework.web.filter.CompositeFilter$VirtualFilterChain.doFilter(CompositeFilter.java:113)
	at org.springframework.web.filter.CompositeFilter.doFilter(CompositeFilter.java:74)
	at org.springframework.security.config.annotation.web.configuration.WebSecurityConfiguration$CompositeFilterChainProxy.doFilter(WebSecurityConfiguration.java:317)
	at org.springframework.web.filter.DelegatingFilterProxy.invokeDelegate(DelegatingFilterProxy.java:355)
	at org.springframework.web.filter.DelegatingFilterProxy.doFilter(DelegatingFilterProxy.java:272)
	at org.apache.catalina.core.ApplicationFilterChain.doFilter(ApplicationFilterChain.java:107)
	at org.springframework.web.filter.RequestContextFilter.doFilterInternal(RequestContextFilter.java:100)
	at org.springframework.web.filter.OncePerRequestFilter.doFilter(OncePerRequestFilter.java:116)
	at org.apache.catalina.core.ApplicationFilterChain.doFilter(ApplicationFilterChain.java:107)
	at org.springframework.web.filter.FormContentFilter.doFilterInternal(FormContentFilter.java:93)
	at org.springframework.web.filter.OncePerRequestFilter.doFilter(OncePerRequestFilter.java:116)
	at org.apache.catalina.core.ApplicationFilterChain.doFilter(ApplicationFilterChain.java:107)
	at org.springframework.web.filter.CharacterEncodingFilter.doFilterInternal(CharacterEncodingFilter.java:199)
	at org.springframework.web.filter.OncePerRequestFilter.doFilter(OncePerRequestFilter.java:116)
	at org.apache.catalina.core.ApplicationFilterChain.doFilter(ApplicationFilterChain.java:107)
	at org.apache.catalina.core.StandardWrapperValve.invoke(StandardWrapperValve.java:165)
	at org.apache.catalina.core.StandardContextValve.invoke(StandardContextValve.java:77)
	at org.apache.catalina.authenticator.AuthenticatorBase.invoke(AuthenticatorBase.java:492)
	at org.apache.catalina.core.StandardHostValve.invoke(StandardHostValve.java:113)
	at org.apache.catalina.valves.ErrorReportValve.invoke(ErrorReportValve.java:83)
	at org.apache.catalina.core.StandardEngineValve.invoke(StandardEngineValve.java:72)
	at org.apache.catalina.connector.CoyoteAdapter.service(CoyoteAdapter.java:341)
	at org.apache.coyote.http11.Http11Processor.service(Http11Processor.java:397)
	at org.apache.coyote.AbstractProcessorLight.process(AbstractProcessorLight.java:63)
	at org.apache.coyote.AbstractProtocol$ConnectionHandler.process(AbstractProtocol.java:903)
	at org.apache.tomcat.util.net.NioEndpoint$SocketProcessor.doRun(NioEndpoint.java:1779)
	at org.apache.tomcat.util.net.SocketProcessorBase.run(SocketProcessorBase.java:52)
	at org.apache.tomcat.util.threads.ThreadPoolExecutor.runWorker(ThreadPoolExecutor.java:946)
	at org.apache.tomcat.util.threads.ThreadPoolExecutor$Worker.run(ThreadPoolExecutor.java:480)
	at org.apache.tomcat.util.threads.TaskThread$WrappingRunnable.run(TaskThread.java:57)
	at java.base/java.lang.Thread.run(Thread.java:840)
2026-04-11 11:44:55.534 [http-nio-8080-exec-3] DEBUG o.s.web.servlet.DispatcherServlet - Completed 200 OK
2026-04-11 11:44:55.534 [http-nio-8080-exec-2] DEBUG o.s.w.s.m.m.a.HttpEntityMethodProcessor - Using 'application/json', given [application/json, text/plain, */*] and supported [application/json, application/*+json]
2026-04-11 11:44:55.534 [http-nio-8080-exec-2] DEBUG o.s.w.s.m.m.a.HttpEntityMethodProcessor - Writing [{error=Внутренняя ошибка сервера}]
2026-04-11 11:44:55.534 [http-nio-8080-exec-2] DEBUG o.s.w.s.m.m.a.ExceptionHandlerExceptionResolver - Resolved [java.lang.NullPointerException]
2026-04-11 11:44:55.534 [http-nio-8080-exec-2] DEBUG o.s.web.servlet.DispatcherServlet - Completed 500 INTERNAL_SERVER_ERROR
2026-04-11 11:44:55.535 [http-nio-8080-exec-10] DEBUG org.hibernate.SQL - 
    select
        p1_0.id,
        p1_0.created_at,
        p1_0.email,
        p1_0.full_name,
        p1_0.password_hash,
        p1_0.phone,
        p1_0.role 
    from
        parent p1_0 
    where
        p1_0.id=?
2026-04-11 11:44:55.534 [http-nio-8080-exec-5] DEBUG o.s.w.s.m.m.a.HttpEntityMethodProcessor - Using 'application/json', given [application/json, text/plain, */*] and supported [application/json, application/*+json]
2026-04-11 11:44:55.535 [http-nio-8080-exec-7] DEBUG o.s.w.s.m.m.a.HttpEntityMethodProcessor - Using 'application/json', given [application/json, text/plain, */*] and supported [application/json, application/*+json]
2026-04-11 11:44:55.535 [http-nio-8080-exec-5] DEBUG o.s.w.s.m.m.a.HttpEntityMethodProcessor - Writing [{folders=[], materials=[]}]
2026-04-11 11:44:55.535 [http-nio-8080-exec-7] DEBUG o.s.w.s.m.m.a.HttpEntityMethodProcessor - Writing [[]]
2026-04-11 11:44:55.536 [http-nio-8080-exec-5] DEBUG o.s.web.servlet.DispatcherServlet - Completed 200 OK
2026-04-11 11:44:55.536 [http-nio-8080-exec-4] DEBUG org.hibernate.SQL - 
    select
        mf1_0.id,
        mf1_0.course_id,
        mf1_0.created_at,
        mf1_0.name,
        mf1_0.parent_folder_id,
        mf1_0.tutor_id 
    from
        material_folder mf1_0 
    where
        mf1_0.tutor_id=? 
        and mf1_0.parent_folder_id is null
2026-04-11 11:44:55.536 [http-nio-8080-exec-7] DEBUG o.s.web.servlet.DispatcherServlet - Completed 200 OK
2026-04-11 11:44:55.536 [http-nio-8080-exec-1] DEBUG org.hibernate.SQL - 
    select
        s1_0.id,
        s1_0.birthday,
        s1_0.created_at,
        s1_0.email,
        s1_0.full_name,
        s1_0.parent_id,
        s1_0.parent_name,
        s1_0.parent_phone,
        s1_0.password_hash,
        s1_0.payment_type,
        s1_0.phone,
        s1_0.role 
    from
        student s1_0
2026-04-11 11:44:55.536 [http-nio-8080-exec-10] DEBUG org.hibernate.SQL - 
    select
        t1_0.student_id,
        t1_1.id,
        t1_1.about,
        t1_1.avatar,
        t1_1.birthday,
        t1_1.city,
        t1_1.created_at,
        t1_1.email,
        t1_1.full_name,
        t1_1.is_active,
        t1_1.password_hash,
        t1_1.phone,
        t1_1.role 
    from
        student_tutor t1_0 
    join
        tutor t1_1 
            on t1_1.id=t1_0.tutor_id 
    where
        t1_0.student_id=?
2026-04-11 11:44:55.537 [http-nio-8080-exec-8] DEBUG o.s.security.web.FilterChainProxy - Secured GET /api/materials
2026-04-11 11:44:55.537 [http-nio-8080-exec-8] DEBUG o.s.web.servlet.DispatcherServlet - GET "/api/materials", parameters={}
2026-04-11 11:44:55.537 [http-nio-8080-exec-8] DEBUG o.s.w.s.m.m.a.RequestMappingHandlerMapping - Mapped to com.example.demo.controller.MaterialController#getMaterials(Long, Long)
2026-04-11 11:44:55.538 [http-nio-8080-exec-8] DEBUG o.s.s.a.m.AuthorizationManagerBeforeMethodInterceptor - Authorizing method invocation ReflectiveMethodInvocation: public org.springframework.http.ResponseEntity com.example.demo.controller.MaterialController.getMaterials(java.lang.Long,java.lang.Long); target is of class [com.example.demo.controller.MaterialController]
2026-04-11 11:44:55.538 [http-nio-8080-exec-4] DEBUG o.s.w.s.m.m.a.HttpEntityMethodProcessor - Using 'application/json', given [application/json, text/plain, */*] and supported [application/json, application/*+json]
2026-04-11 11:44:55.538 [http-nio-8080-exec-8] DEBUG o.s.s.a.m.AuthorizationManagerBeforeMethodInterceptor - Authorized method invocation ReflectiveMethodInvocation: public org.springframework.http.ResponseEntity com.example.demo.controller.MaterialController.getMaterials(java.lang.Long,java.lang.Long); target is of class [com.example.demo.controller.MaterialController]
2026-04-11 11:44:55.538 [http-nio-8080-exec-4] DEBUG o.s.w.s.m.m.a.HttpEntityMethodProcessor - Writing [{folders=[], materials=[]}]
2026-04-11 11:44:55.538 [http-nio-8080-exec-10] DEBUG org.hibernate.SQL - 
    select
        r1_0.student_id,
        r1_0.id,
        r1_0.rate_per_lesson,
        r1_0.tutor_id,
        t1_0.id,
        t1_0.about,
        t1_0.avatar,
        t1_0.birthday,
        t1_0.city,
        t1_0.created_at,
        t1_0.email,
        t1_0.full_name,
        t1_0.is_active,
        t1_0.password_hash,
        t1_0.phone,
        t1_0.role 
    from
        student_rate r1_0 
    left join
        tutor t1_0 
            on t1_0.id=r1_0.tutor_id 
    where
        r1_0.student_id=?
2026-04-11 11:44:55.539 [http-nio-8080-exec-8] DEBUG org.hibernate.SQL - 
    select
        m1_0.id,
        m1_0.course_id,
        m1_0.created_at,
        m1_0.description,
        m1_0.file_name,
        m1_0.file_path,
        m1_0.file_size,
        m1_0.file_type,
        m1_0.folder_id,
        m1_0.student_id,
        m1_0.title,
        m1_0.tutor_id,
        m1_0.updated_at 
    from
        material m1_0 
    where
        m1_0.tutor_id=? 
        and m1_0.folder_id is null
2026-04-11 11:44:55.539 [http-nio-8080-exec-4] DEBUG o.s.web.servlet.DispatcherServlet - Completed 200 OK
2026-04-11 11:44:55.540 [http-nio-8080-exec-1] DEBUG org.hibernate.SQL - 
    select
        p1_0.id,
        p1_0.created_at,
        p1_0.email,
        p1_0.full_name,
        p1_0.password_hash,
        p1_0.phone,
        p1_0.role 
    from
        parent p1_0 
    where
        p1_0.id=?
2026-04-11 11:44:55.540 [http-nio-8080-exec-8] DEBUG org.hibernate.SQL - 
    select
        mf1_0.id,
        mf1_0.course_id,
        mf1_0.created_at,
        mf1_0.name,
        mf1_0.parent_folder_id,
        mf1_0.tutor_id 
    from
        material_folder mf1_0 
    where
        mf1_0.tutor_id=? 
        and mf1_0.parent_folder_id is null
2026-04-11 11:44:55.540 [http-nio-8080-exec-10] DEBUG o.s.w.s.m.m.a.HttpEntityMethodProcessor - Using 'application/json', given [application/json, text/plain, */*] and supported [application/json, application/*+json]
2026-04-11 11:44:55.541 [http-nio-8080-exec-10] DEBUG o.s.w.s.m.m.a.HttpEntityMethodProcessor - Writing [[com.example.demo.entity.Student@518f72a9]]
2026-04-11 11:44:55.541 [http-nio-8080-exec-8] DEBUG o.s.w.s.m.m.a.HttpEntityMethodProcessor - Using 'application/json', given [application/json, text/plain, */*] and supported [application/json, application/*+json]
2026-04-11 11:44:55.541 [http-nio-8080-exec-8] DEBUG o.s.w.s.m.m.a.HttpEntityMethodProcessor - Writing [{folders=[], materials=[]}]
2026-04-11 11:44:55.542 [http-nio-8080-exec-10] DEBUG o.s.web.servlet.DispatcherServlet - Completed 200 OK
2026-04-11 11:44:55.542 [http-nio-8080-exec-8] DEBUG o.s.web.servlet.DispatcherServlet - Completed 200 OK
2026-04-11 11:44:55.544 [http-nio-8080-exec-1] DEBUG org.hibernate.SQL - 
    select
        t1_0.student_id,
        t1_1.id,
        t1_1.about,
        t1_1.avatar,
        t1_1.birthday,
        t1_1.city,
        t1_1.created_at,
        t1_1.email,
        t1_1.full_name,
        t1_1.is_active,
        t1_1.password_hash,
        t1_1.phone,
        t1_1.role 
    from
        student_tutor t1_0 
    join
        tutor t1_1 
            on t1_1.id=t1_0.tutor_id 
    where
        t1_0.student_id=?
2026-04-11 11:44:55.548 [http-nio-8080-exec-1] DEBUG org.hibernate.SQL - 
    select
        r1_0.student_id,
        r1_0.id,
        r1_0.rate_per_lesson,
        r1_0.tutor_id,
        t1_0.id,
        t1_0.about,
        t1_0.avatar,
        t1_0.birthday,
        t1_0.city,
        t1_0.created_at,
        t1_0.email,
        t1_0.full_name,
        t1_0.is_active,
        t1_0.password_hash,
        t1_0.phone,
        t1_0.role 
    from
        student_rate r1_0 
    left join
        tutor t1_0 
            on t1_0.id=r1_0.tutor_id 
    where
        r1_0.student_id=?
2026-04-11 11:44:55.551 [http-nio-8080-exec-1] DEBUG o.s.w.s.m.m.a.HttpEntityMethodProcessor - Using 'application/json', given [application/json, text/plain, */*] and supported [application/json, application/*+json]
2026-04-11 11:44:55.551 [http-nio-8080-exec-1] DEBUG o.s.w.s.m.m.a.HttpEntityMethodProcessor - Writing [[com.example.demo.entity.Student@76e762ed]]
2026-04-11 11:44:55.552 [http-nio-8080-exec-1] DEBUG o.s.web.servlet.DispatcherServlet - Completed 200 OK
2026-04-11 11:44:55.562 [http-nio-8080-exec-6] DEBUG o.s.security.web.FilterChainProxy - Securing GET /api/materials/folders
2026-04-11 11:44:55.563 [http-nio-8080-exec-9] DEBUG o.s.security.web.FilterChainProxy - Securing GET /api/materials/folders
2026-04-11 11:44:55.564 [http-nio-8080-exec-2] DEBUG o.s.security.web.FilterChainProxy - Securing GET /api/materials/folders
2026-04-11 11:44:55.564 [http-nio-8080-exec-3] DEBUG o.s.security.web.FilterChainProxy - Securing GET /api/materials/folders
2026-04-11 11:44:55.568 [http-nio-8080-exec-3] DEBUG o.s.security.web.FilterChainProxy - Secured GET /api/materials/folders
2026-04-11 11:44:55.568 [http-nio-8080-exec-9] DEBUG o.s.security.web.FilterChainProxy - Secured GET /api/materials/folders
2026-04-11 11:44:55.568 [http-nio-8080-exec-2] DEBUG o.s.security.web.FilterChainProxy - Secured GET /api/materials/folders
2026-04-11 11:44:55.568 [http-nio-8080-exec-6] DEBUG o.s.security.web.FilterChainProxy - Secured GET /api/materials/folders
2026-04-11 11:44:55.568 [http-nio-8080-exec-3] DEBUG o.s.web.servlet.DispatcherServlet - GET "/api/materials/folders", parameters={}
2026-04-11 11:44:55.568 [http-nio-8080-exec-6] DEBUG o.s.web.servlet.DispatcherServlet - GET "/api/materials/folders", parameters={}
2026-04-11 11:44:55.568 [http-nio-8080-exec-2] DEBUG o.s.web.servlet.DispatcherServlet - GET "/api/materials/folders", parameters={}
2026-04-11 11:44:55.568 [http-nio-8080-exec-9] DEBUG o.s.web.servlet.DispatcherServlet - GET "/api/materials/folders", parameters={}
2026-04-11 11:44:55.568 [http-nio-8080-exec-9] DEBUG o.s.w.s.m.m.a.RequestMappingHandlerMapping - Mapped to com.example.demo.controller.MaterialController#getFolders(Long)
2026-04-11 11:44:55.568 [http-nio-8080-exec-2] DEBUG o.s.w.s.m.m.a.RequestMappingHandlerMapping - Mapped to com.example.demo.controller.MaterialController#getFolders(Long)
2026-04-11 11:44:55.568 [http-nio-8080-exec-3] DEBUG o.s.w.s.m.m.a.RequestMappingHandlerMapping - Mapped to com.example.demo.controller.MaterialController#getFolders(Long)
2026-04-11 11:44:55.568 [http-nio-8080-exec-6] DEBUG o.s.w.s.m.m.a.RequestMappingHandlerMapping - Mapped to com.example.demo.controller.MaterialController#getFolders(Long)
2026-04-11 11:44:55.569 [http-nio-8080-exec-3] DEBUG o.s.s.a.m.AuthorizationManagerBeforeMethodInterceptor - Authorizing method invocation ReflectiveMethodInvocation: public org.springframework.http.ResponseEntity com.example.demo.controller.MaterialController.getFolders(java.lang.Long); target is of class [com.example.demo.controller.MaterialController]
2026-04-11 11:44:55.569 [http-nio-8080-exec-2] DEBUG o.s.s.a.m.AuthorizationManagerBeforeMethodInterceptor - Authorizing method invocation ReflectiveMethodInvocation: public org.springframework.http.ResponseEntity com.example.demo.controller.MaterialController.getFolders(java.lang.Long); target is of class [com.example.demo.controller.MaterialController]
2026-04-11 11:44:55.569 [http-nio-8080-exec-6] DEBUG o.s.s.a.m.AuthorizationManagerBeforeMethodInterceptor - Authorizing method invocation ReflectiveMethodInvocation: public org.springframework.http.ResponseEntity com.example.demo.controller.MaterialController.getFolders(java.lang.Long); target is of class [com.example.demo.controller.MaterialController]
2026-04-11 11:44:55.569 [http-nio-8080-exec-9] DEBUG o.s.s.a.m.AuthorizationManagerBeforeMethodInterceptor - Authorizing method invocation ReflectiveMethodInvocation: public org.springframework.http.ResponseEntity com.example.demo.controller.MaterialController.getFolders(java.lang.Long); target is of class [com.example.demo.controller.MaterialController]
2026-04-11 11:44:55.569 [http-nio-8080-exec-3] DEBUG o.s.s.a.m.AuthorizationManagerBeforeMethodInterceptor - Authorized method invocation ReflectiveMethodInvocation: public org.springframework.http.ResponseEntity com.example.demo.controller.MaterialController.getFolders(java.lang.Long); target is of class [com.example.demo.controller.MaterialController]
2026-04-11 11:44:55.569 [http-nio-8080-exec-6] DEBUG o.s.s.a.m.AuthorizationManagerBeforeMethodInterceptor - Authorized method invocation ReflectiveMethodInvocation: public org.springframework.http.ResponseEntity com.example.demo.controller.MaterialController.getFolders(java.lang.Long); target is of class [com.example.demo.controller.MaterialController]
2026-04-11 11:44:55.569 [http-nio-8080-exec-9] DEBUG o.s.s.a.m.AuthorizationManagerBeforeMethodInterceptor - Authorized method invocation ReflectiveMethodInvocation: public org.springframework.http.ResponseEntity com.example.demo.controller.MaterialController.getFolders(java.lang.Long); target is of class [com.example.demo.controller.MaterialController]
2026-04-11 11:44:55.569 [http-nio-8080-exec-2] DEBUG o.s.s.a.m.AuthorizationManagerBeforeMethodInterceptor - Authorized method invocation ReflectiveMethodInvocation: public org.springframework.http.ResponseEntity com.example.demo.controller.MaterialController.getFolders(java.lang.Long); target is of class [com.example.demo.controller.MaterialController]
2026-04-11 11:44:55.570 [http-nio-8080-exec-3] DEBUG org.hibernate.SQL - 
    select
        mf1_0.id,
        mf1_0.course_id,
        mf1_0.created_at,
        mf1_0.name,
        mf1_0.parent_folder_id,
        mf1_0.tutor_id 
    from
        material_folder mf1_0 
    where
        mf1_0.tutor_id=?
2026-04-11 11:44:55.570 [http-nio-8080-exec-6] DEBUG org.hibernate.SQL - 
    select
        mf1_0.id,
        mf1_0.course_id,
        mf1_0.created_at,
        mf1_0.name,
        mf1_0.parent_folder_id,
        mf1_0.tutor_id 
    from
        material_folder mf1_0 
    where
        mf1_0.tutor_id=?
2026-04-11 11:44:55.570 [http-nio-8080-exec-9] DEBUG org.hibernate.SQL - 
    select
        mf1_0.id,
        mf1_0.course_id,
        mf1_0.created_at,
        mf1_0.name,
        mf1_0.parent_folder_id,
        mf1_0.tutor_id 
    from
        material_folder mf1_0 
    where
        mf1_0.tutor_id=?
2026-04-11 11:44:55.570 [http-nio-8080-exec-2] DEBUG org.hibernate.SQL - 
    select
        mf1_0.id,
        mf1_0.course_id,
        mf1_0.created_at,
        mf1_0.name,
        mf1_0.parent_folder_id,
        mf1_0.tutor_id 
    from
        material_folder mf1_0 
    where
        mf1_0.tutor_id=?
2026-04-11 11:44:55.571 [http-nio-8080-exec-2] DEBUG o.s.w.s.m.m.a.HttpEntityMethodProcessor - Using 'application/json', given [application/json, text/plain, */*] and supported [application/json, application/*+json]
2026-04-11 11:44:55.571 [http-nio-8080-exec-9] DEBUG o.s.w.s.m.m.a.HttpEntityMethodProcessor - Using 'application/json', given [application/json, text/plain, */*] and supported [application/json, application/*+json]
2026-04-11 11:44:55.571 [http-nio-8080-exec-6] DEBUG o.s.w.s.m.m.a.HttpEntityMethodProcessor - Using 'application/json', given [application/json, text/plain, */*] and supported [application/json, application/*+json]
2026-04-11 11:44:55.571 [http-nio-8080-exec-2] DEBUG o.s.w.s.m.m.a.HttpEntityMethodProcessor - Writing [[]]
2026-04-11 11:44:55.571 [http-nio-8080-exec-9] DEBUG o.s.w.s.m.m.a.HttpEntityMethodProcessor - Writing [[]]
2026-04-11 11:44:55.571 [http-nio-8080-exec-6] DEBUG o.s.w.s.m.m.a.HttpEntityMethodProcessor - Writing [[]]
2026-04-11 11:44:55.571 [http-nio-8080-exec-3] DEBUG o.s.w.s.m.m.a.HttpEntityMethodProcessor - Using 'application/json', given [application/json, text/plain, */*] and supported [application/json, application/*+json]
2026-04-11 11:44:55.571 [http-nio-8080-exec-3] DEBUG o.s.w.s.m.m.a.HttpEntityMethodProcessor - Writing [[]]
2026-04-11 11:44:55.572 [http-nio-8080-exec-3] DEBUG o.s.web.servlet.DispatcherServlet - Completed 200 OK
2026-04-11 11:44:55.572 [http-nio-8080-exec-2] DEBUG o.s.web.servlet.DispatcherServlet - Completed 200 OK
2026-04-11 11:44:55.572 [http-nio-8080-exec-6] DEBUG o.s.web.servlet.DispatcherServlet - Completed 200 OK
2026-04-11 11:44:55.572 [http-nio-8080-exec-9] DEBUG o.s.web.servlet.DispatcherServlet - Completed 200 OK
2026-04-11 11:44:57.566 [http-nio-8080-exec-5] DEBUG o.s.security.web.FilterChainProxy - Securing GET /api/tutors/3/avatar
2026-04-11 11:44:57.567 [http-nio-8080-exec-7] DEBUG o.s.security.web.FilterChainProxy - Securing GET /api/integration/tasks/search
2026-04-11 11:44:57.567 [http-nio-8080-exec-4] DEBUG o.s.security.web.FilterChainProxy - Securing GET /api/variants
2026-04-11 11:44:57.568 [http-nio-8080-exec-8] DEBUG o.s.security.web.FilterChainProxy - Securing GET /api/stepik/status
2026-04-11 11:44:57.569 [http-nio-8080-exec-10] DEBUG o.s.security.web.FilterChainProxy - Securing GET /api/lesson-plans
2026-04-11 11:44:57.569 [http-nio-8080-exec-1] DEBUG o.s.security.web.FilterChainProxy - Securing GET /api/students/tutor/3
2026-04-11 11:44:57.570 [http-nio-8080-exec-2] DEBUG o.s.security.web.FilterChainProxy - Securing GET /api/courses/tutor/3
2026-04-11 11:44:57.570 [http-nio-8080-exec-6] DEBUG o.s.security.web.FilterChainProxy - Securing GET /api/integration/tasks/search
2026-04-11 11:44:57.571 [http-nio-8080-exec-9] DEBUG o.s.security.web.FilterChainProxy - Securing GET /api/variants
2026-04-11 11:44:57.571 [http-nio-8080-exec-5] DEBUG o.s.security.web.FilterChainProxy - Secured GET /api/tutors/3/avatar
2026-04-11 11:44:57.572 [http-nio-8080-exec-5] DEBUG o.s.web.servlet.DispatcherServlet - GET "/api/tutors/3/avatar", parameters={}
2026-04-11 11:44:57.572 [http-nio-8080-exec-5] DEBUG o.s.w.s.m.m.a.RequestMappingHandlerMapping - Mapped to com.example.demo.controller.TutorController#getAvatar(Long)
2026-04-11 11:44:57.572 [http-nio-8080-exec-7] DEBUG o.s.security.web.FilterChainProxy - Secured GET /api/integration/tasks/search
2026-04-11 11:44:57.572 [http-nio-8080-exec-7] DEBUG o.s.web.servlet.DispatcherServlet - GET "/api/integration/tasks/search", parameters={}
2026-04-11 11:44:57.572 [http-nio-8080-exec-7] DEBUG o.s.w.s.m.m.a.RequestMappingHandlerMapping - Mapped to com.example.demo.controller.IntegrationController#searchTasks(String, String, String, String)
2026-04-11 11:44:57.573 [http-nio-8080-exec-7] DEBUG o.s.s.a.m.AuthorizationManagerBeforeMethodInterceptor - Authorizing method invocation ReflectiveMethodInvocation: public org.springframework.http.ResponseEntity com.example.demo.controller.IntegrationController.searchTasks(java.lang.String,java.lang.String,java.lang.String,java.lang.String); target is of class [com.example.demo.controller.IntegrationController]
2026-04-11 11:44:57.573 [http-nio-8080-exec-4] DEBUG o.s.security.web.FilterChainProxy - Secured GET /api/variants
2026-04-11 11:44:57.573 [http-nio-8080-exec-4] DEBUG o.s.web.servlet.DispatcherServlet - GET "/api/variants", parameters={}
2026-04-11 11:44:57.573 [http-nio-8080-exec-4] DEBUG o.s.w.s.m.m.a.RequestMappingHandlerMapping - Mapped to com.example.demo.controller.VariantController#getVariants(Long, String)
2026-04-11 11:44:57.573 [http-nio-8080-exec-4] DEBUG o.s.s.a.m.AuthorizationManagerBeforeMethodInterceptor - Authorizing method invocation ReflectiveMethodInvocation: public org.springframework.http.ResponseEntity com.example.demo.controller.VariantController.getVariants(java.lang.Long,java.lang.String); target is of class [com.example.demo.controller.VariantController]
2026-04-11 11:44:57.574 [http-nio-8080-exec-4] DEBUG o.s.s.a.m.AuthorizationManagerBeforeMethodInterceptor - Authorized method invocation ReflectiveMethodInvocation: public org.springframework.http.ResponseEntity com.example.demo.controller.VariantController.getVariants(java.lang.Long,java.lang.String); target is of class [com.example.demo.controller.VariantController]
2026-04-11 11:44:57.574 [http-nio-8080-exec-7] DEBUG o.s.s.a.m.AuthorizationManagerBeforeMethodInterceptor - Authorized method invocation ReflectiveMethodInvocation: public org.springframework.http.ResponseEntity com.example.demo.controller.IntegrationController.searchTasks(java.lang.String,java.lang.String,java.lang.String,java.lang.String); target is of class [com.example.demo.controller.IntegrationController]
2026-04-11 11:44:57.574 [http-nio-8080-exec-5] DEBUG org.hibernate.SQL - 
    select
        t1_0.id,
        t1_0.about,
        t1_0.avatar,
        t1_0.birthday,
        t1_0.city,
        t1_0.created_at,
        t1_0.email,
        t1_0.full_name,
        t1_0.is_active,
        t1_0.password_hash,
        t1_0.phone,
        t1_0.role 
    from
        tutor t1_0 
    where
        t1_0.id=?
2026-04-11 11:44:57.574 [http-nio-8080-exec-4] DEBUG org.hibernate.SQL - 
    select
        v1_0.id,
        v1_0.course_id,
        v1_0.created_at,
        v1_0.description,
        v1_0.exam_type,
        v1_0.subject,
        v1_0.title,
        v1_0.tutor_id,
        v1_0.url 
    from
        variant v1_0 
    where
        v1_0.tutor_id=?
2026-04-11 11:44:57.575 [http-nio-8080-exec-10] DEBUG o.s.security.web.FilterChainProxy - Secured GET /api/lesson-plans
2026-04-11 11:44:57.575 [http-nio-8080-exec-8] DEBUG o.s.security.web.FilterChainProxy - Secured GET /api/stepik/status
2026-04-11 11:44:57.575 [http-nio-8080-exec-8] DEBUG o.s.web.servlet.DispatcherServlet - GET "/api/stepik/status", parameters={}
2026-04-11 11:44:57.575 [http-nio-8080-exec-10] DEBUG o.s.web.servlet.DispatcherServlet - GET "/api/lesson-plans", parameters={}
2026-04-11 11:44:57.575 [http-nio-8080-exec-10] DEBUG o.s.w.s.m.m.a.RequestMappingHandlerMapping - Mapped to com.example.demo.controller.LessonPlanController#getLessonPlans(Long)
2026-04-11 11:44:57.575 [http-nio-8080-exec-8] DEBUG o.s.w.s.m.m.a.RequestMappingHandlerMapping - Mapped to com.example.demo.controller.StepikController#getStatus(Long)
2026-04-11 11:44:57.576 [http-nio-8080-exec-8] DEBUG o.s.s.a.m.AuthorizationManagerBeforeMethodInterceptor - Authorizing method invocation ReflectiveMethodInvocation: public org.springframework.http.ResponseEntity com.example.demo.controller.StepikController.getStatus(java.lang.Long); target is of class [com.example.demo.controller.StepikController]
2026-04-11 11:44:57.576 [http-nio-8080-exec-2] DEBUG o.s.security.web.FilterChainProxy - Secured GET /api/courses/tutor/3
2026-04-11 11:44:57.576 [http-nio-8080-exec-5] DEBUG o.s.w.s.m.m.a.ExceptionHandlerExceptionResolver - Using @ExceptionHandler com.example.demo.exception.GlobalExceptionHandler#handleRuntimeException(RuntimeException)
2026-04-11 11:44:57.576 [http-nio-8080-exec-2] DEBUG o.s.web.servlet.DispatcherServlet - GET "/api/courses/tutor/3", parameters={}
2026-04-11 11:44:57.577 [http-nio-8080-exec-8] DEBUG o.s.s.a.m.AuthorizationManagerBeforeMethodInterceptor - Authorized method invocation ReflectiveMethodInvocation: public org.springframework.http.ResponseEntity com.example.demo.controller.StepikController.getStatus(java.lang.Long); target is of class [com.example.demo.controller.StepikController]
2026-04-11 11:44:57.577 [http-nio-8080-exec-2] DEBUG o.s.w.s.m.m.a.RequestMappingHandlerMapping - Mapped to com.example.demo.controller.CourseController#getCoursesByTutor(Long)
2026-04-11 11:44:57.576 [http-nio-8080-exec-5] ERROR c.e.d.e.GlobalExceptionHandler - Ошибка выполнения: null
java.lang.NullPointerException
	at java.base/java.util.Objects.requireNonNull(Objects.java:209)
	at java.base/java.util.ImmutableCollections$Map1.<init>(ImmutableCollections.java:1105)
	at java.base/java.util.Map.of(Map.java:1353)
	at com.example.demo.controller.TutorController.getAvatar(TutorController.java:93)
	at java.base/jdk.internal.reflect.NativeMethodAccessorImpl.invoke0(Native Method)
	at java.base/jdk.internal.reflect.NativeMethodAccessorImpl.invoke(NativeMethodAccessorImpl.java:77)
	at java.base/jdk.internal.reflect.DelegatingMethodAccessorImpl.invoke(DelegatingMethodAccessorImpl.java:43)
	at java.base/java.lang.reflect.Method.invoke(Method.java:569)
	at org.springframework.web.method.support.InvocableHandlerMethod.doInvoke(InvocableHandlerMethod.java:252)
	at org.springframework.web.method.support.InvocableHandlerMethod.invokeForRequest(InvocableHandlerMethod.java:184)
	at org.springframework.web.servlet.mvc.method.annotation.ServletInvocableHandlerMethod.invokeAndHandle(ServletInvocableHandlerMethod.java:117)
	at org.springframework.web.servlet.mvc.method.annotation.RequestMappingHandlerAdapter.invokeHandlerMethod(RequestMappingHandlerAdapter.java:934)
	at org.springframework.web.servlet.mvc.method.annotation.RequestMappingHandlerAdapter.handleInternal(RequestMappingHandlerAdapter.java:853)
	at org.springframework.web.servlet.mvc.method.AbstractHandlerMethodAdapter.handle(AbstractHandlerMethodAdapter.java:86)
	at org.springframework.web.servlet.DispatcherServlet.doDispatch(DispatcherServlet.java:963)
	at org.springframework.web.servlet.DispatcherServlet.doService(DispatcherServlet.java:866)
	at org.springframework.web.servlet.FrameworkServlet.processRequest(FrameworkServlet.java:1000)
	at org.springframework.web.servlet.FrameworkServlet.doGet(FrameworkServlet.java:892)
	at jakarta.servlet.http.HttpServlet.service(HttpServlet.java:622)
	at org.springframework.web.servlet.FrameworkServlet.service(FrameworkServlet.java:874)
	at jakarta.servlet.http.HttpServlet.service(HttpServlet.java:710)
	at org.apache.catalina.core.ApplicationFilterChain.doFilter(ApplicationFilterChain.java:128)
	at org.apache.tomcat.websocket.server.WsFilter.doFilter(WsFilter.java:53)
	at org.apache.catalina.core.ApplicationFilterChain.doFilter(ApplicationFilterChain.java:107)
	at org.springframework.web.filter.OncePerRequestFilter.doFilter(OncePerRequestFilter.java:110)
	at org.apache.catalina.core.ApplicationFilterChain.doFilter(ApplicationFilterChain.java:107)
	at org.springframework.web.filter.CompositeFilter$VirtualFilterChain.doFilter(CompositeFilter.java:108)
	at org.springframework.security.web.FilterChainProxy.lambda$doFilterInternal$3(FilterChainProxy.java:235)
	at org.springframework.security.web.FilterChainProxy$VirtualFilterChain.doFilter(FilterChainProxy.java:371)
	at org.springframework.security.web.access.intercept.AuthorizationFilter.doFilter(AuthorizationFilter.java:101)
	at org.springframework.security.web.FilterChainProxy$VirtualFilterChain.doFilter(FilterChainProxy.java:380)
	at org.springframework.security.web.access.ExceptionTranslationFilter.doFilter(ExceptionTranslationFilter.java:126)
	at org.springframework.security.web.access.ExceptionTranslationFilter.doFilter(ExceptionTranslationFilter.java:120)
	at org.springframework.security.web.FilterChainProxy$VirtualFilterChain.doFilter(FilterChainProxy.java:380)
	at org.springframework.security.web.session.SessionManagementFilter.doFilter(SessionManagementFilter.java:132)
	at org.springframework.security.web.session.SessionManagementFilter.doFilter(SessionManagementFilter.java:86)
	at org.springframework.security.web.FilterChainProxy$VirtualFilterChain.doFilter(FilterChainProxy.java:380)
	at org.springframework.security.web.authentication.AnonymousAuthenticationFilter.doFilter(AnonymousAuthenticationFilter.java:100)
	at org.springframework.security.web.FilterChainProxy$VirtualFilterChain.doFilter(FilterChainProxy.java:380)
	at org.springframework.security.web.servletapi.SecurityContextHolderAwareRequestFilter.doFilter(SecurityContextHolderAwareRequestFilter.java:181)
	at org.springframework.security.web.FilterChainProxy$VirtualFilterChain.doFilter(FilterChainProxy.java:380)
	at org.springframework.security.web.savedrequest.RequestCacheAwareFilter.doFilter(RequestCacheAwareFilter.java:63)
	at org.springframework.security.web.FilterChainProxy$VirtualFilterChain.doFilter(FilterChainProxy.java:380)
	at com.example.demo.config.AuthTokenFilter.doFilterInternal(AuthTokenFilter.java:59)
	at org.springframework.web.filter.OncePerRequestFilter.doFilter(OncePerRequestFilter.java:116)
	at org.springframework.security.web.FilterChainProxy$VirtualFilterChain.doFilter(FilterChainProxy.java:380)
	at org.springframework.security.web.authentication.logout.LogoutFilter.doFilter(LogoutFilter.java:110)
	at org.springframework.security.web.authentication.logout.LogoutFilter.doFilter(LogoutFilter.java:96)
	at org.springframework.security.web.FilterChainProxy$VirtualFilterChain.doFilter(FilterChainProxy.java:380)
	at org.springframework.web.filter.CorsFilter.doFilterInternal(CorsFilter.java:91)
	at org.springframework.web.filter.OncePerRequestFilter.doFilter(OncePerRequestFilter.java:116)
	at org.springframework.security.web.FilterChainProxy$VirtualFilterChain.doFilter(FilterChainProxy.java:380)
	at org.springframework.security.web.header.HeaderWriterFilter.doHeadersAfter(HeaderWriterFilter.java:90)
	at org.springframework.security.web.header.HeaderWriterFilter.doFilterInternal(HeaderWriterFilter.java:75)
	at org.springframework.web.filter.OncePerRequestFilter.doFilter(OncePerRequestFilter.java:116)
	at org.springframework.security.web.FilterChainProxy$VirtualFilterChain.doFilter(FilterChainProxy.java:380)
	at org.springframework.security.web.context.SecurityContextHolderFilter.doFilter(SecurityContextHolderFilter.java:82)
	at org.springframework.security.web.context.SecurityContextHolderFilter.doFilter(SecurityContextHolderFilter.java:69)
	at org.springframework.security.web.FilterChainProxy$VirtualFilterChain.doFilter(FilterChainProxy.java:380)
	at org.springframework.security.web.context.request.async.WebAsyncManagerIntegrationFilter.doFilterInternal(WebAsyncManagerIntegrationFilter.java:62)
	at org.springframework.web.filter.OncePerRequestFilter.doFilter(OncePerRequestFilter.java:116)
	at org.springframework.security.web.FilterChainProxy$VirtualFilterChain.doFilter(FilterChainProxy.java:380)
	at org.springframework.security.web.session.DisableEncodeUrlFilter.doFilterInternal(DisableEncodeUrlFilter.java:42)
	at org.springframework.web.filter.OncePerRequestFilter.doFilter(OncePerRequestFilter.java:116)
	at org.springframework.security.web.FilterChainProxy$VirtualFilterChain.doFilter(FilterChainProxy.java:380)
	at org.springframework.security.web.FilterChainProxy.doFilterInternal(FilterChainProxy.java:237)
	at org.springframework.security.web.FilterChainProxy.doFilter(FilterChainProxy.java:195)
	at org.springframework.web.filter.CompositeFilter$VirtualFilterChain.doFilter(CompositeFilter.java:113)
	at org.springframework.web.filter.ServletRequestPathFilter.doFilter(ServletRequestPathFilter.java:52)
	at org.springframework.web.filter.CompositeFilter$VirtualFilterChain.doFilter(CompositeFilter.java:113)
	at org.springframework.web.filter.CompositeFilter.doFilter(CompositeFilter.java:74)
	at org.springframework.security.config.annotation.web.configuration.WebSecurityConfiguration$CompositeFilterChainProxy.doFilter(WebSecurityConfiguration.java:317)
	at org.springframework.web.filter.DelegatingFilterProxy.invokeDelegate(DelegatingFilterProxy.java:355)
	at org.springframework.web.filter.DelegatingFilterProxy.doFilter(DelegatingFilterProxy.java:272)
	at org.apache.catalina.core.ApplicationFilterChain.doFilter(ApplicationFilterChain.java:107)
	at org.springframework.web.filter.RequestContextFilter.doFilterInternal(RequestContextFilter.java:100)
	at org.springframework.web.filter.OncePerRequestFilter.doFilter(OncePerRequestFilter.java:116)
	at org.apache.catalina.core.ApplicationFilterChain.doFilter(ApplicationFilterChain.java:107)
	at org.springframework.web.filter.FormContentFilter.doFilterInternal(FormContentFilter.java:93)
	at org.springframework.web.filter.OncePerRequestFilter.doFilter(OncePerRequestFilter.java:116)
	at org.apache.catalina.core.ApplicationFilterChain.doFilter(ApplicationFilterChain.java:107)
	at org.springframework.web.filter.CharacterEncodingFilter.doFilterInternal(CharacterEncodingFilter.java:199)
	at org.springframework.web.filter.OncePerRequestFilter.doFilter(OncePerRequestFilter.java:116)
	at org.apache.catalina.core.ApplicationFilterChain.doFilter(ApplicationFilterChain.java:107)
	at org.apache.catalina.core.StandardWrapperValve.invoke(StandardWrapperValve.java:165)
	at org.apache.catalina.core.StandardContextValve.invoke(StandardContextValve.java:77)
	at org.apache.catalina.authenticator.AuthenticatorBase.invoke(AuthenticatorBase.java:492)
	at org.apache.catalina.core.StandardHostValve.invoke(StandardHostValve.java:113)
	at org.apache.catalina.valves.ErrorReportValve.invoke(ErrorReportValve.java:83)
	at org.apache.catalina.core.StandardEngineValve.invoke(StandardEngineValve.java:72)
	at org.apache.catalina.connector.CoyoteAdapter.service(CoyoteAdapter.java:341)
	at org.apache.coyote.http11.Http11Processor.service(Http11Processor.java:397)
	at org.apache.coyote.AbstractProcessorLight.process(AbstractProcessorLight.java:63)
	at org.apache.coyote.AbstractProtocol$ConnectionHandler.process(AbstractProtocol.java:903)
	at org.apache.tomcat.util.net.NioEndpoint$SocketProcessor.doRun(NioEndpoint.java:1779)
	at org.apache.tomcat.util.net.SocketProcessorBase.run(SocketProcessorBase.java:52)
	at org.apache.tomcat.util.threads.ThreadPoolExecutor.runWorker(ThreadPoolExecutor.java:946)
	at org.apache.tomcat.util.threads.ThreadPoolExecutor$Worker.run(ThreadPoolExecutor.java:480)
	at org.apache.tomcat.util.threads.TaskThread$WrappingRunnable.run(TaskThread.java:57)
	at java.base/java.lang.Thread.run(Thread.java:840)
2026-04-11 11:44:57.577 [http-nio-8080-exec-4] DEBUG o.s.w.s.m.m.a.HttpEntityMethodProcessor - Using 'application/json', given [application/json, text/plain, */*] and supported [application/json, application/*+json]
2026-04-11 11:44:57.577 [http-nio-8080-exec-4] DEBUG o.s.w.s.m.m.a.HttpEntityMethodProcessor - Writing [[]]
2026-04-11 11:44:57.576 [http-nio-8080-exec-10] DEBUG o.s.s.a.m.AuthorizationManagerBeforeMethodInterceptor - Authorizing method invocation ReflectiveMethodInvocation: public org.springframework.http.ResponseEntity com.example.demo.controller.LessonPlanController.getLessonPlans(java.lang.Long); target is of class [com.example.demo.controller.LessonPlanController]
2026-04-11 11:44:57.577 [http-nio-8080-exec-8] DEBUG org.hibernate.SQL - 
    select
        st1_0.id,
        st1_0.access_token,
        st1_0.created_at,
        st1_0.expires_at,
        st1_0.refresh_token,
        st1_0.stepik_user_id,
        st1_0.tutor_id,
        st1_0.updated_at 
    from
        stepik_token st1_0 
    where
        st1_0.tutor_id=?
2026-04-11 11:44:57.578 [http-nio-8080-exec-10] DEBUG o.s.s.a.m.AuthorizationManagerBeforeMethodInterceptor - Authorized method invocation ReflectiveMethodInvocation: public org.springframework.http.ResponseEntity com.example.demo.controller.LessonPlanController.getLessonPlans(java.lang.Long); target is of class [com.example.demo.controller.LessonPlanController]
2026-04-11 11:44:57.578 [http-nio-8080-exec-2] DEBUG org.hibernate.SQL - 
    select
        c1_0.id,
        c1_0.color,
        c1_0.created_at,
        c1_0.description,
        c1_0.name,
        c1_0.tutor_id 
    from
        course c1_0 
    where
        c1_0.tutor_id=?
2026-04-11 11:44:57.576 [http-nio-8080-exec-1] DEBUG o.s.security.web.FilterChainProxy - Secured GET /api/students/tutor/3
2026-04-11 11:44:57.577 [http-nio-8080-exec-5] DEBUG o.s.w.s.m.m.a.HttpEntityMethodProcessor - Using 'application/json', given [application/json, text/plain, */*] and supported [application/json, application/*+json]
2026-04-11 11:44:57.578 [http-nio-8080-exec-10] DEBUG org.hibernate.SQL - 
    select
        lp1_0.id,
        lp1_0.course_id,
        lp1_0.created_at,
        lp1_0.description,
        lp1_0.difficulty_level,
        lp1_0.duration_minutes,
        lp1_0.homework_template,
        lp1_0.is_template,
        lp1_0.learning_objectives,
        lp1_0.lesson_structure,
        lp1_0.materials_needed,
        lp1_0.tags,
        lp1_0.title,
        lp1_0.topic,
        lp1_0.tutor_id,
        lp1_0.updated_at,
        lp1_0.usage_count 
    from
        lesson_plan lp1_0 
    where
        lp1_0.tutor_id=?
2026-04-11 11:44:57.578 [http-nio-8080-exec-5] DEBUG o.s.w.s.m.m.a.HttpEntityMethodProcessor - Writing [{error=Внутренняя ошибка сервера}]
2026-04-11 11:44:57.578 [http-nio-8080-exec-4] DEBUG o.s.web.servlet.DispatcherServlet - Completed 200 OK
2026-04-11 11:44:57.579 [http-nio-8080-exec-5] DEBUG o.s.w.s.m.m.a.ExceptionHandlerExceptionResolver - Resolved [java.lang.NullPointerException]
2026-04-11 11:44:57.579 [http-nio-8080-exec-5] DEBUG o.s.web.servlet.DispatcherServlet - Completed 500 INTERNAL_SERVER_ERROR
2026-04-11 11:44:57.579 [http-nio-8080-exec-1] DEBUG o.s.web.servlet.DispatcherServlet - GET "/api/students/tutor/3", parameters={}
2026-04-11 11:44:57.579 [http-nio-8080-exec-3] DEBUG o.s.security.web.FilterChainProxy - Securing GET /api/stepik/status
2026-04-11 11:44:57.577 [http-nio-8080-exec-7] DEBUG org.hibernate.SQL - 
    select
        tb1_0.id,
        tb1_0.answer,
        tb1_0.created_at,
        tb1_0.difficulty,
        tb1_0.exam_type,
        tb1_0.explanation,
        tb1_0.external_id,
        tb1_0.grade_level,
        tb1_0.is_public,
        tb1_0.max_score,
        tb1_0.question,
        tb1_0.rating,
        tb1_0.rating_count,
        tb1_0.source,
        tb1_0.subject,
        tb1_0.subtopic,
        tb1_0.tags,
        tb1_0.task_number,
        tb1_0.topic,
        tb1_0.tutor_id,
        tb1_0.type,
        tb1_0.updated_at 
    from
        task_bank tb1_0 
    where
        lower(tb1_0.question) like lower(('%'||?||'%')) escape '' 
        or lower(tb1_0.topic) like lower(('%'||?||'%')) escape '' 
        or lower(tb1_0.tags) like lower(('%'||?||'%')) escape ''
2026-04-11 11:44:57.580 [http-nio-8080-exec-2] DEBUG o.s.w.s.m.m.a.HttpEntityMethodProcessor - Using 'application/json', given [application/json, text/plain, */*] and supported [application/json, application/*+json]
2026-04-11 11:44:57.580 [http-nio-8080-exec-2] DEBUG o.s.w.s.m.m.a.HttpEntityMethodProcessor - Writing [[]]
2026-04-11 11:44:57.580 [http-nio-8080-exec-6] DEBUG o.s.security.web.FilterChainProxy - Secured GET /api/integration/tasks/search
2026-04-11 11:44:57.580 [http-nio-8080-exec-6] DEBUG o.s.web.servlet.DispatcherServlet - GET "/api/integration/tasks/search", parameters={}
2026-04-11 11:44:57.580 [http-nio-8080-exec-6] DEBUG o.s.w.s.m.m.a.RequestMappingHandlerMapping - Mapped to com.example.demo.controller.IntegrationController#searchTasks(String, String, String, String)
2026-04-11 11:44:57.580 [http-nio-8080-exec-1] DEBUG o.s.w.s.m.m.a.RequestMappingHandlerMapping - Mapped to com.example.demo.controller.StudentController#getStudentsByTutor(Long, Long, String)
2026-04-11 11:44:57.581 [http-nio-8080-exec-2] DEBUG o.s.web.servlet.DispatcherServlet - Completed 200 OK
2026-04-11 11:44:57.578 [http-nio-8080-exec-9] DEBUG o.s.security.web.FilterChainProxy - Secured GET /api/variants
2026-04-11 11:44:57.581 [http-nio-8080-exec-4] DEBUG o.s.security.web.FilterChainProxy - Securing GET /api/courses/tutor/3
2026-04-11 11:44:57.581 [http-nio-8080-exec-8] DEBUG o.s.w.s.m.m.a.HttpEntityMethodProcessor - Using 'application/json', given [application/json, text/plain, */*] and supported [application/json, application/*+json]
2026-04-11 11:44:57.581 [http-nio-8080-exec-9] DEBUG o.s.web.servlet.DispatcherServlet - GET "/api/variants", parameters={}
2026-04-11 11:44:57.581 [http-nio-8080-exec-8] DEBUG o.s.w.s.m.m.a.HttpEntityMethodProcessor - Writing [{connected=false}]
2026-04-11 11:44:57.581 [http-nio-8080-exec-9] DEBUG o.s.w.s.m.m.a.RequestMappingHandlerMapping - Mapped to com.example.demo.controller.VariantController#getVariants(Long, String)
2026-04-11 11:44:57.582 [http-nio-8080-exec-10] DEBUG o.s.w.s.m.m.a.HttpEntityMethodProcessor - Using 'application/json', given [application/json, text/plain, */*] and supported [application/json, application/*+json]
2026-04-11 11:44:57.582 [http-nio-8080-exec-10] DEBUG o.s.w.s.m.m.a.HttpEntityMethodProcessor - Writing [[]]
2026-04-11 11:44:57.582 [http-nio-8080-exec-9] DEBUG o.s.s.a.m.AuthorizationManagerBeforeMethodInterceptor - Authorizing method invocation ReflectiveMethodInvocation: public org.springframework.http.ResponseEntity com.example.demo.controller.VariantController.getVariants(java.lang.Long,java.lang.String); target is of class [com.example.demo.controller.VariantController]
2026-04-11 11:44:57.582 [http-nio-8080-exec-1] DEBUG o.s.s.a.m.AuthorizationManagerBeforeMethodInterceptor - Authorizing method invocation ReflectiveMethodInvocation: public org.springframework.http.ResponseEntity com.example.demo.controller.StudentController.getStudentsByTutor(java.lang.Long,java.lang.Long,java.lang.String); target is of class [com.example.demo.controller.StudentController]
2026-04-11 11:44:57.582 [http-nio-8080-exec-8] DEBUG o.s.web.servlet.DispatcherServlet - Completed 200 OK
2026-04-11 11:44:57.582 [http-nio-8080-exec-9] DEBUG o.s.s.a.m.AuthorizationManagerBeforeMethodInterceptor - Authorized method invocation ReflectiveMethodInvocation: public org.springframework.http.ResponseEntity com.example.demo.controller.VariantController.getVariants(java.lang.Long,java.lang.String); target is of class [com.example.demo.controller.VariantController]
2026-04-11 11:44:57.582 [http-nio-8080-exec-2] DEBUG o.s.security.web.FilterChainProxy - Securing GET /api/students/tutor/3
2026-04-11 11:44:57.581 [http-nio-8080-exec-6] DEBUG o.s.s.a.m.AuthorizationManagerBeforeMethodInterceptor - Authorizing method invocation ReflectiveMethodInvocation: public org.springframework.http.ResponseEntity com.example.demo.controller.IntegrationController.searchTasks(java.lang.String,java.lang.String,java.lang.String,java.lang.String); target is of class [com.example.demo.controller.IntegrationController]
2026-04-11 11:44:57.582 [http-nio-8080-exec-6] DEBUG o.s.s.a.m.AuthorizationManagerBeforeMethodInterceptor - Authorized method invocation ReflectiveMethodInvocation: public org.springframework.http.ResponseEntity com.example.demo.controller.IntegrationController.searchTasks(java.lang.String,java.lang.String,java.lang.String,java.lang.String); target is of class [com.example.demo.controller.IntegrationController]
2026-04-11 11:44:57.582 [http-nio-8080-exec-1] DEBUG o.s.s.a.m.AuthorizationManagerBeforeMethodInterceptor - Authorized method invocation ReflectiveMethodInvocation: public org.springframework.http.ResponseEntity com.example.demo.controller.StudentController.getStudentsByTutor(java.lang.Long,java.lang.Long,java.lang.String); target is of class [com.example.demo.controller.StudentController]
2026-04-11 11:44:57.582 [http-nio-8080-exec-10] DEBUG o.s.web.servlet.DispatcherServlet - Completed 200 OK
2026-04-11 11:44:57.583 [http-nio-8080-exec-9] DEBUG org.hibernate.SQL - 
    select
        v1_0.id,
        v1_0.course_id,
        v1_0.created_at,
        v1_0.description,
        v1_0.exam_type,
        v1_0.subject,
        v1_0.title,
        v1_0.tutor_id,
        v1_0.url 
    from
        variant v1_0 
    where
        v1_0.tutor_id=?
2026-04-11 11:44:57.583 [http-nio-8080-exec-7] DEBUG org.hibernate.SQL - 
    select
        t1_0.id,
        t1_0.about,
        t1_0.avatar,
        t1_0.birthday,
        t1_0.city,
        t1_0.created_at,
        t1_0.email,
        t1_0.full_name,
        t1_0.is_active,
        t1_0.password_hash,
        t1_0.phone,
        t1_0.role 
    from
        tutor t1_0 
    where
        t1_0.id=?
2026-04-11 11:44:57.584 [http-nio-8080-exec-5] DEBUG o.s.security.web.FilterChainProxy - Securing GET /api/lesson-plans
2026-04-11 11:44:57.586 [http-nio-8080-exec-3] DEBUG o.s.security.web.FilterChainProxy - Secured GET /api/stepik/status
2026-04-11 11:44:57.586 [http-nio-8080-exec-3] DEBUG o.s.web.servlet.DispatcherServlet - GET "/api/stepik/status", parameters={}
2026-04-11 11:44:57.586 [http-nio-8080-exec-3] DEBUG o.s.w.s.m.m.a.RequestMappingHandlerMapping - Mapped to com.example.demo.controller.StepikController#getStatus(Long)
2026-04-11 11:44:57.586 [http-nio-8080-exec-7] DEBUG o.s.w.s.m.m.a.HttpEntityMethodProcessor - Using 'application/json', given [application/json, text/plain, */*] and supported [application/json, application/*+json]
2026-04-11 11:44:57.586 [http-nio-8080-exec-7] DEBUG o.s.w.s.m.m.a.HttpEntityMethodProcessor - Writing [[com.example.demo.entity.TaskBank@521fdc7]]
2026-04-11 11:44:57.586 [http-nio-8080-exec-4] DEBUG o.s.security.web.FilterChainProxy - Secured GET /api/courses/tutor/3
2026-04-11 11:44:57.586 [http-nio-8080-exec-2] DEBUG o.s.security.web.FilterChainProxy - Secured GET /api/students/tutor/3
2026-04-11 11:44:57.587 [http-nio-8080-exec-4] DEBUG o.s.web.servlet.DispatcherServlet - GET "/api/courses/tutor/3", parameters={}
2026-04-11 11:44:57.587 [http-nio-8080-exec-2] DEBUG o.s.web.servlet.DispatcherServlet - GET "/api/students/tutor/3", parameters={}
2026-04-11 11:44:57.587 [http-nio-8080-exec-9] DEBUG o.s.w.s.m.m.a.HttpEntityMethodProcessor - Using 'application/json', given [application/json, text/plain, */*] and supported [application/json, application/*+json]
2026-04-11 11:44:57.587 [http-nio-8080-exec-3] DEBUG o.s.s.a.m.AuthorizationManagerBeforeMethodInterceptor - Authorizing method invocation ReflectiveMethodInvocation: public org.springframework.http.ResponseEntity com.example.demo.controller.StepikController.getStatus(java.lang.Long); target is of class [com.example.demo.controller.StepikController]
2026-04-11 11:44:57.587 [http-nio-8080-exec-9] DEBUG o.s.w.s.m.m.a.HttpEntityMethodProcessor - Writing [[]]
2026-04-11 11:44:57.587 [http-nio-8080-exec-4] DEBUG o.s.w.s.m.m.a.RequestMappingHandlerMapping - Mapped to com.example.demo.controller.CourseController#getCoursesByTutor(Long)
2026-04-11 11:44:57.587 [http-nio-8080-exec-2] DEBUG o.s.w.s.m.m.a.RequestMappingHandlerMapping - Mapped to com.example.demo.controller.StudentController#getStudentsByTutor(Long, Long, String)
2026-04-11 11:44:57.587 [http-nio-8080-exec-3] DEBUG o.s.s.a.m.AuthorizationManagerBeforeMethodInterceptor - Authorized method invocation ReflectiveMethodInvocation: public org.springframework.http.ResponseEntity com.example.demo.controller.StepikController.getStatus(java.lang.Long); target is of class [com.example.demo.controller.StepikController]
2026-04-11 11:44:57.587 [http-nio-8080-exec-7] DEBUG o.s.web.servlet.DispatcherServlet - Completed 200 OK
2026-04-11 11:44:57.587 [http-nio-8080-exec-9] DEBUG o.s.web.servlet.DispatcherServlet - Completed 200 OK
2026-04-11 11:44:57.587 [http-nio-8080-exec-2] DEBUG o.s.s.a.m.AuthorizationManagerBeforeMethodInterceptor - Authorizing method invocation ReflectiveMethodInvocation: public org.springframework.http.ResponseEntity com.example.demo.controller.StudentController.getStudentsByTutor(java.lang.Long,java.lang.Long,java.lang.String); target is of class [com.example.demo.controller.StudentController]
2026-04-11 11:44:57.588 [http-nio-8080-exec-2] DEBUG o.s.s.a.m.AuthorizationManagerBeforeMethodInterceptor - Authorized method invocation ReflectiveMethodInvocation: public org.springframework.http.ResponseEntity com.example.demo.controller.StudentController.getStudentsByTutor(java.lang.Long,java.lang.Long,java.lang.String); target is of class [com.example.demo.controller.StudentController]
2026-04-11 11:44:57.588 [http-nio-8080-exec-4] DEBUG org.hibernate.SQL - 
    select
        c1_0.id,
        c1_0.color,
        c1_0.created_at,
        c1_0.description,
        c1_0.name,
        c1_0.tutor_id 
    from
        course c1_0 
    where
        c1_0.tutor_id=?
2026-04-11 11:44:57.588 [http-nio-8080-exec-3] DEBUG org.hibernate.SQL - 
    select
        st1_0.id,
        st1_0.access_token,
        st1_0.created_at,
        st1_0.expires_at,
        st1_0.refresh_token,
        st1_0.stepik_user_id,
        st1_0.tutor_id,
        st1_0.updated_at 
    from
        stepik_token st1_0 
    where
        st1_0.tutor_id=?
2026-04-11 11:44:57.589 [http-nio-8080-exec-5] DEBUG o.s.security.web.FilterChainProxy - Secured GET /api/lesson-plans
2026-04-11 11:44:57.589 [http-nio-8080-exec-5] DEBUG o.s.web.servlet.DispatcherServlet - GET "/api/lesson-plans", parameters={}
2026-04-11 11:44:57.589 [http-nio-8080-exec-5] DEBUG o.s.w.s.m.m.a.RequestMappingHandlerMapping - Mapped to com.example.demo.controller.LessonPlanController#getLessonPlans(Long)
2026-04-11 11:44:57.589 [http-nio-8080-exec-4] DEBUG o.s.w.s.m.m.a.HttpEntityMethodProcessor - Using 'application/json', given [application/json, text/plain, */*] and supported [application/json, application/*+json]
2026-04-11 11:44:57.589 [http-nio-8080-exec-4] DEBUG o.s.w.s.m.m.a.HttpEntityMethodProcessor - Writing [[]]
2026-04-11 11:44:57.589 [http-nio-8080-exec-2] DEBUG org.hibernate.SQL - 
    select
        s1_0.id,
        s1_0.birthday,
        s1_0.created_at,
        s1_0.email,
        s1_0.full_name,
        s1_0.parent_id,
        s1_0.parent_name,
        s1_0.parent_phone,
        s1_0.password_hash,
        s1_0.payment_type,
        s1_0.phone,
        s1_0.role 
    from
        student s1_0
2026-04-11 11:44:57.589 [http-nio-8080-exec-5] DEBUG o.s.s.a.m.AuthorizationManagerBeforeMethodInterceptor - Authorizing method invocation ReflectiveMethodInvocation: public org.springframework.http.ResponseEntity com.example.demo.controller.LessonPlanController.getLessonPlans(java.lang.Long); target is of class [com.example.demo.controller.LessonPlanController]
2026-04-11 11:44:57.590 [http-nio-8080-exec-5] DEBUG o.s.s.a.m.AuthorizationManagerBeforeMethodInterceptor - Authorized method invocation ReflectiveMethodInvocation: public org.springframework.http.ResponseEntity com.example.demo.controller.LessonPlanController.getLessonPlans(java.lang.Long); target is of class [com.example.demo.controller.LessonPlanController]
2026-04-11 11:44:57.590 [http-nio-8080-exec-6] DEBUG org.hibernate.SQL - 
    select
        tb1_0.id,
        tb1_0.answer,
        tb1_0.created_at,
        tb1_0.difficulty,
        tb1_0.exam_type,
        tb1_0.explanation,
        tb1_0.external_id,
        tb1_0.grade_level,
        tb1_0.is_public,
        tb1_0.max_score,
        tb1_0.question,
        tb1_0.rating,
        tb1_0.rating_count,
        tb1_0.source,
        tb1_0.subject,
        tb1_0.subtopic,
        tb1_0.tags,
        tb1_0.task_number,
        tb1_0.topic,
        tb1_0.tutor_id,
        tb1_0.type,
        tb1_0.updated_at 
    from
        task_bank tb1_0 
    where
        lower(tb1_0.question) like lower(('%'||?||'%')) escape '' 
        or lower(tb1_0.topic) like lower(('%'||?||'%')) escape '' 
        or lower(tb1_0.tags) like lower(('%'||?||'%')) escape ''
2026-04-11 11:44:57.590 [http-nio-8080-exec-4] DEBUG o.s.web.servlet.DispatcherServlet - Completed 200 OK
2026-04-11 11:44:57.590 [http-nio-8080-exec-5] DEBUG org.hibernate.SQL - 
    select
        lp1_0.id,
        lp1_0.course_id,
        lp1_0.created_at,
        lp1_0.description,
        lp1_0.difficulty_level,
        lp1_0.duration_minutes,
        lp1_0.homework_template,
        lp1_0.is_template,
        lp1_0.learning_objectives,
        lp1_0.lesson_structure,
        lp1_0.materials_needed,
        lp1_0.tags,
        lp1_0.title,
        lp1_0.topic,
        lp1_0.tutor_id,
        lp1_0.updated_at,
        lp1_0.usage_count 
    from
        lesson_plan lp1_0 
    where
        lp1_0.tutor_id=?
2026-04-11 11:44:57.590 [http-nio-8080-exec-1] DEBUG org.hibernate.SQL - 
    select
        s1_0.id,
        s1_0.birthday,
        s1_0.created_at,
        s1_0.email,
        s1_0.full_name,
        s1_0.parent_id,
        s1_0.parent_name,
        s1_0.parent_phone,
        s1_0.password_hash,
        s1_0.payment_type,
        s1_0.phone,
        s1_0.role 
    from
        student s1_0
2026-04-11 11:44:57.592 [http-nio-8080-exec-2] DEBUG org.hibernate.SQL - 
    select
        p1_0.id,
        p1_0.created_at,
        p1_0.email,
        p1_0.full_name,
        p1_0.password_hash,
        p1_0.phone,
        p1_0.role 
    from
        parent p1_0 
    where
        p1_0.id=?
2026-04-11 11:44:57.592 [http-nio-8080-exec-1] DEBUG org.hibernate.SQL - 
    select
        p1_0.id,
        p1_0.created_at,
        p1_0.email,
        p1_0.full_name,
        p1_0.password_hash,
        p1_0.phone,
        p1_0.role 
    from
        parent p1_0 
    where
        p1_0.id=?
2026-04-11 11:44:57.592 [http-nio-8080-exec-6] DEBUG org.hibernate.SQL - 
    select
        t1_0.id,
        t1_0.about,
        t1_0.avatar,
        t1_0.birthday,
        t1_0.city,
        t1_0.created_at,
        t1_0.email,
        t1_0.full_name,
        t1_0.is_active,
        t1_0.password_hash,
        t1_0.phone,
        t1_0.role 
    from
        tutor t1_0 
    where
        t1_0.id=?
2026-04-11 11:44:57.593 [http-nio-8080-exec-3] DEBUG o.s.w.s.m.m.a.HttpEntityMethodProcessor - Using 'application/json', given [application/json, text/plain, */*] and supported [application/json, application/*+json]
2026-04-11 11:44:57.593 [http-nio-8080-exec-5] DEBUG o.s.w.s.m.m.a.HttpEntityMethodProcessor - Using 'application/json', given [application/json, text/plain, */*] and supported [application/json, application/*+json]
2026-04-11 11:44:57.593 [http-nio-8080-exec-2] DEBUG org.hibernate.SQL - 
    select
        t1_0.student_id,
        t1_1.id,
        t1_1.about,
        t1_1.avatar,
        t1_1.birthday,
        t1_1.city,
        t1_1.created_at,
        t1_1.email,
        t1_1.full_name,
        t1_1.is_active,
        t1_1.password_hash,
        t1_1.phone,
        t1_1.role 
    from
        student_tutor t1_0 
    join
        tutor t1_1 
            on t1_1.id=t1_0.tutor_id 
    where
        t1_0.student_id=?
2026-04-11 11:44:57.593 [http-nio-8080-exec-5] DEBUG o.s.w.s.m.m.a.HttpEntityMethodProcessor - Writing [[]]
2026-04-11 11:44:57.593 [http-nio-8080-exec-6] DEBUG o.s.w.s.m.m.a.HttpEntityMethodProcessor - Using 'application/json', given [application/json, text/plain, */*] and supported [application/json, application/*+json]
2026-04-11 11:44:57.593 [http-nio-8080-exec-3] DEBUG o.s.w.s.m.m.a.HttpEntityMethodProcessor - Writing [{connected=false}]
2026-04-11 11:44:57.593 [http-nio-8080-exec-6] DEBUG o.s.w.s.m.m.a.HttpEntityMethodProcessor - Writing [[com.example.demo.entity.TaskBank@4946ea90]]
2026-04-11 11:44:57.594 [http-nio-8080-exec-5] DEBUG o.s.web.servlet.DispatcherServlet - Completed 200 OK
2026-04-11 11:44:57.594 [http-nio-8080-exec-6] DEBUG o.s.web.servlet.DispatcherServlet - Completed 200 OK
2026-04-11 11:44:57.594 [http-nio-8080-exec-3] DEBUG o.s.web.servlet.DispatcherServlet - Completed 200 OK
2026-04-11 11:44:57.594 [http-nio-8080-exec-1] DEBUG org.hibernate.SQL - 
    select
        t1_0.student_id,
        t1_1.id,
        t1_1.about,
        t1_1.avatar,
        t1_1.birthday,
        t1_1.city,
        t1_1.created_at,
        t1_1.email,
        t1_1.full_name,
        t1_1.is_active,
        t1_1.password_hash,
        t1_1.phone,
        t1_1.role 
    from
        student_tutor t1_0 
    join
        tutor t1_1 
            on t1_1.id=t1_0.tutor_id 
    where
        t1_0.student_id=?
2026-04-11 11:44:57.594 [http-nio-8080-exec-2] DEBUG org.hibernate.SQL - 
    select
        r1_0.student_id,
        r1_0.id,
        r1_0.rate_per_lesson,
        r1_0.tutor_id,
        t1_0.id,
        t1_0.about,
        t1_0.avatar,
        t1_0.birthday,
        t1_0.city,
        t1_0.created_at,
        t1_0.email,
        t1_0.full_name,
        t1_0.is_active,
        t1_0.password_hash,
        t1_0.phone,
        t1_0.role 
    from
        student_rate r1_0 
    left join
        tutor t1_0 
            on t1_0.id=r1_0.tutor_id 
    where
        r1_0.student_id=?
2026-04-11 11:44:57.596 [http-nio-8080-exec-1] DEBUG org.hibernate.SQL - 
    select
        r1_0.student_id,
        r1_0.id,
        r1_0.rate_per_lesson,
        r1_0.tutor_id,
        t1_0.id,
        t1_0.about,
        t1_0.avatar,
        t1_0.birthday,
        t1_0.city,
        t1_0.created_at,
        t1_0.email,
        t1_0.full_name,
        t1_0.is_active,
        t1_0.password_hash,
        t1_0.phone,
        t1_0.role 
    from
        student_rate r1_0 
    left join
        tutor t1_0 
            on t1_0.id=r1_0.tutor_id 
    where
        r1_0.student_id=?
2026-04-11 11:44:57.597 [http-nio-8080-exec-2] DEBUG o.s.w.s.m.m.a.HttpEntityMethodProcessor - Using 'application/json', given [application/json, text/plain, */*] and supported [application/json, application/*+json]
2026-04-11 11:44:57.597 [http-nio-8080-exec-2] DEBUG o.s.w.s.m.m.a.HttpEntityMethodProcessor - Writing [[com.example.demo.entity.Student@6c966fe5]]
2026-04-11 11:44:57.598 [http-nio-8080-exec-2] DEBUG o.s.web.servlet.DispatcherServlet - Completed 200 OK
2026-04-11 11:44:57.598 [http-nio-8080-exec-1] DEBUG o.s.w.s.m.m.a.HttpEntityMethodProcessor - Using 'application/json', given [application/json, text/plain, */*] and supported [application/json, application/*+json]
2026-04-11 11:44:57.598 [http-nio-8080-exec-1] DEBUG o.s.w.s.m.m.a.HttpEntityMethodProcessor - Writing [[com.example.demo.entity.Student@544a9d52]]
2026-04-11 11:44:57.599 [http-nio-8080-exec-1] DEBUG o.s.web.servlet.DispatcherServlet - Completed 200 OK
2026-04-11 11:45:11.089 [http-nio-8080-exec-8] DEBUG o.s.security.web.FilterChainProxy - Securing POST /api/ai/generate
2026-04-11 11:45:11.093 [http-nio-8080-exec-8] DEBUG o.s.security.web.FilterChainProxy - Secured POST /api/ai/generate
2026-04-11 11:45:11.093 [http-nio-8080-exec-8] DEBUG o.s.web.servlet.DispatcherServlet - POST "/api/ai/generate", parameters={}
2026-04-11 11:45:11.094 [http-nio-8080-exec-8] DEBUG o.s.w.s.m.m.a.RequestMappingHandlerMapping - Mapped to com.example.demo.controller.AIGenerationController#generateTask(Map)
2026-04-11 11:45:11.094 [http-nio-8080-exec-8] DEBUG o.s.w.s.m.m.a.RequestResponseBodyMethodProcessor - Read "application/json;charset=UTF-8" to [{prompt=8 задание ЕГЭ русский язык грамматические ошибки, subject=Информатика, examType=ЕГЭ}]
2026-04-11 11:45:11.094 [http-nio-8080-exec-8] DEBUG o.s.s.a.m.AuthorizationManagerBeforeMethodInterceptor - Authorizing method invocation ReflectiveMethodInvocation: public org.springframework.http.ResponseEntity com.example.demo.controller.AIGenerationController.generateTask(java.util.Map); target is of class [com.example.demo.controller.AIGenerationController]
2026-04-11 11:45:11.095 [http-nio-8080-exec-8] DEBUG o.s.s.a.m.AuthorizationManagerBeforeMethodInterceptor - Authorized method invocation ReflectiveMethodInvocation: public org.springframework.http.ResponseEntity com.example.demo.controller.AIGenerationController.generateTask(java.util.Map); target is of class [com.example.demo.controller.AIGenerationController]
2026-04-11 11:45:11.095 [http-nio-8080-exec-8] INFO  c.e.demo.service.AIGenerationService - 📌 [RAG] Определён номер задания из промта: 8
2026-04-11 11:45:11.095 [http-nio-8080-exec-8] DEBUG org.hibernate.SQL - 
    select
        tb1_0.id,
        tb1_0.answer,
        tb1_0.created_at,
        tb1_0.difficulty,
        tb1_0.exam_type,
        tb1_0.explanation,
        tb1_0.external_id,
        tb1_0.grade_level,
        tb1_0.is_public,
        tb1_0.max_score,
        tb1_0.question,
        tb1_0.rating,
        tb1_0.rating_count,
        tb1_0.source,
        tb1_0.subject,
        tb1_0.subtopic,
        tb1_0.tags,
        tb1_0.task_number,
        tb1_0.topic,
        tb1_0.tutor_id,
        tb1_0.type,
        tb1_0.updated_at 
    from
        task_bank tb1_0 
    where
        tb1_0.subject=? 
        and tb1_0.task_number=?
2026-04-11 11:45:11.097 [http-nio-8080-exec-8] INFO  c.e.demo.service.AIGenerationService - 📚 [RAG] Найдено примеров для subject=Информатика, taskNumber=8: 0
2026-04-11 11:45:11.097 [http-nio-8080-exec-8] INFO  c.e.demo.service.AIGenerationService - 🤖 Отправка запроса к YandexGPT...
2026-04-11 11:45:11.097 [http-nio-8080-exec-8] DEBUG o.s.web.client.RestTemplate - HTTP POST https://llm.api.cloud.yandex.net/foundationModels/v1/completion
2026-04-11 11:45:11.097 [http-nio-8080-exec-8] DEBUG o.s.web.client.RestTemplate - Accept=[text/plain, application/json, application/*+json, */*]
2026-04-11 11:45:11.098 [http-nio-8080-exec-8] DEBUG o.s.web.client.RestTemplate - Writing [{"modelUri":"gpt://b1gqimsr47icbmd2vo6c/yandexgpt-lite/latest","completionOptions":{"temperature":0.7,"maxTokens":"2000","stream":false},"messages":[{"text":"Ты — опытный преподаватель и эксперт по составлению заданий ЕГЭ и ОГЭ. Отвечай строго в указанном формате.","role":"system"},{"text":"Создай задание в формате ЕГЭ по предмету \"Информатика\". 8 задание ЕГЭ русский язык грамматические ошибки\n\nОтвет должен быть строго в следующем формате:\nЗАДАНИЕ: [текст задания]\nОТВЕТ: [правильный ответ]\nРЕШЕНИЕ: [краткое пояснение или решение]","role":"user"}]}] as "application/json"
2026-04-11 11:45:12.986 [http-nio-8080-exec-8] DEBUG o.s.web.client.RestTemplate - Response 200 OK
2026-04-11 11:45:12.986 [http-nio-8080-exec-8] DEBUG o.s.web.client.RestTemplate - Reading to [java.lang.String] as "application/json"
2026-04-11 11:45:13.003 [http-nio-8080-exec-8] INFO  c.e.demo.service.AIGenerationService - ✅ Ответ получен
2026-04-11 11:45:13.004 [http-nio-8080-exec-8] DEBUG o.s.w.s.m.m.a.HttpEntityMethodProcessor - Using 'application/json', given [application/json, text/plain, */*] and supported [application/json, application/*+json]
2026-04-11 11:45:13.004 [http-nio-8080-exec-8] DEBUG o.s.w.s.m.m.a.HttpEntityMethodProcessor - Writing [com.example.demo.entity.TaskBank@2defa053]
2026-04-11 11:45:13.005 [http-nio-8080-exec-8] DEBUG o.s.web.servlet.DispatcherServlet - Completed 200 OK
2026-04-11 11:45:56.691 [http-nio-8080-exec-10] DEBUG o.s.security.web.FilterChainProxy - Securing GET /api/tutors/3/avatar
2026-04-11 11:45:56.692 [http-nio-8080-exec-7] DEBUG o.s.security.web.FilterChainProxy - Securing GET /api/materials
2026-04-11 11:45:56.692 [http-nio-8080-exec-9] DEBUG o.s.security.web.FilterChainProxy - Securing GET /api/students/tutor/3
2026-04-11 11:45:56.692 [http-nio-8080-exec-4] DEBUG o.s.security.web.FilterChainProxy - Securing GET /api/courses/tutor/3
2026-04-11 11:45:56.692 [http-nio-8080-exec-3] DEBUG o.s.security.web.FilterChainProxy - Securing GET /api/materials
2026-04-11 11:45:56.693 [http-nio-8080-exec-5] DEBUG o.s.security.web.FilterChainProxy - Securing GET /api/materials
2026-04-11 11:45:56.693 [http-nio-8080-exec-6] DEBUG o.s.security.web.FilterChainProxy - Securing GET /api/students/tutor/3
2026-04-11 11:45:56.693 [http-nio-8080-exec-2] DEBUG o.s.security.web.FilterChainProxy - Securing GET /api/courses/tutor/3
2026-04-11 11:45:56.694 [http-nio-8080-exec-1] DEBUG o.s.security.web.FilterChainProxy - Securing GET /api/materials
2026-04-11 11:45:56.697 [http-nio-8080-exec-6] DEBUG o.s.security.web.FilterChainProxy - Secured GET /api/students/tutor/3
2026-04-11 11:45:56.698 [http-nio-8080-exec-6] DEBUG o.s.web.servlet.DispatcherServlet - GET "/api/students/tutor/3", parameters={}
2026-04-11 11:45:56.698 [http-nio-8080-exec-2] DEBUG o.s.security.web.FilterChainProxy - Secured GET /api/courses/tutor/3
2026-04-11 11:45:56.698 [http-nio-8080-exec-5] DEBUG o.s.security.web.FilterChainProxy - Secured GET /api/materials
2026-04-11 11:45:56.698 [http-nio-8080-exec-2] DEBUG o.s.web.servlet.DispatcherServlet - GET "/api/courses/tutor/3", parameters={}
2026-04-11 11:45:56.698 [http-nio-8080-exec-5] DEBUG o.s.web.servlet.DispatcherServlet - GET "/api/materials", parameters={}
2026-04-11 11:45:56.698 [http-nio-8080-exec-10] DEBUG o.s.security.web.FilterChainProxy - Secured GET /api/tutors/3/avatar
2026-04-11 11:45:56.698 [http-nio-8080-exec-3] DEBUG o.s.security.web.FilterChainProxy - Secured GET /api/materials
2026-04-11 11:45:56.698 [http-nio-8080-exec-10] DEBUG o.s.web.servlet.DispatcherServlet - GET "/api/tutors/3/avatar", parameters={}
2026-04-11 11:45:56.698 [http-nio-8080-exec-3] DEBUG o.s.web.servlet.DispatcherServlet - GET "/api/materials", parameters={}
2026-04-11 11:45:56.698 [http-nio-8080-exec-5] DEBUG o.s.w.s.m.m.a.RequestMappingHandlerMapping - Mapped to com.example.demo.controller.MaterialController#getMaterials(Long, Long)
2026-04-11 11:45:56.698 [http-nio-8080-exec-3] DEBUG o.s.w.s.m.m.a.RequestMappingHandlerMapping - Mapped to com.example.demo.controller.MaterialController#getMaterials(Long, Long)
2026-04-11 11:45:56.698 [http-nio-8080-exec-10] DEBUG o.s.w.s.m.m.a.RequestMappingHandlerMapping - Mapped to com.example.demo.controller.TutorController#getAvatar(Long)
2026-04-11 11:45:56.698 [http-nio-8080-exec-6] DEBUG o.s.w.s.m.m.a.RequestMappingHandlerMapping - Mapped to com.example.demo.controller.StudentController#getStudentsByTutor(Long, Long, String)
2026-04-11 11:45:56.698 [http-nio-8080-exec-2] DEBUG o.s.w.s.m.m.a.RequestMappingHandlerMapping - Mapped to com.example.demo.controller.CourseController#getCoursesByTutor(Long)
2026-04-11 11:45:56.698 [http-nio-8080-exec-9] DEBUG o.s.security.web.FilterChainProxy - Secured GET /api/students/tutor/3
2026-04-11 11:45:56.698 [http-nio-8080-exec-9] DEBUG o.s.web.servlet.DispatcherServlet - GET "/api/students/tutor/3", parameters={}
2026-04-11 11:45:56.699 [http-nio-8080-exec-3] DEBUG o.s.s.a.m.AuthorizationManagerBeforeMethodInterceptor - Authorizing method invocation ReflectiveMethodInvocation: public org.springframework.http.ResponseEntity com.example.demo.controller.MaterialController.getMaterials(java.lang.Long,java.lang.Long); target is of class [com.example.demo.controller.MaterialController]
2026-04-11 11:45:56.699 [http-nio-8080-exec-7] DEBUG o.s.security.web.FilterChainProxy - Secured GET /api/materials
2026-04-11 11:45:56.699 [http-nio-8080-exec-5] DEBUG o.s.s.a.m.AuthorizationManagerBeforeMethodInterceptor - Authorizing method invocation ReflectiveMethodInvocation: public org.springframework.http.ResponseEntity com.example.demo.controller.MaterialController.getMaterials(java.lang.Long,java.lang.Long); target is of class [com.example.demo.controller.MaterialController]
2026-04-11 11:45:56.699 [http-nio-8080-exec-7] DEBUG o.s.web.servlet.DispatcherServlet - GET "/api/materials", parameters={}
2026-04-11 11:45:56.699 [http-nio-8080-exec-7] DEBUG o.s.w.s.m.m.a.RequestMappingHandlerMapping - Mapped to com.example.demo.controller.MaterialController#getMaterials(Long, Long)
2026-04-11 11:45:56.699 [http-nio-8080-exec-3] DEBUG o.s.s.a.m.AuthorizationManagerBeforeMethodInterceptor - Authorized method invocation ReflectiveMethodInvocation: public org.springframework.http.ResponseEntity com.example.demo.controller.MaterialController.getMaterials(java.lang.Long,java.lang.Long); target is of class [com.example.demo.controller.MaterialController]
2026-04-11 11:45:56.699 [http-nio-8080-exec-5] DEBUG o.s.s.a.m.AuthorizationManagerBeforeMethodInterceptor - Authorized method invocation ReflectiveMethodInvocation: public org.springframework.http.ResponseEntity com.example.demo.controller.MaterialController.getMaterials(java.lang.Long,java.lang.Long); target is of class [com.example.demo.controller.MaterialController]
2026-04-11 11:45:56.699 [http-nio-8080-exec-9] DEBUG o.s.w.s.m.m.a.RequestMappingHandlerMapping - Mapped to com.example.demo.controller.StudentController#getStudentsByTutor(Long, Long, String)
2026-04-11 11:45:56.699 [http-nio-8080-exec-4] DEBUG o.s.security.web.FilterChainProxy - Secured GET /api/courses/tutor/3
2026-04-11 11:45:56.699 [http-nio-8080-exec-7] DEBUG o.s.s.a.m.AuthorizationManagerBeforeMethodInterceptor - Authorizing method invocation ReflectiveMethodInvocation: public org.springframework.http.ResponseEntity com.example.demo.controller.MaterialController.getMaterials(java.lang.Long,java.lang.Long); target is of class [com.example.demo.controller.MaterialController]
2026-04-11 11:45:56.699 [http-nio-8080-exec-4] DEBUG o.s.web.servlet.DispatcherServlet - GET "/api/courses/tutor/3", parameters={}
2026-04-11 11:45:56.699 [http-nio-8080-exec-7] DEBUG o.s.s.a.m.AuthorizationManagerBeforeMethodInterceptor - Authorized method invocation ReflectiveMethodInvocation: public org.springframework.http.ResponseEntity com.example.demo.controller.MaterialController.getMaterials(java.lang.Long,java.lang.Long); target is of class [com.example.demo.controller.MaterialController]
2026-04-11 11:45:56.699 [http-nio-8080-exec-2] DEBUG org.hibernate.SQL - 
    select
        c1_0.id,
        c1_0.color,
        c1_0.created_at,
        c1_0.description,
        c1_0.name,
        c1_0.tutor_id 
    from
        course c1_0 
    where
        c1_0.tutor_id=?
2026-04-11 11:45:56.699 [http-nio-8080-exec-9] DEBUG o.s.s.a.m.AuthorizationManagerBeforeMethodInterceptor - Authorizing method invocation ReflectiveMethodInvocation: public org.springframework.http.ResponseEntity com.example.demo.controller.StudentController.getStudentsByTutor(java.lang.Long,java.lang.Long,java.lang.String); target is of class [com.example.demo.controller.StudentController]
2026-04-11 11:45:56.699 [http-nio-8080-exec-4] DEBUG o.s.w.s.m.m.a.RequestMappingHandlerMapping - Mapped to com.example.demo.controller.CourseController#getCoursesByTutor(Long)
2026-04-11 11:45:56.699 [http-nio-8080-exec-9] DEBUG o.s.s.a.m.AuthorizationManagerBeforeMethodInterceptor - Authorized method invocation ReflectiveMethodInvocation: public org.springframework.http.ResponseEntity com.example.demo.controller.StudentController.getStudentsByTutor(java.lang.Long,java.lang.Long,java.lang.String); target is of class [com.example.demo.controller.StudentController]
2026-04-11 11:45:56.700 [http-nio-8080-exec-7] DEBUG org.hibernate.SQL - 
    select
        m1_0.id,
        m1_0.course_id,
        m1_0.created_at,
        m1_0.description,
        m1_0.file_name,
        m1_0.file_path,
        m1_0.file_size,
        m1_0.file_type,
        m1_0.folder_id,
        m1_0.student_id,
        m1_0.title,
        m1_0.tutor_id,
        m1_0.updated_at 
    from
        material m1_0 
    where
        m1_0.tutor_id=? 
        and m1_0.folder_id is null
2026-04-11 11:45:56.700 [http-nio-8080-exec-3] DEBUG org.hibernate.SQL - 
    select
        m1_0.id,
        m1_0.course_id,
        m1_0.created_at,
        m1_0.description,
        m1_0.file_name,
        m1_0.file_path,
        m1_0.file_size,
        m1_0.file_type,
        m1_0.folder_id,
        m1_0.student_id,
        m1_0.title,
        m1_0.tutor_id,
        m1_0.updated_at 
    from
        material m1_0 
    where
        m1_0.tutor_id=? 
        and m1_0.folder_id is null
2026-04-11 11:45:56.700 [http-nio-8080-exec-1] DEBUG o.s.security.web.FilterChainProxy - Secured GET /api/materials
2026-04-11 11:45:56.700 [http-nio-8080-exec-10] DEBUG org.hibernate.SQL - 
    select
        t1_0.id,
        t1_0.about,
        t1_0.avatar,
        t1_0.birthday,
        t1_0.city,
        t1_0.created_at,
        t1_0.email,
        t1_0.full_name,
        t1_0.is_active,
        t1_0.password_hash,
        t1_0.phone,
        t1_0.role 
    from
        tutor t1_0 
    where
        t1_0.id=?
2026-04-11 11:45:56.700 [http-nio-8080-exec-1] DEBUG o.s.web.servlet.DispatcherServlet - GET "/api/materials", parameters={}
2026-04-11 11:45:56.700 [http-nio-8080-exec-4] DEBUG org.hibernate.SQL - 
    select
        c1_0.id,
        c1_0.color,
        c1_0.created_at,
        c1_0.description,
        c1_0.name,
        c1_0.tutor_id 
    from
        course c1_0 
    where
        c1_0.tutor_id=?
2026-04-11 11:45:56.700 [http-nio-8080-exec-1] DEBUG o.s.w.s.m.m.a.RequestMappingHandlerMapping - Mapped to com.example.demo.controller.MaterialController#getMaterials(Long, Long)
2026-04-11 11:45:56.699 [http-nio-8080-exec-6] DEBUG o.s.s.a.m.AuthorizationManagerBeforeMethodInterceptor - Authorizing method invocation ReflectiveMethodInvocation: public org.springframework.http.ResponseEntity com.example.demo.controller.StudentController.getStudentsByTutor(java.lang.Long,java.lang.Long,java.lang.String); target is of class [com.example.demo.controller.StudentController]
2026-04-11 11:45:56.700 [http-nio-8080-exec-1] DEBUG o.s.s.a.m.AuthorizationManagerBeforeMethodInterceptor - Authorizing method invocation ReflectiveMethodInvocation: public org.springframework.http.ResponseEntity com.example.demo.controller.MaterialController.getMaterials(java.lang.Long,java.lang.Long); target is of class [com.example.demo.controller.MaterialController]
2026-04-11 11:45:56.700 [http-nio-8080-exec-6] DEBUG o.s.s.a.m.AuthorizationManagerBeforeMethodInterceptor - Authorized method invocation ReflectiveMethodInvocation: public org.springframework.http.ResponseEntity com.example.demo.controller.StudentController.getStudentsByTutor(java.lang.Long,java.lang.Long,java.lang.String); target is of class [com.example.demo.controller.StudentController]
2026-04-11 11:45:56.701 [http-nio-8080-exec-1] DEBUG o.s.s.a.m.AuthorizationManagerBeforeMethodInterceptor - Authorized method invocation ReflectiveMethodInvocation: public org.springframework.http.ResponseEntity com.example.demo.controller.MaterialController.getMaterials(java.lang.Long,java.lang.Long); target is of class [com.example.demo.controller.MaterialController]
2026-04-11 11:45:56.699 [http-nio-8080-exec-5] DEBUG org.hibernate.SQL - 
    select
        m1_0.id,
        m1_0.course_id,
        m1_0.created_at,
        m1_0.description,
        m1_0.file_name,
        m1_0.file_path,
        m1_0.file_size,
        m1_0.file_type,
        m1_0.folder_id,
        m1_0.student_id,
        m1_0.title,
        m1_0.tutor_id,
        m1_0.updated_at 
    from
        material m1_0 
    where
        m1_0.tutor_id=? 
        and m1_0.folder_id is null
2026-04-11 11:45:56.701 [http-nio-8080-exec-4] DEBUG o.s.w.s.m.m.a.HttpEntityMethodProcessor - Using 'application/json', given [application/json, text/plain, */*] and supported [application/json, application/*+json]
2026-04-11 11:45:56.701 [http-nio-8080-exec-2] DEBUG o.s.w.s.m.m.a.HttpEntityMethodProcessor - Using 'application/json', given [application/json, text/plain, */*] and supported [application/json, application/*+json]
2026-04-11 11:45:56.701 [http-nio-8080-exec-3] DEBUG org.hibernate.SQL - 
    select
        mf1_0.id,
        mf1_0.course_id,
        mf1_0.created_at,
        mf1_0.name,
        mf1_0.parent_folder_id,
        mf1_0.tutor_id 
    from
        material_folder mf1_0 
    where
        mf1_0.tutor_id=? 
        and mf1_0.parent_folder_id is null
2026-04-11 11:45:56.701 [http-nio-8080-exec-1] DEBUG org.hibernate.SQL - 
    select
        m1_0.id,
        m1_0.course_id,
        m1_0.created_at,
        m1_0.description,
        m1_0.file_name,
        m1_0.file_path,
        m1_0.file_size,
        m1_0.file_type,
        m1_0.folder_id,
        m1_0.student_id,
        m1_0.title,
        m1_0.tutor_id,
        m1_0.updated_at 
    from
        material m1_0 
    where
        m1_0.tutor_id=? 
        and m1_0.folder_id is null
2026-04-11 11:45:56.701 [http-nio-8080-exec-4] DEBUG o.s.w.s.m.m.a.HttpEntityMethodProcessor - Writing [[]]
2026-04-11 11:45:56.701 [http-nio-8080-exec-7] DEBUG org.hibernate.SQL - 
    select
        mf1_0.id,
        mf1_0.course_id,
        mf1_0.created_at,
        mf1_0.name,
        mf1_0.parent_folder_id,
        mf1_0.tutor_id 
    from
        material_folder mf1_0 
    where
        mf1_0.tutor_id=? 
        and mf1_0.parent_folder_id is null
2026-04-11 11:45:56.701 [http-nio-8080-exec-2] DEBUG o.s.w.s.m.m.a.HttpEntityMethodProcessor - Writing [[]]
2026-04-11 11:45:56.701 [http-nio-8080-exec-9] DEBUG org.hibernate.SQL - 
    select
        s1_0.id,
        s1_0.birthday,
        s1_0.created_at,
        s1_0.email,
        s1_0.full_name,
        s1_0.parent_id,
        s1_0.parent_name,
        s1_0.parent_phone,
        s1_0.password_hash,
        s1_0.payment_type,
        s1_0.phone,
        s1_0.role 
    from
        student s1_0
2026-04-11 11:45:56.702 [http-nio-8080-exec-7] DEBUG o.s.w.s.m.m.a.HttpEntityMethodProcessor - Using 'application/json', given [application/json, text/plain, */*] and supported [application/json, application/*+json]
2026-04-11 11:45:56.702 [http-nio-8080-exec-3] DEBUG o.s.w.s.m.m.a.HttpEntityMethodProcessor - Using 'application/json', given [application/json, text/plain, */*] and supported [application/json, application/*+json]
2026-04-11 11:45:56.702 [http-nio-8080-exec-7] DEBUG o.s.w.s.m.m.a.HttpEntityMethodProcessor - Writing [{folders=[], materials=[]}]
2026-04-11 11:45:56.702 [http-nio-8080-exec-3] DEBUG o.s.w.s.m.m.a.HttpEntityMethodProcessor - Writing [{folders=[], materials=[]}]
2026-04-11 11:45:56.702 [http-nio-8080-exec-10] DEBUG o.s.w.s.m.m.a.ExceptionHandlerExceptionResolver - Using @ExceptionHandler com.example.demo.exception.GlobalExceptionHandler#handleRuntimeException(RuntimeException)
2026-04-11 11:45:56.702 [http-nio-8080-exec-4] DEBUG o.s.web.servlet.DispatcherServlet - Completed 200 OK
2026-04-11 11:45:56.702 [http-nio-8080-exec-2] DEBUG o.s.web.servlet.DispatcherServlet - Completed 200 OK
2026-04-11 11:45:56.702 [http-nio-8080-exec-7] DEBUG o.s.web.servlet.DispatcherServlet - Completed 200 OK
2026-04-11 11:45:56.702 [http-nio-8080-exec-3] DEBUG o.s.web.servlet.DispatcherServlet - Completed 200 OK
2026-04-11 11:45:56.702 [http-nio-8080-exec-10] ERROR c.e.d.e.GlobalExceptionHandler - Ошибка выполнения: null
java.lang.NullPointerException
	at java.base/java.util.Objects.requireNonNull(Objects.java:209)
	at java.base/java.util.ImmutableCollections$Map1.<init>(ImmutableCollections.java:1105)
	at java.base/java.util.Map.of(Map.java:1353)
	at com.example.demo.controller.TutorController.getAvatar(TutorController.java:93)
	at java.base/jdk.internal.reflect.NativeMethodAccessorImpl.invoke0(Native Method)
	at java.base/jdk.internal.reflect.NativeMethodAccessorImpl.invoke(NativeMethodAccessorImpl.java:77)
	at java.base/jdk.internal.reflect.DelegatingMethodAccessorImpl.invoke(DelegatingMethodAccessorImpl.java:43)
	at java.base/java.lang.reflect.Method.invoke(Method.java:569)
	at org.springframework.web.method.support.InvocableHandlerMethod.doInvoke(InvocableHandlerMethod.java:252)
	at org.springframework.web.method.support.InvocableHandlerMethod.invokeForRequest(InvocableHandlerMethod.java:184)
	at org.springframework.web.servlet.mvc.method.annotation.ServletInvocableHandlerMethod.invokeAndHandle(ServletInvocableHandlerMethod.java:117)
	at org.springframework.web.servlet.mvc.method.annotation.RequestMappingHandlerAdapter.invokeHandlerMethod(RequestMappingHandlerAdapter.java:934)
	at org.springframework.web.servlet.mvc.method.annotation.RequestMappingHandlerAdapter.handleInternal(RequestMappingHandlerAdapter.java:853)
	at org.springframework.web.servlet.mvc.method.AbstractHandlerMethodAdapter.handle(AbstractHandlerMethodAdapter.java:86)
	at org.springframework.web.servlet.DispatcherServlet.doDispatch(DispatcherServlet.java:963)
	at org.springframework.web.servlet.DispatcherServlet.doService(DispatcherServlet.java:866)
	at org.springframework.web.servlet.FrameworkServlet.processRequest(FrameworkServlet.java:1000)
	at org.springframework.web.servlet.FrameworkServlet.doGet(FrameworkServlet.java:892)
	at jakarta.servlet.http.HttpServlet.service(HttpServlet.java:622)
	at org.springframework.web.servlet.FrameworkServlet.service(FrameworkServlet.java:874)
	at jakarta.servlet.http.HttpServlet.service(HttpServlet.java:710)
	at org.apache.catalina.core.ApplicationFilterChain.doFilter(ApplicationFilterChain.java:128)
	at org.apache.tomcat.websocket.server.WsFilter.doFilter(WsFilter.java:53)
	at org.apache.catalina.core.ApplicationFilterChain.doFilter(ApplicationFilterChain.java:107)
	at org.springframework.web.filter.OncePerRequestFilter.doFilter(OncePerRequestFilter.java:110)
	at org.apache.catalina.core.ApplicationFilterChain.doFilter(ApplicationFilterChain.java:107)
	at org.springframework.web.filter.CompositeFilter$VirtualFilterChain.doFilter(CompositeFilter.java:108)
	at org.springframework.security.web.FilterChainProxy.lambda$doFilterInternal$3(FilterChainProxy.java:235)
	at org.springframework.security.web.FilterChainProxy$VirtualFilterChain.doFilter(FilterChainProxy.java:371)
	at org.springframework.security.web.access.intercept.AuthorizationFilter.doFilter(AuthorizationFilter.java:101)
	at org.springframework.security.web.FilterChainProxy$VirtualFilterChain.doFilter(FilterChainProxy.java:380)
	at org.springframework.security.web.access.ExceptionTranslationFilter.doFilter(ExceptionTranslationFilter.java:126)
	at org.springframework.security.web.access.ExceptionTranslationFilter.doFilter(ExceptionTranslationFilter.java:120)
	at org.springframework.security.web.FilterChainProxy$VirtualFilterChain.doFilter(FilterChainProxy.java:380)
	at org.springframework.security.web.session.SessionManagementFilter.doFilter(SessionManagementFilter.java:132)
	at org.springframework.security.web.session.SessionManagementFilter.doFilter(SessionManagementFilter.java:86)
	at org.springframework.security.web.FilterChainProxy$VirtualFilterChain.doFilter(FilterChainProxy.java:380)
	at org.springframework.security.web.authentication.AnonymousAuthenticationFilter.doFilter(AnonymousAuthenticationFilter.java:100)
	at org.springframework.security.web.FilterChainProxy$VirtualFilterChain.doFilter(FilterChainProxy.java:380)
	at org.springframework.security.web.servletapi.SecurityContextHolderAwareRequestFilter.doFilter(SecurityContextHolderAwareRequestFilter.java:181)
	at org.springframework.security.web.FilterChainProxy$VirtualFilterChain.doFilter(FilterChainProxy.java:380)
	at org.springframework.security.web.savedrequest.RequestCacheAwareFilter.doFilter(RequestCacheAwareFilter.java:63)
	at org.springframework.security.web.FilterChainProxy$VirtualFilterChain.doFilter(FilterChainProxy.java:380)
	at com.example.demo.config.AuthTokenFilter.doFilterInternal(AuthTokenFilter.java:59)
	at org.springframework.web.filter.OncePerRequestFilter.doFilter(OncePerRequestFilter.java:116)
	at org.springframework.security.web.FilterChainProxy$VirtualFilterChain.doFilter(FilterChainProxy.java:380)
	at org.springframework.security.web.authentication.logout.LogoutFilter.doFilter(LogoutFilter.java:110)
	at org.springframework.security.web.authentication.logout.LogoutFilter.doFilter(LogoutFilter.java:96)
	at org.springframework.security.web.FilterChainProxy$VirtualFilterChain.doFilter(FilterChainProxy.java:380)
	at org.springframework.web.filter.CorsFilter.doFilterInternal(CorsFilter.java:91)
	at org.springframework.web.filter.OncePerRequestFilter.doFilter(OncePerRequestFilter.java:116)
	at org.springframework.security.web.FilterChainProxy$VirtualFilterChain.doFilter(FilterChainProxy.java:380)
	at org.springframework.security.web.header.HeaderWriterFilter.doHeadersAfter(HeaderWriterFilter.java:90)
	at org.springframework.security.web.header.HeaderWriterFilter.doFilterInternal(HeaderWriterFilter.java:75)
	at org.springframework.web.filter.OncePerRequestFilter.doFilter(OncePerRequestFilter.java:116)
	at org.springframework.security.web.FilterChainProxy$VirtualFilterChain.doFilter(FilterChainProxy.java:380)
	at org.springframework.security.web.context.SecurityContextHolderFilter.doFilter(SecurityContextHolderFilter.java:82)
	at org.springframework.security.web.context.SecurityContextHolderFilter.doFilter(SecurityContextHolderFilter.java:69)
	at org.springframework.security.web.FilterChainProxy$VirtualFilterChain.doFilter(FilterChainProxy.java:380)
	at org.springframework.security.web.context.request.async.WebAsyncManagerIntegrationFilter.doFilterInternal(WebAsyncManagerIntegrationFilter.java:62)
	at org.springframework.web.filter.OncePerRequestFilter.doFilter(OncePerRequestFilter.java:116)
	at org.springframework.security.web.FilterChainProxy$VirtualFilterChain.doFilter(FilterChainProxy.java:380)
	at org.springframework.security.web.session.DisableEncodeUrlFilter.doFilterInternal(DisableEncodeUrlFilter.java:42)
	at org.springframework.web.filter.OncePerRequestFilter.doFilter(OncePerRequestFilter.java:116)
	at org.springframework.security.web.FilterChainProxy$VirtualFilterChain.doFilter(FilterChainProxy.java:380)
	at org.springframework.security.web.FilterChainProxy.doFilterInternal(FilterChainProxy.java:237)
	at org.springframework.security.web.FilterChainProxy.doFilter(FilterChainProxy.java:195)
	at org.springframework.web.filter.CompositeFilter$VirtualFilterChain.doFilter(CompositeFilter.java:113)
	at org.springframework.web.filter.ServletRequestPathFilter.doFilter(ServletRequestPathFilter.java:52)
	at org.springframework.web.filter.CompositeFilter$VirtualFilterChain.doFilter(CompositeFilter.java:113)
	at org.springframework.web.filter.CompositeFilter.doFilter(CompositeFilter.java:74)
	at org.springframework.security.config.annotation.web.configuration.WebSecurityConfiguration$CompositeFilterChainProxy.doFilter(WebSecurityConfiguration.java:317)
	at org.springframework.web.filter.DelegatingFilterProxy.invokeDelegate(DelegatingFilterProxy.java:355)
	at org.springframework.web.filter.DelegatingFilterProxy.doFilter(DelegatingFilterProxy.java:272)
	at org.apache.catalina.core.ApplicationFilterChain.doFilter(ApplicationFilterChain.java:107)
	at org.springframework.web.filter.RequestContextFilter.doFilterInternal(RequestContextFilter.java:100)
	at org.springframework.web.filter.OncePerRequestFilter.doFilter(OncePerRequestFilter.java:116)
	at org.apache.catalina.core.ApplicationFilterChain.doFilter(ApplicationFilterChain.java:107)
	at org.springframework.web.filter.FormContentFilter.doFilterInternal(FormContentFilter.java:93)
	at org.springframework.web.filter.OncePerRequestFilter.doFilter(OncePerRequestFilter.java:116)
	at org.apache.catalina.core.ApplicationFilterChain.doFilter(ApplicationFilterChain.java:107)
	at org.springframework.web.filter.CharacterEncodingFilter.doFilterInternal(CharacterEncodingFilter.java:199)
	at org.springframework.web.filter.OncePerRequestFilter.doFilter(OncePerRequestFilter.java:116)
	at org.apache.catalina.core.ApplicationFilterChain.doFilter(ApplicationFilterChain.java:107)
	at org.apache.catalina.core.StandardWrapperValve.invoke(StandardWrapperValve.java:165)
	at org.apache.catalina.core.StandardContextValve.invoke(StandardContextValve.java:77)
	at org.apache.catalina.authenticator.AuthenticatorBase.invoke(AuthenticatorBase.java:492)
	at org.apache.catalina.core.StandardHostValve.invoke(StandardHostValve.java:113)
	at org.apache.catalina.valves.ErrorReportValve.invoke(ErrorReportValve.java:83)
	at org.apache.catalina.core.StandardEngineValve.invoke(StandardEngineValve.java:72)
	at org.apache.catalina.connector.CoyoteAdapter.service(CoyoteAdapter.java:341)
	at org.apache.coyote.http11.Http11Processor.service(Http11Processor.java:397)
	at org.apache.coyote.AbstractProcessorLight.process(AbstractProcessorLight.java:63)
	at org.apache.coyote.AbstractProtocol$ConnectionHandler.process(AbstractProtocol.java:903)
	at org.apache.tomcat.util.net.NioEndpoint$SocketProcessor.doRun(NioEndpoint.java:1779)
	at org.apache.tomcat.util.net.SocketProcessorBase.run(SocketProcessorBase.java:52)
	at org.apache.tomcat.util.threads.ThreadPoolExecutor.runWorker(ThreadPoolExecutor.java:946)
	at org.apache.tomcat.util.threads.ThreadPoolExecutor$Worker.run(ThreadPoolExecutor.java:480)
	at org.apache.tomcat.util.threads.TaskThread$WrappingRunnable.run(TaskThread.java:57)
	at java.base/java.lang.Thread.run(Thread.java:840)
2026-04-11 11:45:56.703 [http-nio-8080-exec-10] DEBUG o.s.w.s.m.m.a.HttpEntityMethodProcessor - Using 'application/json', given [application/json, text/plain, */*] and supported [application/json, application/*+json]
2026-04-11 11:45:56.703 [http-nio-8080-exec-10] DEBUG o.s.w.s.m.m.a.HttpEntityMethodProcessor - Writing [{error=Внутренняя ошибка сервера}]
2026-04-11 11:45:56.703 [http-nio-8080-exec-9] DEBUG org.hibernate.SQL - 
    select
        p1_0.id,
        p1_0.created_at,
        p1_0.email,
        p1_0.full_name,
        p1_0.password_hash,
        p1_0.phone,
        p1_0.role 
    from
        parent p1_0 
    where
        p1_0.id=?
2026-04-11 11:45:56.703 [http-nio-8080-exec-10] DEBUG o.s.w.s.m.m.a.ExceptionHandlerExceptionResolver - Resolved [java.lang.NullPointerException]
2026-04-11 11:45:56.704 [http-nio-8080-exec-10] DEBUG o.s.web.servlet.DispatcherServlet - Completed 500 INTERNAL_SERVER_ERROR
2026-04-11 11:45:56.704 [http-nio-8080-exec-5] DEBUG org.hibernate.SQL - 
    select
        mf1_0.id,
        mf1_0.course_id,
        mf1_0.created_at,
        mf1_0.name,
        mf1_0.parent_folder_id,
        mf1_0.tutor_id 
    from
        material_folder mf1_0 
    where
        mf1_0.tutor_id=? 
        and mf1_0.parent_folder_id is null
2026-04-11 11:45:56.704 [http-nio-8080-exec-6] DEBUG org.hibernate.SQL - 
    select
        s1_0.id,
        s1_0.birthday,
        s1_0.created_at,
        s1_0.email,
        s1_0.full_name,
        s1_0.parent_id,
        s1_0.parent_name,
        s1_0.parent_phone,
        s1_0.password_hash,
        s1_0.payment_type,
        s1_0.phone,
        s1_0.role 
    from
        student s1_0
2026-04-11 11:45:56.705 [http-nio-8080-exec-9] DEBUG org.hibernate.SQL - 
    select
        t1_0.student_id,
        t1_1.id,
        t1_1.about,
        t1_1.avatar,
        t1_1.birthday,
        t1_1.city,
        t1_1.created_at,
        t1_1.email,
        t1_1.full_name,
        t1_1.is_active,
        t1_1.password_hash,
        t1_1.phone,
        t1_1.role 
    from
        student_tutor t1_0 
    join
        tutor t1_1 
            on t1_1.id=t1_0.tutor_id 
    where
        t1_0.student_id=?
2026-04-11 11:45:56.705 [http-nio-8080-exec-1] DEBUG org.hibernate.SQL - 
    select
        mf1_0.id,
        mf1_0.course_id,
        mf1_0.created_at,
        mf1_0.name,
        mf1_0.parent_folder_id,
        mf1_0.tutor_id 
    from
        material_folder mf1_0 
    where
        mf1_0.tutor_id=? 
        and mf1_0.parent_folder_id is null
2026-04-11 11:45:56.706 [http-nio-8080-exec-9] DEBUG org.hibernate.SQL - 
    select
        r1_0.student_id,
        r1_0.id,
        r1_0.rate_per_lesson,
        r1_0.tutor_id,
        t1_0.id,
        t1_0.about,
        t1_0.avatar,
        t1_0.birthday,
        t1_0.city,
        t1_0.created_at,
        t1_0.email,
        t1_0.full_name,
        t1_0.is_active,
        t1_0.password_hash,
        t1_0.phone,
        t1_0.role 
    from
        student_rate r1_0 
    left join
        tutor t1_0 
            on t1_0.id=r1_0.tutor_id 
    where
        r1_0.student_id=?
2026-04-11 11:45:56.706 [http-nio-8080-exec-1] DEBUG o.s.w.s.m.m.a.HttpEntityMethodProcessor - Using 'application/json', given [application/json, text/plain, */*] and supported [application/json, application/*+json]
2026-04-11 11:45:56.706 [http-nio-8080-exec-5] DEBUG o.s.w.s.m.m.a.HttpEntityMethodProcessor - Using 'application/json', given [application/json, text/plain, */*] and supported [application/json, application/*+json]
2026-04-11 11:45:56.706 [http-nio-8080-exec-5] DEBUG o.s.w.s.m.m.a.HttpEntityMethodProcessor - Writing [{folders=[], materials=[]}]
2026-04-11 11:45:56.706 [http-nio-8080-exec-1] DEBUG o.s.w.s.m.m.a.HttpEntityMethodProcessor - Writing [{folders=[], materials=[]}]
2026-04-11 11:45:56.707 [http-nio-8080-exec-6] DEBUG org.hibernate.SQL - 
    select
        p1_0.id,
        p1_0.created_at,
        p1_0.email,
        p1_0.full_name,
        p1_0.password_hash,
        p1_0.phone,
        p1_0.role 
    from
        parent p1_0 
    where
        p1_0.id=?
2026-04-11 11:45:56.707 [http-nio-8080-exec-5] DEBUG o.s.web.servlet.DispatcherServlet - Completed 200 OK
2026-04-11 11:45:56.707 [http-nio-8080-exec-1] DEBUG o.s.web.servlet.DispatcherServlet - Completed 200 OK
2026-04-11 11:45:56.708 [http-nio-8080-exec-9] DEBUG o.s.w.s.m.m.a.HttpEntityMethodProcessor - Using 'application/json', given [application/json, text/plain, */*] and supported [application/json, application/*+json]
2026-04-11 11:45:56.708 [http-nio-8080-exec-9] DEBUG o.s.w.s.m.m.a.HttpEntityMethodProcessor - Writing [[com.example.demo.entity.Student@4c926bdc]]
2026-04-11 11:45:56.709 [http-nio-8080-exec-9] DEBUG o.s.web.servlet.DispatcherServlet - Completed 200 OK
2026-04-11 11:45:56.710 [http-nio-8080-exec-6] DEBUG org.hibernate.SQL - 
    select
        t1_0.student_id,
        t1_1.id,
        t1_1.about,
        t1_1.avatar,
        t1_1.birthday,
        t1_1.city,
        t1_1.created_at,
        t1_1.email,
        t1_1.full_name,
        t1_1.is_active,
        t1_1.password_hash,
        t1_1.phone,
        t1_1.role 
    from
        student_tutor t1_0 
    join
        tutor t1_1 
            on t1_1.id=t1_0.tutor_id 
    where
        t1_0.student_id=?
2026-04-11 11:45:56.712 [http-nio-8080-exec-6] DEBUG org.hibernate.SQL - 
    select
        r1_0.student_id,
        r1_0.id,
        r1_0.rate_per_lesson,
        r1_0.tutor_id,
        t1_0.id,
        t1_0.about,
        t1_0.avatar,
        t1_0.birthday,
        t1_0.city,
        t1_0.created_at,
        t1_0.email,
        t1_0.full_name,
        t1_0.is_active,
        t1_0.password_hash,
        t1_0.phone,
        t1_0.role 
    from
        student_rate r1_0 
    left join
        tutor t1_0 
            on t1_0.id=r1_0.tutor_id 
    where
        r1_0.student_id=?
2026-04-11 11:45:56.715 [http-nio-8080-exec-6] DEBUG o.s.w.s.m.m.a.HttpEntityMethodProcessor - Using 'application/json', given [application/json, text/plain, */*] and supported [application/json, application/*+json]
2026-04-11 11:45:56.715 [http-nio-8080-exec-6] DEBUG o.s.w.s.m.m.a.HttpEntityMethodProcessor - Writing [[com.example.demo.entity.Student@51a6c148]]
2026-04-11 11:45:56.717 [http-nio-8080-exec-6] DEBUG o.s.web.servlet.DispatcherServlet - Completed 200 OK
2026-04-11 11:45:56.730 [http-nio-8080-exec-8] DEBUG o.s.security.web.FilterChainProxy - Securing GET /api/materials/folders
2026-04-11 11:45:56.732 [http-nio-8080-exec-4] DEBUG o.s.security.web.FilterChainProxy - Securing GET /api/materials/folders
2026-04-11 11:45:56.732 [http-nio-8080-exec-2] DEBUG o.s.security.web.FilterChainProxy - Securing GET /api/materials/folders
2026-04-11 11:45:56.732 [http-nio-8080-exec-7] DEBUG o.s.security.web.FilterChainProxy - Securing GET /api/materials/folders
2026-04-11 11:45:56.735 [http-nio-8080-exec-8] DEBUG o.s.security.web.FilterChainProxy - Secured GET /api/materials/folders
2026-04-11 11:45:56.735 [http-nio-8080-exec-8] DEBUG o.s.web.servlet.DispatcherServlet - GET "/api/materials/folders", parameters={}
2026-04-11 11:45:56.735 [http-nio-8080-exec-8] DEBUG o.s.w.s.m.m.a.RequestMappingHandlerMapping - Mapped to com.example.demo.controller.MaterialController#getFolders(Long)
2026-04-11 11:45:56.735 [http-nio-8080-exec-8] DEBUG o.s.s.a.m.AuthorizationManagerBeforeMethodInterceptor - Authorizing method invocation ReflectiveMethodInvocation: public org.springframework.http.ResponseEntity com.example.demo.controller.MaterialController.getFolders(java.lang.Long); target is of class [com.example.demo.controller.MaterialController]
2026-04-11 11:45:56.736 [http-nio-8080-exec-8] DEBUG o.s.s.a.m.AuthorizationManagerBeforeMethodInterceptor - Authorized method invocation ReflectiveMethodInvocation: public org.springframework.http.ResponseEntity com.example.demo.controller.MaterialController.getFolders(java.lang.Long); target is of class [com.example.demo.controller.MaterialController]
2026-04-11 11:45:56.736 [http-nio-8080-exec-7] DEBUG o.s.security.web.FilterChainProxy - Secured GET /api/materials/folders
2026-04-11 11:45:56.736 [http-nio-8080-exec-4] DEBUG o.s.security.web.FilterChainProxy - Secured GET /api/materials/folders
2026-04-11 11:45:56.736 [http-nio-8080-exec-7] DEBUG o.s.web.servlet.DispatcherServlet - GET "/api/materials/folders", parameters={}
2026-04-11 11:45:56.736 [http-nio-8080-exec-2] DEBUG o.s.security.web.FilterChainProxy - Secured GET /api/materials/folders
2026-04-11 11:45:56.736 [http-nio-8080-exec-4] DEBUG o.s.web.servlet.DispatcherServlet - GET "/api/materials/folders", parameters={}
2026-04-11 11:45:56.736 [http-nio-8080-exec-2] DEBUG o.s.web.servlet.DispatcherServlet - GET "/api/materials/folders", parameters={}
2026-04-11 11:45:56.736 [http-nio-8080-exec-7] DEBUG o.s.w.s.m.m.a.RequestMappingHandlerMapping - Mapped to com.example.demo.controller.MaterialController#getFolders(Long)
2026-04-11 11:45:56.736 [http-nio-8080-exec-4] DEBUG o.s.w.s.m.m.a.RequestMappingHandlerMapping - Mapped to com.example.demo.controller.MaterialController#getFolders(Long)
2026-04-11 11:45:56.736 [http-nio-8080-exec-2] DEBUG o.s.w.s.m.m.a.RequestMappingHandlerMapping - Mapped to com.example.demo.controller.MaterialController#getFolders(Long)
2026-04-11 11:45:56.736 [http-nio-8080-exec-8] DEBUG org.hibernate.SQL - 
    select
        mf1_0.id,
        mf1_0.course_id,
        mf1_0.created_at,
        mf1_0.name,
        mf1_0.parent_folder_id,
        mf1_0.tutor_id 
    from
        material_folder mf1_0 
    where
        mf1_0.tutor_id=?
2026-04-11 11:45:56.736 [http-nio-8080-exec-7] DEBUG o.s.s.a.m.AuthorizationManagerBeforeMethodInterceptor - Authorizing method invocation ReflectiveMethodInvocation: public org.springframework.http.ResponseEntity com.example.demo.controller.MaterialController.getFolders(java.lang.Long); target is of class [com.example.demo.controller.MaterialController]
2026-04-11 11:45:56.736 [http-nio-8080-exec-2] DEBUG o.s.s.a.m.AuthorizationManagerBeforeMethodInterceptor - Authorizing method invocation ReflectiveMethodInvocation: public org.springframework.http.ResponseEntity com.example.demo.controller.MaterialController.getFolders(java.lang.Long); target is of class [com.example.demo.controller.MaterialController]
2026-04-11 11:45:56.736 [http-nio-8080-exec-4] DEBUG o.s.s.a.m.AuthorizationManagerBeforeMethodInterceptor - Authorizing method invocation ReflectiveMethodInvocation: public org.springframework.http.ResponseEntity com.example.demo.controller.MaterialController.getFolders(java.lang.Long); target is of class [com.example.demo.controller.MaterialController]
2026-04-11 11:45:56.737 [http-nio-8080-exec-7] DEBUG o.s.s.a.m.AuthorizationManagerBeforeMethodInterceptor - Authorized method invocation ReflectiveMethodInvocation: public org.springframework.http.ResponseEntity com.example.demo.controller.MaterialController.getFolders(java.lang.Long); target is of class [com.example.demo.controller.MaterialController]
2026-04-11 11:45:56.737 [http-nio-8080-exec-4] DEBUG o.s.s.a.m.AuthorizationManagerBeforeMethodInterceptor - Authorized method invocation ReflectiveMethodInvocation: public org.springframework.http.ResponseEntity com.example.demo.controller.MaterialController.getFolders(java.lang.Long); target is of class [com.example.demo.controller.MaterialController]
2026-04-11 11:45:56.737 [http-nio-8080-exec-2] DEBUG o.s.s.a.m.AuthorizationManagerBeforeMethodInterceptor - Authorized method invocation ReflectiveMethodInvocation: public org.springframework.http.ResponseEntity com.example.demo.controller.MaterialController.getFolders(java.lang.Long); target is of class [com.example.demo.controller.MaterialController]
2026-04-11 11:45:56.737 [http-nio-8080-exec-7] DEBUG org.hibernate.SQL - 
    select
        mf1_0.id,
        mf1_0.course_id,
        mf1_0.created_at,
        mf1_0.name,
        mf1_0.parent_folder_id,
        mf1_0.tutor_id 
    from
        material_folder mf1_0 
    where
        mf1_0.tutor_id=?
2026-04-11 11:45:56.737 [http-nio-8080-exec-2] DEBUG org.hibernate.SQL - 
    select
        mf1_0.id,
        mf1_0.course_id,
        mf1_0.created_at,
        mf1_0.name,
        mf1_0.parent_folder_id,
        mf1_0.tutor_id 
    from
        material_folder mf1_0 
    where
        mf1_0.tutor_id=?
2026-04-11 11:45:56.737 [http-nio-8080-exec-4] DEBUG org.hibernate.SQL - 
    select
        mf1_0.id,
        mf1_0.course_id,
        mf1_0.created_at,
        mf1_0.name,
        mf1_0.parent_folder_id,
        mf1_0.tutor_id 
    from
        material_folder mf1_0 
    where
        mf1_0.tutor_id=?
2026-04-11 11:45:56.737 [http-nio-8080-exec-8] DEBUG o.s.w.s.m.m.a.HttpEntityMethodProcessor - Using 'application/json', given [application/json, text/plain, */*] and supported [application/json, application/*+json]
2026-04-11 11:45:56.737 [http-nio-8080-exec-8] DEBUG o.s.w.s.m.m.a.HttpEntityMethodProcessor - Writing [[]]
2026-04-11 11:45:56.738 [http-nio-8080-exec-2] DEBUG o.s.w.s.m.m.a.HttpEntityMethodProcessor - Using 'application/json', given [application/json, text/plain, */*] and supported [application/json, application/*+json]
2026-04-11 11:45:56.738 [http-nio-8080-exec-4] DEBUG o.s.w.s.m.m.a.HttpEntityMethodProcessor - Using 'application/json', given [application/json, text/plain, */*] and supported [application/json, application/*+json]
2026-04-11 11:45:56.738 [http-nio-8080-exec-7] DEBUG o.s.w.s.m.m.a.HttpEntityMethodProcessor - Using 'application/json', given [application/json, text/plain, */*] and supported [application/json, application/*+json]
2026-04-11 11:45:56.738 [http-nio-8080-exec-2] DEBUG o.s.w.s.m.m.a.HttpEntityMethodProcessor - Writing [[]]
2026-04-11 11:45:56.738 [http-nio-8080-exec-4] DEBUG o.s.w.s.m.m.a.HttpEntityMethodProcessor - Writing [[]]
2026-04-11 11:45:56.738 [http-nio-8080-exec-7] DEBUG o.s.w.s.m.m.a.HttpEntityMethodProcessor - Writing [[]]
2026-04-11 11:45:56.738 [http-nio-8080-exec-8] DEBUG o.s.web.servlet.DispatcherServlet - Completed 200 OK
2026-04-11 11:45:56.738 [http-nio-8080-exec-2] DEBUG o.s.web.servlet.DispatcherServlet - Completed 200 OK
2026-04-11 11:45:56.738 [http-nio-8080-exec-4] DEBUG o.s.web.servlet.DispatcherServlet - Completed 200 OK
2026-04-11 11:45:56.738 [http-nio-8080-exec-7] DEBUG o.s.web.servlet.DispatcherServlet - Completed 200 OK
2026-04-11 11:46:07.951 [http-nio-8080-exec-3] DEBUG o.s.security.web.FilterChainProxy - Securing GET /api/tutors/3/avatar
2026-04-11 11:46:07.953 [http-nio-8080-exec-5] DEBUG o.s.security.web.FilterChainProxy - Securing GET /api/variants
2026-04-11 11:46:07.953 [http-nio-8080-exec-10] DEBUG o.s.security.web.FilterChainProxy - Securing GET /api/integration/tasks/search
2026-04-11 11:46:07.954 [http-nio-8080-exec-1] DEBUG o.s.security.web.FilterChainProxy - Securing GET /api/stepik/status
2026-04-11 11:46:07.954 [http-nio-8080-exec-9] DEBUG o.s.security.web.FilterChainProxy - Securing GET /api/lesson-plans
2026-04-11 11:46:07.954 [http-nio-8080-exec-6] DEBUG o.s.security.web.FilterChainProxy - Securing GET /api/students/tutor/3
2026-04-11 11:46:07.955 [http-nio-8080-exec-4] DEBUG o.s.security.web.FilterChainProxy - Securing GET /api/courses/tutor/3
2026-04-11 11:46:07.961 [http-nio-8080-exec-8] DEBUG o.s.security.web.FilterChainProxy - Securing GET /api/integration/tasks/search
2026-04-11 11:46:07.961 [http-nio-8080-exec-2] DEBUG o.s.security.web.FilterChainProxy - Securing GET /api/variants
2026-04-11 11:46:07.962 [http-nio-8080-exec-3] DEBUG o.s.security.web.FilterChainProxy - Secured GET /api/tutors/3/avatar
2026-04-11 11:46:07.962 [http-nio-8080-exec-3] DEBUG o.s.web.servlet.DispatcherServlet - GET "/api/tutors/3/avatar", parameters={}
2026-04-11 11:46:07.962 [http-nio-8080-exec-3] DEBUG o.s.w.s.m.m.a.RequestMappingHandlerMapping - Mapped to com.example.demo.controller.TutorController#getAvatar(Long)
2026-04-11 11:46:07.970 [http-nio-8080-exec-3] DEBUG org.hibernate.SQL - 
    select
        t1_0.id,
        t1_0.about,
        t1_0.avatar,
        t1_0.birthday,
        t1_0.city,
        t1_0.created_at,
        t1_0.email,
        t1_0.full_name,
        t1_0.is_active,
        t1_0.password_hash,
        t1_0.phone,
        t1_0.role 
    from
        tutor t1_0 
    where
        t1_0.id=?
2026-04-11 11:46:07.970 [http-nio-8080-exec-10] DEBUG o.s.security.web.FilterChainProxy - Secured GET /api/integration/tasks/search
2026-04-11 11:46:07.970 [http-nio-8080-exec-10] DEBUG o.s.web.servlet.DispatcherServlet - GET "/api/integration/tasks/search", parameters={}
2026-04-11 11:46:07.970 [http-nio-8080-exec-5] DEBUG o.s.security.web.FilterChainProxy - Secured GET /api/variants
2026-04-11 11:46:07.970 [http-nio-8080-exec-5] DEBUG o.s.web.servlet.DispatcherServlet - GET "/api/variants", parameters={}
2026-04-11 11:46:07.970 [http-nio-8080-exec-10] DEBUG o.s.w.s.m.m.a.RequestMappingHandlerMapping - Mapped to com.example.demo.controller.IntegrationController#searchTasks(String, String, String, String)
2026-04-11 11:46:07.970 [http-nio-8080-exec-5] DEBUG o.s.w.s.m.m.a.RequestMappingHandlerMapping - Mapped to com.example.demo.controller.VariantController#getVariants(Long, String)
2026-04-11 11:46:07.970 [http-nio-8080-exec-1] DEBUG o.s.security.web.FilterChainProxy - Secured GET /api/stepik/status
2026-04-11 11:46:07.971 [http-nio-8080-exec-1] DEBUG o.s.web.servlet.DispatcherServlet - GET "/api/stepik/status", parameters={}
2026-04-11 11:46:07.971 [http-nio-8080-exec-1] DEBUG o.s.w.s.m.m.a.RequestMappingHandlerMapping - Mapped to com.example.demo.controller.StepikController#getStatus(Long)
2026-04-11 11:46:07.971 [http-nio-8080-exec-10] DEBUG o.s.s.a.m.AuthorizationManagerBeforeMethodInterceptor - Authorizing method invocation ReflectiveMethodInvocation: public org.springframework.http.ResponseEntity com.example.demo.controller.IntegrationController.searchTasks(java.lang.String,java.lang.String,java.lang.String,java.lang.String); target is of class [com.example.demo.controller.IntegrationController]
2026-04-11 11:46:07.971 [http-nio-8080-exec-1] DEBUG o.s.s.a.m.AuthorizationManagerBeforeMethodInterceptor - Authorizing method invocation ReflectiveMethodInvocation: public org.springframework.http.ResponseEntity com.example.demo.controller.StepikController.getStatus(java.lang.Long); target is of class [com.example.demo.controller.StepikController]
2026-04-11 11:46:07.971 [http-nio-8080-exec-9] DEBUG o.s.security.web.FilterChainProxy - Secured GET /api/lesson-plans
2026-04-11 11:46:07.971 [http-nio-8080-exec-5] DEBUG o.s.s.a.m.AuthorizationManagerBeforeMethodInterceptor - Authorizing method invocation ReflectiveMethodInvocation: public org.springframework.http.ResponseEntity com.example.demo.controller.VariantController.getVariants(java.lang.Long,java.lang.String); target is of class [com.example.demo.controller.VariantController]
2026-04-11 11:46:07.971 [http-nio-8080-exec-6] DEBUG o.s.security.web.FilterChainProxy - Secured GET /api/students/tutor/3
2026-04-11 11:46:07.971 [http-nio-8080-exec-9] DEBUG o.s.web.servlet.DispatcherServlet - GET "/api/lesson-plans", parameters={}
2026-04-11 11:46:07.971 [http-nio-8080-exec-6] DEBUG o.s.web.servlet.DispatcherServlet - GET "/api/students/tutor/3", parameters={}
2026-04-11 11:46:07.971 [http-nio-8080-exec-9] DEBUG o.s.w.s.m.m.a.RequestMappingHandlerMapping - Mapped to com.example.demo.controller.LessonPlanController#getLessonPlans(Long)
2026-04-11 11:46:07.971 [http-nio-8080-exec-10] DEBUG o.s.s.a.m.AuthorizationManagerBeforeMethodInterceptor - Authorized method invocation ReflectiveMethodInvocation: public org.springframework.http.ResponseEntity com.example.demo.controller.IntegrationController.searchTasks(java.lang.String,java.lang.String,java.lang.String,java.lang.String); target is of class [com.example.demo.controller.IntegrationController]
2026-04-11 11:46:07.971 [http-nio-8080-exec-1] DEBUG o.s.s.a.m.AuthorizationManagerBeforeMethodInterceptor - Authorized method invocation ReflectiveMethodInvocation: public org.springframework.http.ResponseEntity com.example.demo.controller.StepikController.getStatus(java.lang.Long); target is of class [com.example.demo.controller.StepikController]
2026-04-11 11:46:07.972 [http-nio-8080-exec-9] DEBUG o.s.s.a.m.AuthorizationManagerBeforeMethodInterceptor - Authorizing method invocation ReflectiveMethodInvocation: public org.springframework.http.ResponseEntity com.example.demo.controller.LessonPlanController.getLessonPlans(java.lang.Long); target is of class [com.example.demo.controller.LessonPlanController]
2026-04-11 11:46:07.972 [http-nio-8080-exec-6] DEBUG o.s.w.s.m.m.a.RequestMappingHandlerMapping - Mapped to com.example.demo.controller.StudentController#getStudentsByTutor(Long, Long, String)
2026-04-11 11:46:07.972 [http-nio-8080-exec-9] DEBUG o.s.s.a.m.AuthorizationManagerBeforeMethodInterceptor - Authorized method invocation ReflectiveMethodInvocation: public org.springframework.http.ResponseEntity com.example.demo.controller.LessonPlanController.getLessonPlans(java.lang.Long); target is of class [com.example.demo.controller.LessonPlanController]
2026-04-11 11:46:07.971 [http-nio-8080-exec-5] DEBUG o.s.s.a.m.AuthorizationManagerBeforeMethodInterceptor - Authorized method invocation ReflectiveMethodInvocation: public org.springframework.http.ResponseEntity com.example.demo.controller.VariantController.getVariants(java.lang.Long,java.lang.String); target is of class [com.example.demo.controller.VariantController]
2026-04-11 11:46:07.972 [http-nio-8080-exec-4] DEBUG o.s.security.web.FilterChainProxy - Secured GET /api/courses/tutor/3
2026-04-11 11:46:07.972 [http-nio-8080-exec-1] DEBUG org.hibernate.SQL - 
    select
        st1_0.id,
        st1_0.access_token,
        st1_0.created_at,
        st1_0.expires_at,
        st1_0.refresh_token,
        st1_0.stepik_user_id,
        st1_0.tutor_id,
        st1_0.updated_at 
    from
        stepik_token st1_0 
    where
        st1_0.tutor_id=?
2026-04-11 11:46:07.972 [http-nio-8080-exec-5] DEBUG org.hibernate.SQL - 
    select
        v1_0.id,
        v1_0.course_id,
        v1_0.created_at,
        v1_0.description,
        v1_0.exam_type,
        v1_0.subject,
        v1_0.title,
        v1_0.tutor_id,
        v1_0.url 
    from
        variant v1_0 
    where
        v1_0.tutor_id=?
2026-04-11 11:46:07.972 [http-nio-8080-exec-4] DEBUG o.s.web.servlet.DispatcherServlet - GET "/api/courses/tutor/3", parameters={}
2026-04-11 11:46:07.972 [http-nio-8080-exec-9] DEBUG org.hibernate.SQL - 
    select
        lp1_0.id,
        lp1_0.course_id,
        lp1_0.created_at,
        lp1_0.description,
        lp1_0.difficulty_level,
        lp1_0.duration_minutes,
        lp1_0.homework_template,
        lp1_0.is_template,
        lp1_0.learning_objectives,
        lp1_0.lesson_structure,
        lp1_0.materials_needed,
        lp1_0.tags,
        lp1_0.title,
        lp1_0.topic,
        lp1_0.tutor_id,
        lp1_0.updated_at,
        lp1_0.usage_count 
    from
        lesson_plan lp1_0 
    where
        lp1_0.tutor_id=?
2026-04-11 11:46:07.972 [http-nio-8080-exec-3] DEBUG o.s.w.s.m.m.a.ExceptionHandlerExceptionResolver - Using @ExceptionHandler com.example.demo.exception.GlobalExceptionHandler#handleRuntimeException(RuntimeException)
2026-04-11 11:46:07.972 [http-nio-8080-exec-4] DEBUG o.s.w.s.m.m.a.RequestMappingHandlerMapping - Mapped to com.example.demo.controller.CourseController#getCoursesByTutor(Long)
2026-04-11 11:46:07.973 [http-nio-8080-exec-8] DEBUG o.s.security.web.FilterChainProxy - Secured GET /api/integration/tasks/search
2026-04-11 11:46:07.973 [http-nio-8080-exec-8] DEBUG o.s.web.servlet.DispatcherServlet - GET "/api/integration/tasks/search", parameters={}
2026-04-11 11:46:07.972 [http-nio-8080-exec-6] DEBUG o.s.s.a.m.AuthorizationManagerBeforeMethodInterceptor - Authorizing method invocation ReflectiveMethodInvocation: public org.springframework.http.ResponseEntity com.example.demo.controller.StudentController.getStudentsByTutor(java.lang.Long,java.lang.Long,java.lang.String); target is of class [com.example.demo.controller.StudentController]
2026-04-11 11:46:07.972 [http-nio-8080-exec-3] ERROR c.e.d.e.GlobalExceptionHandler - Ошибка выполнения: null
java.lang.NullPointerException
	at java.base/java.util.Objects.requireNonNull(Objects.java:209)
	at java.base/java.util.ImmutableCollections$Map1.<init>(ImmutableCollections.java:1105)
	at java.base/java.util.Map.of(Map.java:1353)
	at com.example.demo.controller.TutorController.getAvatar(TutorController.java:93)
	at java.base/jdk.internal.reflect.NativeMethodAccessorImpl.invoke0(Native Method)
	at java.base/jdk.internal.reflect.NativeMethodAccessorImpl.invoke(NativeMethodAccessorImpl.java:77)
	at java.base/jdk.internal.reflect.DelegatingMethodAccessorImpl.invoke(DelegatingMethodAccessorImpl.java:43)
	at java.base/java.lang.reflect.Method.invoke(Method.java:569)
	at org.springframework.web.method.support.InvocableHandlerMethod.doInvoke(InvocableHandlerMethod.java:252)
	at org.springframework.web.method.support.InvocableHandlerMethod.invokeForRequest(InvocableHandlerMethod.java:184)
	at org.springframework.web.servlet.mvc.method.annotation.ServletInvocableHandlerMethod.invokeAndHandle(ServletInvocableHandlerMethod.java:117)
	at org.springframework.web.servlet.mvc.method.annotation.RequestMappingHandlerAdapter.invokeHandlerMethod(RequestMappingHandlerAdapter.java:934)
	at org.springframework.web.servlet.mvc.method.annotation.RequestMappingHandlerAdapter.handleInternal(RequestMappingHandlerAdapter.java:853)
	at org.springframework.web.servlet.mvc.method.AbstractHandlerMethodAdapter.handle(AbstractHandlerMethodAdapter.java:86)
	at org.springframework.web.servlet.DispatcherServlet.doDispatch(DispatcherServlet.java:963)
	at org.springframework.web.servlet.DispatcherServlet.doService(DispatcherServlet.java:866)
	at org.springframework.web.servlet.FrameworkServlet.processRequest(FrameworkServlet.java:1000)
	at org.springframework.web.servlet.FrameworkServlet.doGet(FrameworkServlet.java:892)
	at jakarta.servlet.http.HttpServlet.service(HttpServlet.java:622)
	at org.springframework.web.servlet.FrameworkServlet.service(FrameworkServlet.java:874)
	at jakarta.servlet.http.HttpServlet.service(HttpServlet.java:710)
	at org.apache.catalina.core.ApplicationFilterChain.doFilter(ApplicationFilterChain.java:128)
	at org.apache.tomcat.websocket.server.WsFilter.doFilter(WsFilter.java:53)
	at org.apache.catalina.core.ApplicationFilterChain.doFilter(ApplicationFilterChain.java:107)
	at org.springframework.web.filter.OncePerRequestFilter.doFilter(OncePerRequestFilter.java:110)
	at org.apache.catalina.core.ApplicationFilterChain.doFilter(ApplicationFilterChain.java:107)
	at org.springframework.web.filter.CompositeFilter$VirtualFilterChain.doFilter(CompositeFilter.java:108)
	at org.springframework.security.web.FilterChainProxy.lambda$doFilterInternal$3(FilterChainProxy.java:235)
	at org.springframework.security.web.FilterChainProxy$VirtualFilterChain.doFilter(FilterChainProxy.java:371)
	at org.springframework.security.web.access.intercept.AuthorizationFilter.doFilter(AuthorizationFilter.java:101)
	at org.springframework.security.web.FilterChainProxy$VirtualFilterChain.doFilter(FilterChainProxy.java:380)
	at org.springframework.security.web.access.ExceptionTranslationFilter.doFilter(ExceptionTranslationFilter.java:126)
	at org.springframework.security.web.access.ExceptionTranslationFilter.doFilter(ExceptionTranslationFilter.java:120)
	at org.springframework.security.web.FilterChainProxy$VirtualFilterChain.doFilter(FilterChainProxy.java:380)
	at org.springframework.security.web.session.SessionManagementFilter.doFilter(SessionManagementFilter.java:132)
	at org.springframework.security.web.session.SessionManagementFilter.doFilter(SessionManagementFilter.java:86)
	at org.springframework.security.web.FilterChainProxy$VirtualFilterChain.doFilter(FilterChainProxy.java:380)
	at org.springframework.security.web.authentication.AnonymousAuthenticationFilter.doFilter(AnonymousAuthenticationFilter.java:100)
	at org.springframework.security.web.FilterChainProxy$VirtualFilterChain.doFilter(FilterChainProxy.java:380)
	at org.springframework.security.web.servletapi.SecurityContextHolderAwareRequestFilter.doFilter(SecurityContextHolderAwareRequestFilter.java:181)
	at org.springframework.security.web.FilterChainProxy$VirtualFilterChain.doFilter(FilterChainProxy.java:380)
	at org.springframework.security.web.savedrequest.RequestCacheAwareFilter.doFilter(RequestCacheAwareFilter.java:63)
	at org.springframework.security.web.FilterChainProxy$VirtualFilterChain.doFilter(FilterChainProxy.java:380)
	at com.example.demo.config.AuthTokenFilter.doFilterInternal(AuthTokenFilter.java:59)
	at org.springframework.web.filter.OncePerRequestFilter.doFilter(OncePerRequestFilter.java:116)
	at org.springframework.security.web.FilterChainProxy$VirtualFilterChain.doFilter(FilterChainProxy.java:380)
	at org.springframework.security.web.authentication.logout.LogoutFilter.doFilter(LogoutFilter.java:110)
	at org.springframework.security.web.authentication.logout.LogoutFilter.doFilter(LogoutFilter.java:96)
	at org.springframework.security.web.FilterChainProxy$VirtualFilterChain.doFilter(FilterChainProxy.java:380)
	at org.springframework.web.filter.CorsFilter.doFilterInternal(CorsFilter.java:91)
	at org.springframework.web.filter.OncePerRequestFilter.doFilter(OncePerRequestFilter.java:116)
	at org.springframework.security.web.FilterChainProxy$VirtualFilterChain.doFilter(FilterChainProxy.java:380)
	at org.springframework.security.web.header.HeaderWriterFilter.doHeadersAfter(HeaderWriterFilter.java:90)
	at org.springframework.security.web.header.HeaderWriterFilter.doFilterInternal(HeaderWriterFilter.java:75)
	at org.springframework.web.filter.OncePerRequestFilter.doFilter(OncePerRequestFilter.java:116)
	at org.springframework.security.web.FilterChainProxy$VirtualFilterChain.doFilter(FilterChainProxy.java:380)
	at org.springframework.security.web.context.SecurityContextHolderFilter.doFilter(SecurityContextHolderFilter.java:82)
	at org.springframework.security.web.context.SecurityContextHolderFilter.doFilter(SecurityContextHolderFilter.java:69)
	at org.springframework.security.web.FilterChainProxy$VirtualFilterChain.doFilter(FilterChainProxy.java:380)
	at org.springframework.security.web.context.request.async.WebAsyncManagerIntegrationFilter.doFilterInternal(WebAsyncManagerIntegrationFilter.java:62)
	at org.springframework.web.filter.OncePerRequestFilter.doFilter(OncePerRequestFilter.java:116)
	at org.springframework.security.web.FilterChainProxy$VirtualFilterChain.doFilter(FilterChainProxy.java:380)
	at org.springframework.security.web.session.DisableEncodeUrlFilter.doFilterInternal(DisableEncodeUrlFilter.java:42)
	at org.springframework.web.filter.OncePerRequestFilter.doFilter(OncePerRequestFilter.java:116)
	at org.springframework.security.web.FilterChainProxy$VirtualFilterChain.doFilter(FilterChainProxy.java:380)
	at org.springframework.security.web.FilterChainProxy.doFilterInternal(FilterChainProxy.java:237)
	at org.springframework.security.web.FilterChainProxy.doFilter(FilterChainProxy.java:195)
	at org.springframework.web.filter.CompositeFilter$VirtualFilterChain.doFilter(CompositeFilter.java:113)
	at org.springframework.web.filter.ServletRequestPathFilter.doFilter(ServletRequestPathFilter.java:52)
	at org.springframework.web.filter.CompositeFilter$VirtualFilterChain.doFilter(CompositeFilter.java:113)
	at org.springframework.web.filter.CompositeFilter.doFilter(CompositeFilter.java:74)
	at org.springframework.security.config.annotation.web.configuration.WebSecurityConfiguration$CompositeFilterChainProxy.doFilter(WebSecurityConfiguration.java:317)
	at org.springframework.web.filter.DelegatingFilterProxy.invokeDelegate(DelegatingFilterProxy.java:355)
	at org.springframework.web.filter.DelegatingFilterProxy.doFilter(DelegatingFilterProxy.java:272)
	at org.apache.catalina.core.ApplicationFilterChain.doFilter(ApplicationFilterChain.java:107)
	at org.springframework.web.filter.RequestContextFilter.doFilterInternal(RequestContextFilter.java:100)
	at org.springframework.web.filter.OncePerRequestFilter.doFilter(OncePerRequestFilter.java:116)
	at org.apache.catalina.core.ApplicationFilterChain.doFilter(ApplicationFilterChain.java:107)
	at org.springframework.web.filter.FormContentFilter.doFilterInternal(FormContentFilter.java:93)
	at org.springframework.web.filter.OncePerRequestFilter.doFilter(OncePerRequestFilter.java:116)
	at org.apache.catalina.core.ApplicationFilterChain.doFilter(ApplicationFilterChain.java:107)
	at org.springframework.web.filter.CharacterEncodingFilter.doFilterInternal(CharacterEncodingFilter.java:199)
	at org.springframework.web.filter.OncePerRequestFilter.doFilter(OncePerRequestFilter.java:116)
	at org.apache.catalina.core.ApplicationFilterChain.doFilter(ApplicationFilterChain.java:107)
	at org.apache.catalina.core.StandardWrapperValve.invoke(StandardWrapperValve.java:165)
	at org.apache.catalina.core.StandardContextValve.invoke(StandardContextValve.java:77)
	at org.apache.catalina.authenticator.AuthenticatorBase.invoke(AuthenticatorBase.java:492)
	at org.apache.catalina.core.StandardHostValve.invoke(StandardHostValve.java:113)
	at org.apache.catalina.valves.ErrorReportValve.invoke(ErrorReportValve.java:83)
	at org.apache.catalina.core.StandardEngineValve.invoke(StandardEngineValve.java:72)
	at org.apache.catalina.connector.CoyoteAdapter.service(CoyoteAdapter.java:341)
	at org.apache.coyote.http11.Http11Processor.service(Http11Processor.java:397)
	at org.apache.coyote.AbstractProcessorLight.process(AbstractProcessorLight.java:63)
	at org.apache.coyote.AbstractProtocol$ConnectionHandler.process(AbstractProtocol.java:903)
	at org.apache.tomcat.util.net.NioEndpoint$SocketProcessor.doRun(NioEndpoint.java:1779)
	at org.apache.tomcat.util.net.SocketProcessorBase.run(SocketProcessorBase.java:52)
	at org.apache.tomcat.util.threads.ThreadPoolExecutor.runWorker(ThreadPoolExecutor.java:946)
	at org.apache.tomcat.util.threads.ThreadPoolExecutor$Worker.run(ThreadPoolExecutor.java:480)
	at org.apache.tomcat.util.threads.TaskThread$WrappingRunnable.run(TaskThread.java:57)
	at java.base/java.lang.Thread.run(Thread.java:840)
2026-04-11 11:46:07.973 [http-nio-8080-exec-8] DEBUG o.s.w.s.m.m.a.RequestMappingHandlerMapping - Mapped to com.example.demo.controller.IntegrationController#searchTasks(String, String, String, String)
2026-04-11 11:46:07.973 [http-nio-8080-exec-6] DEBUG o.s.s.a.m.AuthorizationManagerBeforeMethodInterceptor - Authorized method invocation ReflectiveMethodInvocation: public org.springframework.http.ResponseEntity com.example.demo.controller.StudentController.getStudentsByTutor(java.lang.Long,java.lang.Long,java.lang.String); target is of class [com.example.demo.controller.StudentController]
2026-04-11 11:46:07.973 [http-nio-8080-exec-4] DEBUG org.hibernate.SQL - 
    select
        c1_0.id,
        c1_0.color,
        c1_0.created_at,
        c1_0.description,
        c1_0.name,
        c1_0.tutor_id 
    from
        course c1_0 
    where
        c1_0.tutor_id=?
2026-04-11 11:46:07.972 [http-nio-8080-exec-2] DEBUG o.s.security.web.FilterChainProxy - Secured GET /api/variants
2026-04-11 11:46:07.973 [http-nio-8080-exec-3] DEBUG o.s.w.s.m.m.a.HttpEntityMethodProcessor - Using 'application/json', given [application/json, text/plain, */*] and supported [application/json, application/*+json]
2026-04-11 11:46:07.973 [http-nio-8080-exec-3] DEBUG o.s.w.s.m.m.a.HttpEntityMethodProcessor - Writing [{error=Внутренняя ошибка сервера}]
2026-04-11 11:46:07.973 [http-nio-8080-exec-9] DEBUG o.s.w.s.m.m.a.HttpEntityMethodProcessor - Using 'application/json', given [application/json, text/plain, */*] and supported [application/json, application/*+json]
2026-04-11 11:46:07.973 [http-nio-8080-exec-9] DEBUG o.s.w.s.m.m.a.HttpEntityMethodProcessor - Writing [[]]
2026-04-11 11:46:07.973 [http-nio-8080-exec-10] DEBUG org.hibernate.SQL - 
    select
        tb1_0.id,
        tb1_0.answer,
        tb1_0.created_at,
        tb1_0.difficulty,
        tb1_0.exam_type,
        tb1_0.explanation,
        tb1_0.external_id,
        tb1_0.grade_level,
        tb1_0.is_public,
        tb1_0.max_score,
        tb1_0.question,
        tb1_0.rating,
        tb1_0.rating_count,
        tb1_0.source,
        tb1_0.subject,
        tb1_0.subtopic,
        tb1_0.tags,
        tb1_0.task_number,
        tb1_0.topic,
        tb1_0.tutor_id,
        tb1_0.type,
        tb1_0.updated_at 
    from
        task_bank tb1_0 
    where
        lower(tb1_0.question) like lower(('%'||?||'%')) escape '' 
        or lower(tb1_0.topic) like lower(('%'||?||'%')) escape '' 
        or lower(tb1_0.tags) like lower(('%'||?||'%')) escape ''
2026-04-11 11:46:07.974 [http-nio-8080-exec-8] DEBUG o.s.s.a.m.AuthorizationManagerBeforeMethodInterceptor - Authorizing method invocation ReflectiveMethodInvocation: public org.springframework.http.ResponseEntity com.example.demo.controller.IntegrationController.searchTasks(java.lang.String,java.lang.String,java.lang.String,java.lang.String); target is of class [com.example.demo.controller.IntegrationController]
2026-04-11 11:46:07.973 [http-nio-8080-exec-2] DEBUG o.s.web.servlet.DispatcherServlet - GET "/api/variants", parameters={}
2026-04-11 11:46:07.974 [http-nio-8080-exec-8] DEBUG o.s.s.a.m.AuthorizationManagerBeforeMethodInterceptor - Authorized method invocation ReflectiveMethodInvocation: public org.springframework.http.ResponseEntity com.example.demo.controller.IntegrationController.searchTasks(java.lang.String,java.lang.String,java.lang.String,java.lang.String); target is of class [com.example.demo.controller.IntegrationController]
2026-04-11 11:46:07.974 [http-nio-8080-exec-2] DEBUG o.s.w.s.m.m.a.RequestMappingHandlerMapping - Mapped to com.example.demo.controller.VariantController#getVariants(Long, String)
2026-04-11 11:46:07.974 [http-nio-8080-exec-3] DEBUG o.s.w.s.m.m.a.ExceptionHandlerExceptionResolver - Resolved [java.lang.NullPointerException]
2026-04-11 11:46:07.974 [http-nio-8080-exec-4] DEBUG o.s.w.s.m.m.a.HttpEntityMethodProcessor - Using 'application/json', given [application/json, text/plain, */*] and supported [application/json, application/*+json]
2026-04-11 11:46:07.974 [http-nio-8080-exec-9] DEBUG o.s.web.servlet.DispatcherServlet - Completed 200 OK
2026-04-11 11:46:07.974 [http-nio-8080-exec-3] DEBUG o.s.web.servlet.DispatcherServlet - Completed 500 INTERNAL_SERVER_ERROR
2026-04-11 11:46:07.974 [http-nio-8080-exec-2] DEBUG o.s.s.a.m.AuthorizationManagerBeforeMethodInterceptor - Authorizing method invocation ReflectiveMethodInvocation: public org.springframework.http.ResponseEntity com.example.demo.controller.VariantController.getVariants(java.lang.Long,java.lang.String); target is of class [com.example.demo.controller.VariantController]
2026-04-11 11:46:07.974 [http-nio-8080-exec-4] DEBUG o.s.w.s.m.m.a.HttpEntityMethodProcessor - Writing [[]]
2026-04-11 11:46:07.974 [http-nio-8080-exec-2] DEBUG o.s.s.a.m.AuthorizationManagerBeforeMethodInterceptor - Authorized method invocation ReflectiveMethodInvocation: public org.springframework.http.ResponseEntity com.example.demo.controller.VariantController.getVariants(java.lang.Long,java.lang.String); target is of class [com.example.demo.controller.VariantController]
2026-04-11 11:46:07.975 [http-nio-8080-exec-5] DEBUG o.s.w.s.m.m.a.HttpEntityMethodProcessor - Using 'application/json', given [application/json, text/plain, */*] and supported [application/json, application/*+json]
2026-04-11 11:46:07.975 [http-nio-8080-exec-4] DEBUG o.s.web.servlet.DispatcherServlet - Completed 200 OK
2026-04-11 11:46:07.975 [http-nio-8080-exec-5] DEBUG o.s.w.s.m.m.a.HttpEntityMethodProcessor - Writing [[]]
2026-04-11 11:46:07.975 [http-nio-8080-exec-2] DEBUG org.hibernate.SQL - 
    select
        v1_0.id,
        v1_0.course_id,
        v1_0.created_at,
        v1_0.description,
        v1_0.exam_type,
        v1_0.subject,
        v1_0.title,
        v1_0.tutor_id,
        v1_0.url 
    from
        variant v1_0 
    where
        v1_0.tutor_id=?
2026-04-11 11:46:07.976 [http-nio-8080-exec-5] DEBUG o.s.web.servlet.DispatcherServlet - Completed 200 OK
2026-04-11 11:46:07.976 [http-nio-8080-exec-8] DEBUG org.hibernate.SQL - 
    select
        tb1_0.id,
        tb1_0.answer,
        tb1_0.created_at,
        tb1_0.difficulty,
        tb1_0.exam_type,
        tb1_0.explanation,
        tb1_0.external_id,
        tb1_0.grade_level,
        tb1_0.is_public,
        tb1_0.max_score,
        tb1_0.question,
        tb1_0.rating,
        tb1_0.rating_count,
        tb1_0.source,
        tb1_0.subject,
        tb1_0.subtopic,
        tb1_0.tags,
        tb1_0.task_number,
        tb1_0.topic,
        tb1_0.tutor_id,
        tb1_0.type,
        tb1_0.updated_at 
    from
        task_bank tb1_0 
    where
        lower(tb1_0.question) like lower(('%'||?||'%')) escape '' 
        or lower(tb1_0.topic) like lower(('%'||?||'%')) escape '' 
        or lower(tb1_0.tags) like lower(('%'||?||'%')) escape ''
2026-04-11 11:46:07.976 [http-nio-8080-exec-4] DEBUG o.s.security.web.FilterChainProxy - Securing GET /api/stepik/status
2026-04-11 11:46:07.976 [http-nio-8080-exec-5] DEBUG o.s.security.web.FilterChainProxy - Securing GET /api/courses/tutor/3
2026-04-11 11:46:07.977 [http-nio-8080-exec-1] DEBUG o.s.w.s.m.m.a.HttpEntityMethodProcessor - Using 'application/json', given [application/json, text/plain, */*] and supported [application/json, application/*+json]
2026-04-11 11:46:07.977 [http-nio-8080-exec-1] DEBUG o.s.w.s.m.m.a.HttpEntityMethodProcessor - Writing [{connected=false}]
2026-04-11 11:46:07.977 [http-nio-8080-exec-8] DEBUG org.hibernate.SQL - 
    select
        t1_0.id,
        t1_0.about,
        t1_0.avatar,
        t1_0.birthday,
        t1_0.city,
        t1_0.created_at,
        t1_0.email,
        t1_0.full_name,
        t1_0.is_active,
        t1_0.password_hash,
        t1_0.phone,
        t1_0.role 
    from
        tutor t1_0 
    where
        t1_0.id=?
2026-04-11 11:46:07.977 [http-nio-8080-exec-9] DEBUG o.s.security.web.FilterChainProxy - Securing GET /api/students/tutor/3
2026-04-11 11:46:07.978 [http-nio-8080-exec-2] DEBUG o.s.w.s.m.m.a.HttpEntityMethodProcessor - Using 'application/json', given [application/json, text/plain, */*] and supported [application/json, application/*+json]
2026-04-11 11:46:07.978 [http-nio-8080-exec-1] DEBUG o.s.web.servlet.DispatcherServlet - Completed 200 OK
2026-04-11 11:46:07.978 [http-nio-8080-exec-2] DEBUG o.s.w.s.m.m.a.HttpEntityMethodProcessor - Writing [[]]
2026-04-11 11:46:07.978 [http-nio-8080-exec-10] DEBUG org.hibernate.SQL - 
    select
        t1_0.id,
        t1_0.about,
        t1_0.avatar,
        t1_0.birthday,
        t1_0.city,
        t1_0.created_at,
        t1_0.email,
        t1_0.full_name,
        t1_0.is_active,
        t1_0.password_hash,
        t1_0.phone,
        t1_0.role 
    from
        tutor t1_0 
    where
        t1_0.id=?
2026-04-11 11:46:07.979 [http-nio-8080-exec-2] DEBUG o.s.web.servlet.DispatcherServlet - Completed 200 OK
2026-04-11 11:46:07.979 [http-nio-8080-exec-8] DEBUG o.s.w.s.m.m.a.HttpEntityMethodProcessor - Using 'application/json', given [application/json, text/plain, */*] and supported [application/json, application/*+json]
2026-04-11 11:46:07.979 [http-nio-8080-exec-8] DEBUG o.s.w.s.m.m.a.HttpEntityMethodProcessor - Writing [[com.example.demo.entity.TaskBank@2a73ed2]]
2026-04-11 11:46:07.979 [http-nio-8080-exec-7] DEBUG o.s.security.web.FilterChainProxy - Securing GET /api/lesson-plans
2026-04-11 11:46:07.980 [http-nio-8080-exec-6] DEBUG org.hibernate.SQL - 
    select
        s1_0.id,
        s1_0.birthday,
        s1_0.created_at,
        s1_0.email,
        s1_0.full_name,
        s1_0.parent_id,
        s1_0.parent_name,
        s1_0.parent_phone,
        s1_0.password_hash,
        s1_0.payment_type,
        s1_0.phone,
        s1_0.role 
    from
        student s1_0
2026-04-11 11:46:07.980 [http-nio-8080-exec-8] DEBUG o.s.web.servlet.DispatcherServlet - Completed 200 OK
2026-04-11 11:46:07.981 [http-nio-8080-exec-5] DEBUG o.s.security.web.FilterChainProxy - Secured GET /api/courses/tutor/3
2026-04-11 11:46:07.981 [http-nio-8080-exec-5] DEBUG o.s.web.servlet.DispatcherServlet - GET "/api/courses/tutor/3", parameters={}
2026-04-11 11:46:07.981 [http-nio-8080-exec-10] DEBUG o.s.w.s.m.m.a.HttpEntityMethodProcessor - Using 'application/json', given [application/json, text/plain, */*] and supported [application/json, application/*+json]
2026-04-11 11:46:07.981 [http-nio-8080-exec-10] DEBUG o.s.w.s.m.m.a.HttpEntityMethodProcessor - Writing [[com.example.demo.entity.TaskBank@1cc7acfa]]
2026-04-11 11:46:07.981 [http-nio-8080-exec-4] DEBUG o.s.security.web.FilterChainProxy - Secured GET /api/stepik/status
2026-04-11 11:46:07.981 [http-nio-8080-exec-4] DEBUG o.s.web.servlet.DispatcherServlet - GET "/api/stepik/status", parameters={}
2026-04-11 11:46:07.981 [http-nio-8080-exec-4] DEBUG o.s.w.s.m.m.a.RequestMappingHandlerMapping - Mapped to com.example.demo.controller.StepikController#getStatus(Long)
2026-04-11 11:46:07.981 [http-nio-8080-exec-5] DEBUG o.s.w.s.m.m.a.RequestMappingHandlerMapping - Mapped to com.example.demo.controller.CourseController#getCoursesByTutor(Long)
2026-04-11 11:46:07.981 [http-nio-8080-exec-6] DEBUG org.hibernate.SQL - 
    select
        p1_0.id,
        p1_0.created_at,
        p1_0.email,
        p1_0.full_name,
        p1_0.password_hash,
        p1_0.phone,
        p1_0.role 
    from
        parent p1_0 
    where
        p1_0.id=?
2026-04-11 11:46:07.981 [http-nio-8080-exec-9] DEBUG o.s.security.web.FilterChainProxy - Secured GET /api/students/tutor/3
2026-04-11 11:46:07.981 [http-nio-8080-exec-9] DEBUG o.s.web.servlet.DispatcherServlet - GET "/api/students/tutor/3", parameters={}
2026-04-11 11:46:07.982 [http-nio-8080-exec-4] DEBUG o.s.s.a.m.AuthorizationManagerBeforeMethodInterceptor - Authorizing method invocation ReflectiveMethodInvocation: public org.springframework.http.ResponseEntity com.example.demo.controller.StepikController.getStatus(java.lang.Long); target is of class [com.example.demo.controller.StepikController]
2026-04-11 11:46:07.982 [http-nio-8080-exec-9] DEBUG o.s.w.s.m.m.a.RequestMappingHandlerMapping - Mapped to com.example.demo.controller.StudentController#getStudentsByTutor(Long, Long, String)
2026-04-11 11:46:07.982 [http-nio-8080-exec-10] DEBUG o.s.web.servlet.DispatcherServlet - Completed 200 OK
2026-04-11 11:46:07.982 [http-nio-8080-exec-4] DEBUG o.s.s.a.m.AuthorizationManagerBeforeMethodInterceptor - Authorized method invocation ReflectiveMethodInvocation: public org.springframework.http.ResponseEntity com.example.demo.controller.StepikController.getStatus(java.lang.Long); target is of class [com.example.demo.controller.StepikController]
2026-04-11 11:46:07.982 [http-nio-8080-exec-9] DEBUG o.s.s.a.m.AuthorizationManagerBeforeMethodInterceptor - Authorizing method invocation ReflectiveMethodInvocation: public org.springframework.http.ResponseEntity com.example.demo.controller.StudentController.getStudentsByTutor(java.lang.Long,java.lang.Long,java.lang.String); target is of class [com.example.demo.controller.StudentController]
2026-04-11 11:46:07.982 [http-nio-8080-exec-9] DEBUG o.s.s.a.m.AuthorizationManagerBeforeMethodInterceptor - Authorized method invocation ReflectiveMethodInvocation: public org.springframework.http.ResponseEntity com.example.demo.controller.StudentController.getStudentsByTutor(java.lang.Long,java.lang.Long,java.lang.String); target is of class [com.example.demo.controller.StudentController]
2026-04-11 11:46:07.982 [http-nio-8080-exec-5] DEBUG org.hibernate.SQL - 
    select
        c1_0.id,
        c1_0.color,
        c1_0.created_at,
        c1_0.description,
        c1_0.name,
        c1_0.tutor_id 
    from
        course c1_0 
    where
        c1_0.tutor_id=?
2026-04-11 11:46:07.982 [http-nio-8080-exec-4] DEBUG org.hibernate.SQL - 
    select
        st1_0.id,
        st1_0.access_token,
        st1_0.created_at,
        st1_0.expires_at,
        st1_0.refresh_token,
        st1_0.stepik_user_id,
        st1_0.tutor_id,
        st1_0.updated_at 
    from
        stepik_token st1_0 
    where
        st1_0.tutor_id=?
2026-04-11 11:46:07.983 [http-nio-8080-exec-6] DEBUG org.hibernate.SQL - 
    select
        t1_0.student_id,
        t1_1.id,
        t1_1.about,
        t1_1.avatar,
        t1_1.birthday,
        t1_1.city,
        t1_1.created_at,
        t1_1.email,
        t1_1.full_name,
        t1_1.is_active,
        t1_1.password_hash,
        t1_1.phone,
        t1_1.role 
    from
        student_tutor t1_0 
    join
        tutor t1_1 
            on t1_1.id=t1_0.tutor_id 
    where
        t1_0.student_id=?
2026-04-11 11:46:07.984 [http-nio-8080-exec-9] DEBUG org.hibernate.SQL - 
    select
        s1_0.id,
        s1_0.birthday,
        s1_0.created_at,
        s1_0.email,
        s1_0.full_name,
        s1_0.parent_id,
        s1_0.parent_name,
        s1_0.parent_phone,
        s1_0.password_hash,
        s1_0.payment_type,
        s1_0.phone,
        s1_0.role 
    from
        student s1_0
2026-04-11 11:46:07.984 [http-nio-8080-exec-7] DEBUG o.s.security.web.FilterChainProxy - Secured GET /api/lesson-plans
2026-04-11 11:46:07.985 [http-nio-8080-exec-7] DEBUG o.s.web.servlet.DispatcherServlet - GET "/api/lesson-plans", parameters={}
2026-04-11 11:46:07.985 [http-nio-8080-exec-7] DEBUG o.s.w.s.m.m.a.RequestMappingHandlerMapping - Mapped to com.example.demo.controller.LessonPlanController#getLessonPlans(Long)
2026-04-11 11:46:07.986 [http-nio-8080-exec-9] DEBUG org.hibernate.SQL - 
    select
        p1_0.id,
        p1_0.created_at,
        p1_0.email,
        p1_0.full_name,
        p1_0.password_hash,
        p1_0.phone,
        p1_0.role 
    from
        parent p1_0 
    where
        p1_0.id=?
2026-04-11 11:46:07.986 [http-nio-8080-exec-7] DEBUG o.s.s.a.m.AuthorizationManagerBeforeMethodInterceptor - Authorizing method invocation ReflectiveMethodInvocation: public org.springframework.http.ResponseEntity com.example.demo.controller.LessonPlanController.getLessonPlans(java.lang.Long); target is of class [com.example.demo.controller.LessonPlanController]
2026-04-11 11:46:07.986 [http-nio-8080-exec-4] DEBUG o.s.w.s.m.m.a.HttpEntityMethodProcessor - Using 'application/json', given [application/json, text/plain, */*] and supported [application/json, application/*+json]
2026-04-11 11:46:07.986 [http-nio-8080-exec-5] DEBUG o.s.w.s.m.m.a.HttpEntityMethodProcessor - Using 'application/json', given [application/json, text/plain, */*] and supported [application/json, application/*+json]
2026-04-11 11:46:07.986 [http-nio-8080-exec-6] DEBUG org.hibernate.SQL - 
    select
        r1_0.student_id,
        r1_0.id,
        r1_0.rate_per_lesson,
        r1_0.tutor_id,
        t1_0.id,
        t1_0.about,
        t1_0.avatar,
        t1_0.birthday,
        t1_0.city,
        t1_0.created_at,
        t1_0.email,
        t1_0.full_name,
        t1_0.is_active,
        t1_0.password_hash,
        t1_0.phone,
        t1_0.role 
    from
        student_rate r1_0 
    left join
        tutor t1_0 
            on t1_0.id=r1_0.tutor_id 
    where
        r1_0.student_id=?
2026-04-11 11:46:07.986 [http-nio-8080-exec-5] DEBUG o.s.w.s.m.m.a.HttpEntityMethodProcessor - Writing [[]]
2026-04-11 11:46:07.986 [http-nio-8080-exec-4] DEBUG o.s.w.s.m.m.a.HttpEntityMethodProcessor - Writing [{connected=false}]
2026-04-11 11:46:07.987 [http-nio-8080-exec-7] DEBUG o.s.s.a.m.AuthorizationManagerBeforeMethodInterceptor - Authorized method invocation ReflectiveMethodInvocation: public org.springframework.http.ResponseEntity com.example.demo.controller.LessonPlanController.getLessonPlans(java.lang.Long); target is of class [com.example.demo.controller.LessonPlanController]
2026-04-11 11:46:07.987 [http-nio-8080-exec-5] DEBUG o.s.web.servlet.DispatcherServlet - Completed 200 OK
2026-04-11 11:46:07.987 [http-nio-8080-exec-4] DEBUG o.s.web.servlet.DispatcherServlet - Completed 200 OK
2026-04-11 11:46:07.987 [http-nio-8080-exec-9] DEBUG org.hibernate.SQL - 
    select
        t1_0.student_id,
        t1_1.id,
        t1_1.about,
        t1_1.avatar,
        t1_1.birthday,
        t1_1.city,
        t1_1.created_at,
        t1_1.email,
        t1_1.full_name,
        t1_1.is_active,
        t1_1.password_hash,
        t1_1.phone,
        t1_1.role 
    from
        student_tutor t1_0 
    join
        tutor t1_1 
            on t1_1.id=t1_0.tutor_id 
    where
        t1_0.student_id=?
2026-04-11 11:46:07.987 [http-nio-8080-exec-7] DEBUG org.hibernate.SQL - 
    select
        lp1_0.id,
        lp1_0.course_id,
        lp1_0.created_at,
        lp1_0.description,
        lp1_0.difficulty_level,
        lp1_0.duration_minutes,
        lp1_0.homework_template,
        lp1_0.is_template,
        lp1_0.learning_objectives,
        lp1_0.lesson_structure,
        lp1_0.materials_needed,
        lp1_0.tags,
        lp1_0.title,
        lp1_0.topic,
        lp1_0.tutor_id,
        lp1_0.updated_at,
        lp1_0.usage_count 
    from
        lesson_plan lp1_0 
    where
        lp1_0.tutor_id=?
2026-04-11 11:46:07.988 [http-nio-8080-exec-6] DEBUG o.s.w.s.m.m.a.HttpEntityMethodProcessor - Using 'application/json', given [application/json, text/plain, */*] and supported [application/json, application/*+json]
2026-04-11 11:46:07.988 [http-nio-8080-exec-6] DEBUG o.s.w.s.m.m.a.HttpEntityMethodProcessor - Writing [[com.example.demo.entity.Student@4dd5dad1]]
2026-04-11 11:46:07.989 [http-nio-8080-exec-9] DEBUG org.hibernate.SQL - 
    select
        r1_0.student_id,
        r1_0.id,
        r1_0.rate_per_lesson,
        r1_0.tutor_id,
        t1_0.id,
        t1_0.about,
        t1_0.avatar,
        t1_0.birthday,
        t1_0.city,
        t1_0.created_at,
        t1_0.email,
        t1_0.full_name,
        t1_0.is_active,
        t1_0.password_hash,
        t1_0.phone,
        t1_0.role 
    from
        student_rate r1_0 
    left join
        tutor t1_0 
            on t1_0.id=r1_0.tutor_id 
    where
        r1_0.student_id=?
2026-04-11 11:46:07.989 [http-nio-8080-exec-6] DEBUG o.s.web.servlet.DispatcherServlet - Completed 200 OK
2026-04-11 11:46:07.990 [http-nio-8080-exec-7] DEBUG o.s.w.s.m.m.a.HttpEntityMethodProcessor - Using 'application/json', given [application/json, text/plain, */*] and supported [application/json, application/*+json]
2026-04-11 11:46:07.990 [http-nio-8080-exec-7] DEBUG o.s.w.s.m.m.a.HttpEntityMethodProcessor - Writing [[]]
2026-04-11 11:46:07.990 [http-nio-8080-exec-9] DEBUG o.s.w.s.m.m.a.HttpEntityMethodProcessor - Using 'application/json', given [application/json, text/plain, */*] and supported [application/json, application/*+json]
2026-04-11 11:46:07.990 [http-nio-8080-exec-9] DEBUG o.s.w.s.m.m.a.HttpEntityMethodProcessor - Writing [[com.example.demo.entity.Student@252af5ec]]
2026-04-11 11:46:07.991 [http-nio-8080-exec-7] DEBUG o.s.web.servlet.DispatcherServlet - Completed 200 OK
2026-04-11 11:46:07.991 [http-nio-8080-exec-9] DEBUG o.s.web.servlet.DispatcherServlet - Completed 200 OK
2026-04-11 11:46:08.905 [http-nio-8080-exec-3] DEBUG o.s.security.web.FilterChainProxy - Securing GET /api/tutors/3/avatar
2026-04-11 11:46:08.906 [http-nio-8080-exec-1] DEBUG o.s.security.web.FilterChainProxy - Securing GET /api/students/tutor/3
2026-04-11 11:46:08.907 [http-nio-8080-exec-2] DEBUG o.s.security.web.FilterChainProxy - Securing GET /api/courses/tutor/3
2026-04-11 11:46:08.908 [http-nio-8080-exec-8] DEBUG o.s.security.web.FilterChainProxy - Securing GET /api/students/tutor/3
2026-04-11 11:46:08.908 [http-nio-8080-exec-10] DEBUG o.s.security.web.FilterChainProxy - Securing GET /api/courses/tutor/3
2026-04-11 11:46:08.910 [http-nio-8080-exec-3] DEBUG o.s.security.web.FilterChainProxy - Secured GET /api/tutors/3/avatar
2026-04-11 11:46:08.910 [http-nio-8080-exec-1] DEBUG o.s.security.web.FilterChainProxy - Secured GET /api/students/tutor/3
2026-04-11 11:46:08.910 [http-nio-8080-exec-1] DEBUG o.s.web.servlet.DispatcherServlet - GET "/api/students/tutor/3", parameters={}
2026-04-11 11:46:08.910 [http-nio-8080-exec-3] DEBUG o.s.web.servlet.DispatcherServlet - GET "/api/tutors/3/avatar", parameters={}
2026-04-11 11:46:08.910 [http-nio-8080-exec-4] DEBUG o.s.security.web.FilterChainProxy - Securing OPTIONS /api/lessons/archived?tutorId=3
2026-04-11 11:46:08.910 [http-nio-8080-exec-5] DEBUG o.s.security.web.FilterChainProxy - Securing OPTIONS /api/lessons/archived?tutorId=3
2026-04-11 11:46:08.910 [http-nio-8080-exec-3] DEBUG o.s.w.s.m.m.a.RequestMappingHandlerMapping - Mapped to com.example.demo.controller.TutorController#getAvatar(Long)
2026-04-11 11:46:08.910 [http-nio-8080-exec-1] DEBUG o.s.w.s.m.m.a.RequestMappingHandlerMapping - Mapped to com.example.demo.controller.StudentController#getStudentsByTutor(Long, Long, String)
2026-04-11 11:46:08.911 [http-nio-8080-exec-1] DEBUG o.s.s.a.m.AuthorizationManagerBeforeMethodInterceptor - Authorizing method invocation ReflectiveMethodInvocation: public org.springframework.http.ResponseEntity com.example.demo.controller.StudentController.getStudentsByTutor(java.lang.Long,java.lang.Long,java.lang.String); target is of class [com.example.demo.controller.StudentController]
2026-04-11 11:46:08.911 [http-nio-8080-exec-2] DEBUG o.s.security.web.FilterChainProxy - Secured GET /api/courses/tutor/3
2026-04-11 11:46:08.911 [http-nio-8080-exec-1] DEBUG o.s.s.a.m.AuthorizationManagerBeforeMethodInterceptor - Authorized method invocation ReflectiveMethodInvocation: public org.springframework.http.ResponseEntity com.example.demo.controller.StudentController.getStudentsByTutor(java.lang.Long,java.lang.Long,java.lang.String); target is of class [com.example.demo.controller.StudentController]
2026-04-11 11:46:08.911 [http-nio-8080-exec-2] DEBUG o.s.web.servlet.DispatcherServlet - GET "/api/courses/tutor/3", parameters={}
2026-04-11 11:46:08.911 [http-nio-8080-exec-2] DEBUG o.s.w.s.m.m.a.RequestMappingHandlerMapping - Mapped to com.example.demo.controller.CourseController#getCoursesByTutor(Long)
2026-04-11 11:46:08.911 [http-nio-8080-exec-8] DEBUG o.s.security.web.FilterChainProxy - Secured GET /api/students/tutor/3
2026-04-11 11:46:08.911 [http-nio-8080-exec-8] DEBUG o.s.web.servlet.DispatcherServlet - GET "/api/students/tutor/3", parameters={}
2026-04-11 11:46:08.912 [http-nio-8080-exec-8] DEBUG o.s.w.s.m.m.a.RequestMappingHandlerMapping - Mapped to com.example.demo.controller.StudentController#getStudentsByTutor(Long, Long, String)
2026-04-11 11:46:08.912 [http-nio-8080-exec-10] DEBUG o.s.security.web.FilterChainProxy - Secured GET /api/courses/tutor/3
2026-04-11 11:46:08.912 [http-nio-8080-exec-3] DEBUG org.hibernate.SQL - 
    select
        t1_0.id,
        t1_0.about,
        t1_0.avatar,
        t1_0.birthday,
        t1_0.city,
        t1_0.created_at,
        t1_0.email,
        t1_0.full_name,
        t1_0.is_active,
        t1_0.password_hash,
        t1_0.phone,
        t1_0.role 
    from
        tutor t1_0 
    where
        t1_0.id=?
2026-04-11 11:46:08.912 [http-nio-8080-exec-10] DEBUG o.s.web.servlet.DispatcherServlet - GET "/api/courses/tutor/3", parameters={}
2026-04-11 11:46:08.912 [http-nio-8080-exec-10] DEBUG o.s.w.s.m.m.a.RequestMappingHandlerMapping - Mapped to com.example.demo.controller.CourseController#getCoursesByTutor(Long)
2026-04-11 11:46:08.912 [http-nio-8080-exec-8] DEBUG o.s.s.a.m.AuthorizationManagerBeforeMethodInterceptor - Authorizing method invocation ReflectiveMethodInvocation: public org.springframework.http.ResponseEntity com.example.demo.controller.StudentController.getStudentsByTutor(java.lang.Long,java.lang.Long,java.lang.String); target is of class [com.example.demo.controller.StudentController]
2026-04-11 11:46:08.912 [http-nio-8080-exec-2] DEBUG org.hibernate.SQL - 
    select
        c1_0.id,
        c1_0.color,
        c1_0.created_at,
        c1_0.description,
        c1_0.name,
        c1_0.tutor_id 
    from
        course c1_0 
    where
        c1_0.tutor_id=?
2026-04-11 11:46:08.912 [http-nio-8080-exec-8] DEBUG o.s.s.a.m.AuthorizationManagerBeforeMethodInterceptor - Authorized method invocation ReflectiveMethodInvocation: public org.springframework.http.ResponseEntity com.example.demo.controller.StudentController.getStudentsByTutor(java.lang.Long,java.lang.Long,java.lang.String); target is of class [com.example.demo.controller.StudentController]
2026-04-11 11:46:08.912 [http-nio-8080-exec-1] DEBUG org.hibernate.SQL - 
    select
        s1_0.id,
        s1_0.birthday,
        s1_0.created_at,
        s1_0.email,
        s1_0.full_name,
        s1_0.parent_id,
        s1_0.parent_name,
        s1_0.parent_phone,
        s1_0.password_hash,
        s1_0.payment_type,
        s1_0.phone,
        s1_0.role 
    from
        student s1_0
2026-04-11 11:46:08.912 [http-nio-8080-exec-10] DEBUG org.hibernate.SQL - 
    select
        c1_0.id,
        c1_0.color,
        c1_0.created_at,
        c1_0.description,
        c1_0.name,
        c1_0.tutor_id 
    from
        course c1_0 
    where
        c1_0.tutor_id=?
2026-04-11 11:46:08.913 [http-nio-8080-exec-2] DEBUG o.s.w.s.m.m.a.HttpEntityMethodProcessor - Using 'application/json', given [application/json, text/plain, */*] and supported [application/json, application/*+json]
2026-04-11 11:46:08.913 [http-nio-8080-exec-2] DEBUG o.s.w.s.m.m.a.HttpEntityMethodProcessor - Writing [[]]
2026-04-11 11:46:08.913 [http-nio-8080-exec-3] DEBUG o.s.w.s.m.m.a.ExceptionHandlerExceptionResolver - Using @ExceptionHandler com.example.demo.exception.GlobalExceptionHandler#handleRuntimeException(RuntimeException)
2026-04-11 11:46:08.913 [http-nio-8080-exec-8] DEBUG org.hibernate.SQL - 
    select
        s1_0.id,
        s1_0.birthday,
        s1_0.created_at,
        s1_0.email,
        s1_0.full_name,
        s1_0.parent_id,
        s1_0.parent_name,
        s1_0.parent_phone,
        s1_0.password_hash,
        s1_0.payment_type,
        s1_0.phone,
        s1_0.role 
    from
        student s1_0
2026-04-11 11:46:08.914 [http-nio-8080-exec-2] DEBUG o.s.web.servlet.DispatcherServlet - Completed 200 OK
2026-04-11 11:46:08.914 [http-nio-8080-exec-3] ERROR c.e.d.e.GlobalExceptionHandler - Ошибка выполнения: null
java.lang.NullPointerException
	at java.base/java.util.Objects.requireNonNull(Objects.java:209)
	at java.base/java.util.ImmutableCollections$Map1.<init>(ImmutableCollections.java:1105)
	at java.base/java.util.Map.of(Map.java:1353)
	at com.example.demo.controller.TutorController.getAvatar(TutorController.java:93)
	at java.base/jdk.internal.reflect.NativeMethodAccessorImpl.invoke0(Native Method)
	at java.base/jdk.internal.reflect.NativeMethodAccessorImpl.invoke(NativeMethodAccessorImpl.java:77)
	at java.base/jdk.internal.reflect.DelegatingMethodAccessorImpl.invoke(DelegatingMethodAccessorImpl.java:43)
	at java.base/java.lang.reflect.Method.invoke(Method.java:569)
	at org.springframework.web.method.support.InvocableHandlerMethod.doInvoke(InvocableHandlerMethod.java:252)
	at org.springframework.web.method.support.InvocableHandlerMethod.invokeForRequest(InvocableHandlerMethod.java:184)
	at org.springframework.web.servlet.mvc.method.annotation.ServletInvocableHandlerMethod.invokeAndHandle(ServletInvocableHandlerMethod.java:117)
	at org.springframework.web.servlet.mvc.method.annotation.RequestMappingHandlerAdapter.invokeHandlerMethod(RequestMappingHandlerAdapter.java:934)
	at org.springframework.web.servlet.mvc.method.annotation.RequestMappingHandlerAdapter.handleInternal(RequestMappingHandlerAdapter.java:853)
	at org.springframework.web.servlet.mvc.method.AbstractHandlerMethodAdapter.handle(AbstractHandlerMethodAdapter.java:86)
	at org.springframework.web.servlet.DispatcherServlet.doDispatch(DispatcherServlet.java:963)
	at org.springframework.web.servlet.DispatcherServlet.doService(DispatcherServlet.java:866)
	at org.springframework.web.servlet.FrameworkServlet.processRequest(FrameworkServlet.java:1000)
	at org.springframework.web.servlet.FrameworkServlet.doGet(FrameworkServlet.java:892)
	at jakarta.servlet.http.HttpServlet.service(HttpServlet.java:622)
	at org.springframework.web.servlet.FrameworkServlet.service(FrameworkServlet.java:874)
	at jakarta.servlet.http.HttpServlet.service(HttpServlet.java:710)
	at org.apache.catalina.core.ApplicationFilterChain.doFilter(ApplicationFilterChain.java:128)
	at org.apache.tomcat.websocket.server.WsFilter.doFilter(WsFilter.java:53)
	at org.apache.catalina.core.ApplicationFilterChain.doFilter(ApplicationFilterChain.java:107)
	at org.springframework.web.filter.OncePerRequestFilter.doFilter(OncePerRequestFilter.java:110)
	at org.apache.catalina.core.ApplicationFilterChain.doFilter(ApplicationFilterChain.java:107)
	at org.springframework.web.filter.CompositeFilter$VirtualFilterChain.doFilter(CompositeFilter.java:108)
	at org.springframework.security.web.FilterChainProxy.lambda$doFilterInternal$3(FilterChainProxy.java:235)
	at org.springframework.security.web.FilterChainProxy$VirtualFilterChain.doFilter(FilterChainProxy.java:371)
	at org.springframework.security.web.access.intercept.AuthorizationFilter.doFilter(AuthorizationFilter.java:101)
	at org.springframework.security.web.FilterChainProxy$VirtualFilterChain.doFilter(FilterChainProxy.java:380)
	at org.springframework.security.web.access.ExceptionTranslationFilter.doFilter(ExceptionTranslationFilter.java:126)
	at org.springframework.security.web.access.ExceptionTranslationFilter.doFilter(ExceptionTranslationFilter.java:120)
	at org.springframework.security.web.FilterChainProxy$VirtualFilterChain.doFilter(FilterChainProxy.java:380)
	at org.springframework.security.web.session.SessionManagementFilter.doFilter(SessionManagementFilter.java:132)
	at org.springframework.security.web.session.SessionManagementFilter.doFilter(SessionManagementFilter.java:86)
	at org.springframework.security.web.FilterChainProxy$VirtualFilterChain.doFilter(FilterChainProxy.java:380)
	at org.springframework.security.web.authentication.AnonymousAuthenticationFilter.doFilter(AnonymousAuthenticationFilter.java:100)
	at org.springframework.security.web.FilterChainProxy$VirtualFilterChain.doFilter(FilterChainProxy.java:380)
	at org.springframework.security.web.servletapi.SecurityContextHolderAwareRequestFilter.doFilter(SecurityContextHolderAwareRequestFilter.java:181)
	at org.springframework.security.web.FilterChainProxy$VirtualFilterChain.doFilter(FilterChainProxy.java:380)
	at org.springframework.security.web.savedrequest.RequestCacheAwareFilter.doFilter(RequestCacheAwareFilter.java:63)
	at org.springframework.security.web.FilterChainProxy$VirtualFilterChain.doFilter(FilterChainProxy.java:380)
	at com.example.demo.config.AuthTokenFilter.doFilterInternal(AuthTokenFilter.java:59)
	at org.springframework.web.filter.OncePerRequestFilter.doFilter(OncePerRequestFilter.java:116)
	at org.springframework.security.web.FilterChainProxy$VirtualFilterChain.doFilter(FilterChainProxy.java:380)
	at org.springframework.security.web.authentication.logout.LogoutFilter.doFilter(LogoutFilter.java:110)
	at org.springframework.security.web.authentication.logout.LogoutFilter.doFilter(LogoutFilter.java:96)
	at org.springframework.security.web.FilterChainProxy$VirtualFilterChain.doFilter(FilterChainProxy.java:380)
	at org.springframework.web.filter.CorsFilter.doFilterInternal(CorsFilter.java:91)
	at org.springframework.web.filter.OncePerRequestFilter.doFilter(OncePerRequestFilter.java:116)
	at org.springframework.security.web.FilterChainProxy$VirtualFilterChain.doFilter(FilterChainProxy.java:380)
	at org.springframework.security.web.header.HeaderWriterFilter.doHeadersAfter(HeaderWriterFilter.java:90)
	at org.springframework.security.web.header.HeaderWriterFilter.doFilterInternal(HeaderWriterFilter.java:75)
	at org.springframework.web.filter.OncePerRequestFilter.doFilter(OncePerRequestFilter.java:116)
	at org.springframework.security.web.FilterChainProxy$VirtualFilterChain.doFilter(FilterChainProxy.java:380)
	at org.springframework.security.web.context.SecurityContextHolderFilter.doFilter(SecurityContextHolderFilter.java:82)
	at org.springframework.security.web.context.SecurityContextHolderFilter.doFilter(SecurityContextHolderFilter.java:69)
	at org.springframework.security.web.FilterChainProxy$VirtualFilterChain.doFilter(FilterChainProxy.java:380)
	at org.springframework.security.web.context.request.async.WebAsyncManagerIntegrationFilter.doFilterInternal(WebAsyncManagerIntegrationFilter.java:62)
	at org.springframework.web.filter.OncePerRequestFilter.doFilter(OncePerRequestFilter.java:116)
	at org.springframework.security.web.FilterChainProxy$VirtualFilterChain.doFilter(FilterChainProxy.java:380)
	at org.springframework.security.web.session.DisableEncodeUrlFilter.doFilterInternal(DisableEncodeUrlFilter.java:42)
	at org.springframework.web.filter.OncePerRequestFilter.doFilter(OncePerRequestFilter.java:116)
	at org.springframework.security.web.FilterChainProxy$VirtualFilterChain.doFilter(FilterChainProxy.java:380)
	at org.springframework.security.web.FilterChainProxy.doFilterInternal(FilterChainProxy.java:237)
	at org.springframework.security.web.FilterChainProxy.doFilter(FilterChainProxy.java:195)
	at org.springframework.web.filter.CompositeFilter$VirtualFilterChain.doFilter(CompositeFilter.java:113)
	at org.springframework.web.filter.ServletRequestPathFilter.doFilter(ServletRequestPathFilter.java:52)
	at org.springframework.web.filter.CompositeFilter$VirtualFilterChain.doFilter(CompositeFilter.java:113)
	at org.springframework.web.filter.CompositeFilter.doFilter(CompositeFilter.java:74)
	at org.springframework.security.config.annotation.web.configuration.WebSecurityConfiguration$CompositeFilterChainProxy.doFilter(WebSecurityConfiguration.java:317)
	at org.springframework.web.filter.DelegatingFilterProxy.invokeDelegate(DelegatingFilterProxy.java:355)
	at org.springframework.web.filter.DelegatingFilterProxy.doFilter(DelegatingFilterProxy.java:272)
	at org.apache.catalina.core.ApplicationFilterChain.doFilter(ApplicationFilterChain.java:107)
	at org.springframework.web.filter.RequestContextFilter.doFilterInternal(RequestContextFilter.java:100)
	at org.springframework.web.filter.OncePerRequestFilter.doFilter(OncePerRequestFilter.java:116)
	at org.apache.catalina.core.ApplicationFilterChain.doFilter(ApplicationFilterChain.java:107)
	at org.springframework.web.filter.FormContentFilter.doFilterInternal(FormContentFilter.java:93)
	at org.springframework.web.filter.OncePerRequestFilter.doFilter(OncePerRequestFilter.java:116)
	at org.apache.catalina.core.ApplicationFilterChain.doFilter(ApplicationFilterChain.java:107)
	at org.springframework.web.filter.CharacterEncodingFilter.doFilterInternal(CharacterEncodingFilter.java:199)
	at org.springframework.web.filter.OncePerRequestFilter.doFilter(OncePerRequestFilter.java:116)
	at org.apache.catalina.core.ApplicationFilterChain.doFilter(ApplicationFilterChain.java:107)
	at org.apache.catalina.core.StandardWrapperValve.invoke(StandardWrapperValve.java:165)
	at org.apache.catalina.core.StandardContextValve.invoke(StandardContextValve.java:77)
	at org.apache.catalina.authenticator.AuthenticatorBase.invoke(AuthenticatorBase.java:492)
	at org.apache.catalina.core.StandardHostValve.invoke(StandardHostValve.java:113)
	at org.apache.catalina.valves.ErrorReportValve.invoke(ErrorReportValve.java:83)
	at org.apache.catalina.core.StandardEngineValve.invoke(StandardEngineValve.java:72)
	at org.apache.catalina.connector.CoyoteAdapter.service(CoyoteAdapter.java:341)
	at org.apache.coyote.http11.Http11Processor.service(Http11Processor.java:397)
	at org.apache.coyote.AbstractProcessorLight.process(AbstractProcessorLight.java:63)
	at org.apache.coyote.AbstractProtocol$ConnectionHandler.process(AbstractProtocol.java:903)
	at org.apache.tomcat.util.net.NioEndpoint$SocketProcessor.doRun(NioEndpoint.java:1779)
	at org.apache.tomcat.util.net.SocketProcessorBase.run(SocketProcessorBase.java:52)
	at org.apache.tomcat.util.threads.ThreadPoolExecutor.runWorker(ThreadPoolExecutor.java:946)
	at org.apache.tomcat.util.threads.ThreadPoolExecutor$Worker.run(ThreadPoolExecutor.java:480)
	at org.apache.tomcat.util.threads.TaskThread$WrappingRunnable.run(TaskThread.java:57)
	at java.base/java.lang.Thread.run(Thread.java:840)
2026-04-11 11:46:08.914 [http-nio-8080-exec-3] DEBUG o.s.w.s.m.m.a.HttpEntityMethodProcessor - Using 'application/json', given [application/json, text/plain, */*] and supported [application/json, application/*+json]
2026-04-11 11:46:08.914 [http-nio-8080-exec-8] DEBUG org.hibernate.SQL - 
    select
        p1_0.id,
        p1_0.created_at,
        p1_0.email,
        p1_0.full_name,
        p1_0.password_hash,
        p1_0.phone,
        p1_0.role 
    from
        parent p1_0 
    where
        p1_0.id=?
2026-04-11 11:46:08.914 [http-nio-8080-exec-10] DEBUG o.s.w.s.m.m.a.HttpEntityMethodProcessor - Using 'application/json', given [application/json, text/plain, */*] and supported [application/json, application/*+json]
2026-04-11 11:46:08.914 [http-nio-8080-exec-1] DEBUG org.hibernate.SQL - 
    select
        p1_0.id,
        p1_0.created_at,
        p1_0.email,
        p1_0.full_name,
        p1_0.password_hash,
        p1_0.phone,
        p1_0.role 
    from
        parent p1_0 
    where
        p1_0.id=?
2026-04-11 11:46:08.914 [http-nio-8080-exec-10] DEBUG o.s.w.s.m.m.a.HttpEntityMethodProcessor - Writing [[]]
2026-04-11 11:46:08.914 [http-nio-8080-exec-3] DEBUG o.s.w.s.m.m.a.HttpEntityMethodProcessor - Writing [{error=Внутренняя ошибка сервера}]
2026-04-11 11:46:08.915 [http-nio-8080-exec-3] DEBUG o.s.w.s.m.m.a.ExceptionHandlerExceptionResolver - Resolved [java.lang.NullPointerException]
2026-04-11 11:46:08.915 [http-nio-8080-exec-10] DEBUG o.s.web.servlet.DispatcherServlet - Completed 200 OK
2026-04-11 11:46:08.915 [http-nio-8080-exec-3] DEBUG o.s.web.servlet.DispatcherServlet - Completed 500 INTERNAL_SERVER_ERROR
2026-04-11 11:46:08.916 [http-nio-8080-exec-8] DEBUG org.hibernate.SQL - 
    select
        t1_0.student_id,
        t1_1.id,
        t1_1.about,
        t1_1.avatar,
        t1_1.birthday,
        t1_1.city,
        t1_1.created_at,
        t1_1.email,
        t1_1.full_name,
        t1_1.is_active,
        t1_1.password_hash,
        t1_1.phone,
        t1_1.role 
    from
        student_tutor t1_0 
    join
        tutor t1_1 
            on t1_1.id=t1_0.tutor_id 
    where
        t1_0.student_id=?
2026-04-11 11:46:08.917 [http-nio-8080-exec-8] DEBUG org.hibernate.SQL - 
    select
        r1_0.student_id,
        r1_0.id,
        r1_0.rate_per_lesson,
        r1_0.tutor_id,
        t1_0.id,
        t1_0.about,
        t1_0.avatar,
        t1_0.birthday,
        t1_0.city,
        t1_0.created_at,
        t1_0.email,
        t1_0.full_name,
        t1_0.is_active,
        t1_0.password_hash,
        t1_0.phone,
        t1_0.role 
    from
        student_rate r1_0 
    left join
        tutor t1_0 
            on t1_0.id=r1_0.tutor_id 
    where
        r1_0.student_id=?
2026-04-11 11:46:08.918 [http-nio-8080-exec-1] DEBUG org.hibernate.SQL - 
    select
        t1_0.student_id,
        t1_1.id,
        t1_1.about,
        t1_1.avatar,
        t1_1.birthday,
        t1_1.city,
        t1_1.created_at,
        t1_1.email,
        t1_1.full_name,
        t1_1.is_active,
        t1_1.password_hash,
        t1_1.phone,
        t1_1.role 
    from
        student_tutor t1_0 
    join
        tutor t1_1 
            on t1_1.id=t1_0.tutor_id 
    where
        t1_0.student_id=?
2026-04-11 11:46:08.918 [http-nio-8080-exec-7] DEBUG o.s.security.web.FilterChainProxy - Securing GET /api/lessons/archived?tutorId=3
2026-04-11 11:46:08.918 [http-nio-8080-exec-6] DEBUG o.s.security.web.FilterChainProxy - Securing GET /api/lessons/archived?tutorId=3
2026-04-11 11:46:08.920 [http-nio-8080-exec-8] DEBUG o.s.w.s.m.m.a.HttpEntityMethodProcessor - Using 'application/json', given [application/json, text/plain, */*] and supported [application/json, application/*+json]
2026-04-11 11:46:08.920 [http-nio-8080-exec-8] DEBUG o.s.w.s.m.m.a.HttpEntityMethodProcessor - Writing [[com.example.demo.entity.Student@19a193de]]
2026-04-11 11:46:08.921 [http-nio-8080-exec-8] DEBUG o.s.web.servlet.DispatcherServlet - Completed 200 OK
2026-04-11 11:46:08.922 [http-nio-8080-exec-1] DEBUG org.hibernate.SQL - 
    select
        r1_0.student_id,
        r1_0.id,
        r1_0.rate_per_lesson,
        r1_0.tutor_id,
        t1_0.id,
        t1_0.about,
        t1_0.avatar,
        t1_0.birthday,
        t1_0.city,
        t1_0.created_at,
        t1_0.email,
        t1_0.full_name,
        t1_0.is_active,
        t1_0.password_hash,
        t1_0.phone,
        t1_0.role 
    from
        student_rate r1_0 
    left join
        tutor t1_0 
            on t1_0.id=r1_0.tutor_id 
    where
        r1_0.student_id=?
2026-04-11 11:46:08.922 [http-nio-8080-exec-7] DEBUG o.s.security.web.FilterChainProxy - Secured GET /api/lessons/archived?tutorId=3
2026-04-11 11:46:08.922 [http-nio-8080-exec-6] DEBUG o.s.security.web.FilterChainProxy - Secured GET /api/lessons/archived?tutorId=3
2026-04-11 11:46:08.922 [http-nio-8080-exec-7] DEBUG o.s.web.servlet.DispatcherServlet - GET "/api/lessons/archived?tutorId=3", parameters={masked}
2026-04-11 11:46:08.922 [http-nio-8080-exec-6] DEBUG o.s.web.servlet.DispatcherServlet - GET "/api/lessons/archived?tutorId=3", parameters={masked}
2026-04-11 11:46:08.923 [http-nio-8080-exec-7] DEBUG o.s.w.s.m.m.a.RequestMappingHandlerMapping - Mapped to com.example.demo.controller.LessonController#getArchivedLessons(Long, Long)
2026-04-11 11:46:08.923 [http-nio-8080-exec-6] DEBUG o.s.w.s.m.m.a.RequestMappingHandlerMapping - Mapped to com.example.demo.controller.LessonController#getArchivedLessons(Long, Long)
2026-04-11 11:46:08.923 [http-nio-8080-exec-6] DEBUG o.s.s.a.m.AuthorizationManagerBeforeMethodInterceptor - Authorizing method invocation ReflectiveMethodInvocation: public org.springframework.http.ResponseEntity com.example.demo.controller.LessonController.getArchivedLessons(java.lang.Long,java.lang.Long); target is of class [com.example.demo.controller.LessonController]
2026-04-11 11:46:08.923 [http-nio-8080-exec-7] DEBUG o.s.s.a.m.AuthorizationManagerBeforeMethodInterceptor - Authorizing method invocation ReflectiveMethodInvocation: public org.springframework.http.ResponseEntity com.example.demo.controller.LessonController.getArchivedLessons(java.lang.Long,java.lang.Long); target is of class [com.example.demo.controller.LessonController]
2026-04-11 11:46:08.924 [http-nio-8080-exec-6] DEBUG o.s.s.a.m.AuthorizationManagerBeforeMethodInterceptor - Authorized method invocation ReflectiveMethodInvocation: public org.springframework.http.ResponseEntity com.example.demo.controller.LessonController.getArchivedLessons(java.lang.Long,java.lang.Long); target is of class [com.example.demo.controller.LessonController]
2026-04-11 11:46:08.924 [http-nio-8080-exec-7] DEBUG o.s.s.a.m.AuthorizationManagerBeforeMethodInterceptor - Authorized method invocation ReflectiveMethodInvocation: public org.springframework.http.ResponseEntity com.example.demo.controller.LessonController.getArchivedLessons(java.lang.Long,java.lang.Long); target is of class [com.example.demo.controller.LessonController]
2026-04-11 11:46:08.925 [http-nio-8080-exec-1] DEBUG o.s.w.s.m.m.a.HttpEntityMethodProcessor - Using 'application/json', given [application/json, text/plain, */*] and supported [application/json, application/*+json]
2026-04-11 11:46:08.925 [http-nio-8080-exec-1] DEBUG o.s.w.s.m.m.a.HttpEntityMethodProcessor - Writing [[com.example.demo.entity.Student@7f208db2]]
2026-04-11 11:46:08.926 [http-nio-8080-exec-1] DEBUG o.s.web.servlet.DispatcherServlet - Completed 200 OK
2026-04-11 11:46:08.927 [http-nio-8080-exec-7] DEBUG org.hibernate.SQL - 
    select
        l1_0.id,
        l1_0.completed_at,
        l1_0.course_id,
        l1_0.created_at,
        l1_0.end_time,
        l1_0.lesson_date,
        l1_0.next_lesson_plan,
        l1_0.notes,
        l1_0.original_lesson_id,
        l1_0.paid_at,
        l1_0.start_time,
        l1_0.status,
        l1_0.student_id,
        l1_0.tutor_id,
        l1_0.updated_at 
    from
        lesson l1_0 
    where
        l1_0.tutor_id=? 
        and l1_0.status in ('PAID', 'COMPLETED', 'CANCELLED') 
    order by
        l1_0.lesson_date desc,
        l1_0.start_time desc
2026-04-11 11:46:08.927 [http-nio-8080-exec-6] DEBUG org.hibernate.SQL - 
    select
        l1_0.id,
        l1_0.completed_at,
        l1_0.course_id,
        l1_0.created_at,
        l1_0.end_time,
        l1_0.lesson_date,
        l1_0.next_lesson_plan,
        l1_0.notes,
        l1_0.original_lesson_id,
        l1_0.paid_at,
        l1_0.start_time,
        l1_0.status,
        l1_0.student_id,
        l1_0.tutor_id,
        l1_0.updated_at 
    from
        lesson l1_0 
    where
        l1_0.tutor_id=? 
        and l1_0.status in ('PAID', 'COMPLETED', 'CANCELLED') 
    order by
        l1_0.lesson_date desc,
        l1_0.start_time desc
2026-04-11 11:46:08.929 [http-nio-8080-exec-6] DEBUG o.s.w.s.m.m.a.HttpEntityMethodProcessor - Using 'application/json', given [application/json, text/plain, */*] and supported [application/json, application/*+json]
2026-04-11 11:46:08.929 [http-nio-8080-exec-7] DEBUG o.s.w.s.m.m.a.HttpEntityMethodProcessor - Using 'application/json', given [application/json, text/plain, */*] and supported [application/json, application/*+json]
2026-04-11 11:46:08.929 [http-nio-8080-exec-6] DEBUG o.s.w.s.m.m.a.HttpEntityMethodProcessor - Writing [[]]
2026-04-11 11:46:08.929 [http-nio-8080-exec-7] DEBUG o.s.w.s.m.m.a.HttpEntityMethodProcessor - Writing [[]]
2026-04-11 11:46:08.929 [http-nio-8080-exec-7] DEBUG o.s.web.servlet.DispatcherServlet - Completed 200 OK
2026-04-11 11:46:08.929 [http-nio-8080-exec-6] DEBUG o.s.web.servlet.DispatcherServlet - Completed 200 OK
2026-04-11 11:46:11.041 [http-nio-8080-exec-9] DEBUG o.s.security.web.FilterChainProxy - Securing GET /api/tutors/3/avatar
2026-04-11 11:46:11.041 [http-nio-8080-exec-5] DEBUG o.s.security.web.FilterChainProxy - Securing GET /api/students/tutor/3
2026-04-11 11:46:11.042 [http-nio-8080-exec-4] DEBUG o.s.security.web.FilterChainProxy - Securing GET /api/lessons/all?tutorId=3
2026-04-11 11:46:11.042 [http-nio-8080-exec-2] DEBUG o.s.security.web.FilterChainProxy - Securing GET /api/subscriptions/tutor/3
2026-04-11 11:46:11.043 [http-nio-8080-exec-10] DEBUG o.s.security.web.FilterChainProxy - Securing GET /api/students/tutor/3
2026-04-11 11:46:11.043 [http-nio-8080-exec-3] DEBUG o.s.security.web.FilterChainProxy - Securing GET /api/lessons/all?tutorId=3
2026-04-11 11:46:11.043 [http-nio-8080-exec-8] DEBUG o.s.security.web.FilterChainProxy - Securing GET /api/subscriptions/tutor/3
2026-04-11 11:46:11.045 [http-nio-8080-exec-9] DEBUG o.s.security.web.FilterChainProxy - Secured GET /api/tutors/3/avatar
2026-04-11 11:46:11.046 [http-nio-8080-exec-5] DEBUG o.s.security.web.FilterChainProxy - Secured GET /api/students/tutor/3
2026-04-11 11:46:11.046 [http-nio-8080-exec-9] DEBUG o.s.web.servlet.DispatcherServlet - GET "/api/tutors/3/avatar", parameters={}
2026-04-11 11:46:11.046 [http-nio-8080-exec-5] DEBUG o.s.web.servlet.DispatcherServlet - GET "/api/students/tutor/3", parameters={}
2026-04-11 11:46:11.046 [http-nio-8080-exec-5] DEBUG o.s.w.s.m.m.a.RequestMappingHandlerMapping - Mapped to com.example.demo.controller.StudentController#getStudentsByTutor(Long, Long, String)
2026-04-11 11:46:11.046 [http-nio-8080-exec-9] DEBUG o.s.w.s.m.m.a.RequestMappingHandlerMapping - Mapped to com.example.demo.controller.TutorController#getAvatar(Long)
2026-04-11 11:46:11.046 [http-nio-8080-exec-4] DEBUG o.s.security.web.FilterChainProxy - Secured GET /api/lessons/all?tutorId=3
2026-04-11 11:46:11.047 [http-nio-8080-exec-10] DEBUG o.s.security.web.FilterChainProxy - Secured GET /api/students/tutor/3
2026-04-11 11:46:11.047 [http-nio-8080-exec-2] DEBUG o.s.security.web.FilterChainProxy - Secured GET /api/subscriptions/tutor/3
2026-04-11 11:46:11.047 [http-nio-8080-exec-10] DEBUG o.s.web.servlet.DispatcherServlet - GET "/api/students/tutor/3", parameters={}
2026-04-11 11:46:11.047 [http-nio-8080-exec-5] DEBUG o.s.s.a.m.AuthorizationManagerBeforeMethodInterceptor - Authorizing method invocation ReflectiveMethodInvocation: public org.springframework.http.ResponseEntity com.example.demo.controller.StudentController.getStudentsByTutor(java.lang.Long,java.lang.Long,java.lang.String); target is of class [com.example.demo.controller.StudentController]
2026-04-11 11:46:11.047 [http-nio-8080-exec-4] DEBUG o.s.web.servlet.DispatcherServlet - GET "/api/lessons/all?tutorId=3", parameters={masked}
2026-04-11 11:46:11.047 [http-nio-8080-exec-2] DEBUG o.s.web.servlet.DispatcherServlet - GET "/api/subscriptions/tutor/3", parameters={}
2026-04-11 11:46:11.047 [http-nio-8080-exec-4] DEBUG o.s.w.s.m.m.a.RequestMappingHandlerMapping - Mapped to com.example.demo.controller.LessonController#getAllLessons(Long, Long)
2026-04-11 11:46:11.047 [http-nio-8080-exec-3] DEBUG o.s.security.web.FilterChainProxy - Secured GET /api/lessons/all?tutorId=3
2026-04-11 11:46:11.047 [http-nio-8080-exec-10] DEBUG o.s.w.s.m.m.a.RequestMappingHandlerMapping - Mapped to com.example.demo.controller.StudentController#getStudentsByTutor(Long, Long, String)
2026-04-11 11:46:11.047 [http-nio-8080-exec-2] DEBUG o.s.w.s.m.m.a.RequestMappingHandlerMapping - Mapped to com.example.demo.controller.SubscriptionController#getSubscriptionsByTutor(Long)
2026-04-11 11:46:11.047 [http-nio-8080-exec-5] DEBUG o.s.s.a.m.AuthorizationManagerBeforeMethodInterceptor - Authorized method invocation ReflectiveMethodInvocation: public org.springframework.http.ResponseEntity com.example.demo.controller.StudentController.getStudentsByTutor(java.lang.Long,java.lang.Long,java.lang.String); target is of class [com.example.demo.controller.StudentController]
2026-04-11 11:46:11.047 [http-nio-8080-exec-3] DEBUG o.s.web.servlet.DispatcherServlet - GET "/api/lessons/all?tutorId=3", parameters={masked}
2026-04-11 11:46:11.047 [http-nio-8080-exec-8] DEBUG o.s.security.web.FilterChainProxy - Secured GET /api/subscriptions/tutor/3
2026-04-11 11:46:11.047 [http-nio-8080-exec-8] DEBUG o.s.web.servlet.DispatcherServlet - GET "/api/subscriptions/tutor/3", parameters={}
2026-04-11 11:46:11.047 [http-nio-8080-exec-3] DEBUG o.s.w.s.m.m.a.RequestMappingHandlerMapping - Mapped to com.example.demo.controller.LessonController#getAllLessons(Long, Long)
2026-04-11 11:46:11.047 [http-nio-8080-exec-4] DEBUG o.s.s.a.m.AuthorizationManagerBeforeMethodInterceptor - Authorizing method invocation ReflectiveMethodInvocation: public org.springframework.http.ResponseEntity com.example.demo.controller.LessonController.getAllLessons(java.lang.Long,java.lang.Long); target is of class [com.example.demo.controller.LessonController]
2026-04-11 11:46:11.047 [http-nio-8080-exec-2] DEBUG o.s.s.a.m.AuthorizationManagerBeforeMethodInterceptor - Authorizing method invocation ReflectiveMethodInvocation: public org.springframework.http.ResponseEntity com.example.demo.controller.SubscriptionController.getSubscriptionsByTutor(java.lang.Long); target is of class [com.example.demo.controller.SubscriptionController]
2026-04-11 11:46:11.047 [http-nio-8080-exec-8] DEBUG o.s.w.s.m.m.a.RequestMappingHandlerMapping - Mapped to com.example.demo.controller.SubscriptionController#getSubscriptionsByTutor(Long)
2026-04-11 11:46:11.047 [http-nio-8080-exec-10] DEBUG o.s.s.a.m.AuthorizationManagerBeforeMethodInterceptor - Authorizing method invocation ReflectiveMethodInvocation: public org.springframework.http.ResponseEntity com.example.demo.controller.StudentController.getStudentsByTutor(java.lang.Long,java.lang.Long,java.lang.String); target is of class [com.example.demo.controller.StudentController]
2026-04-11 11:46:11.047 [http-nio-8080-exec-2] DEBUG o.s.s.a.m.AuthorizationManagerBeforeMethodInterceptor - Authorized method invocation ReflectiveMethodInvocation: public org.springframework.http.ResponseEntity com.example.demo.controller.SubscriptionController.getSubscriptionsByTutor(java.lang.Long); target is of class [com.example.demo.controller.SubscriptionController]
2026-04-11 11:46:11.047 [http-nio-8080-exec-4] DEBUG o.s.s.a.m.AuthorizationManagerBeforeMethodInterceptor - Authorized method invocation ReflectiveMethodInvocation: public org.springframework.http.ResponseEntity com.example.demo.controller.LessonController.getAllLessons(java.lang.Long,java.lang.Long); target is of class [com.example.demo.controller.LessonController]
2026-04-11 11:46:11.047 [http-nio-8080-exec-3] DEBUG o.s.s.a.m.AuthorizationManagerBeforeMethodInterceptor - Authorizing method invocation ReflectiveMethodInvocation: public org.springframework.http.ResponseEntity com.example.demo.controller.LessonController.getAllLessons(java.lang.Long,java.lang.Long); target is of class [com.example.demo.controller.LessonController]
2026-04-11 11:46:11.047 [http-nio-8080-exec-10] DEBUG o.s.s.a.m.AuthorizationManagerBeforeMethodInterceptor - Authorized method invocation ReflectiveMethodInvocation: public org.springframework.http.ResponseEntity com.example.demo.controller.StudentController.getStudentsByTutor(java.lang.Long,java.lang.Long,java.lang.String); target is of class [com.example.demo.controller.StudentController]
2026-04-11 11:46:11.047 [http-nio-8080-exec-8] DEBUG o.s.s.a.m.AuthorizationManagerBeforeMethodInterceptor - Authorizing method invocation ReflectiveMethodInvocation: public org.springframework.http.ResponseEntity com.example.demo.controller.SubscriptionController.getSubscriptionsByTutor(java.lang.Long); target is of class [com.example.demo.controller.SubscriptionController]
2026-04-11 11:46:11.047 [http-nio-8080-exec-3] DEBUG o.s.s.a.m.AuthorizationManagerBeforeMethodInterceptor - Authorized method invocation ReflectiveMethodInvocation: public org.springframework.http.ResponseEntity com.example.demo.controller.LessonController.getAllLessons(java.lang.Long,java.lang.Long); target is of class [com.example.demo.controller.LessonController]
2026-04-11 11:46:11.047 [http-nio-8080-exec-8] DEBUG o.s.s.a.m.AuthorizationManagerBeforeMethodInterceptor - Authorized method invocation ReflectiveMethodInvocation: public org.springframework.http.ResponseEntity com.example.demo.controller.SubscriptionController.getSubscriptionsByTutor(java.lang.Long); target is of class [com.example.demo.controller.SubscriptionController]
2026-04-11 11:46:11.047 [http-nio-8080-exec-9] DEBUG org.hibernate.SQL - 
    select
        t1_0.id,
        t1_0.about,
        t1_0.avatar,
        t1_0.birthday,
        t1_0.city,
        t1_0.created_at,
        t1_0.email,
        t1_0.full_name,
        t1_0.is_active,
        t1_0.password_hash,
        t1_0.phone,
        t1_0.role 
    from
        tutor t1_0 
    where
        t1_0.id=?
2026-04-11 11:46:11.048 [http-nio-8080-exec-2] DEBUG org.hibernate.SQL - 
    select
        s1_0.id,
        s1_0.created_at,
        s1_0.end_date,
        s1_0.lessons_count,
        s1_0.lessons_used,
        s1_0.paid_at,
        s1_0.price,
        s1_0.start_date,
        s1_0.status,
        s1_0.student_id,
        s1_0.tutor_id 
    from
        subscription s1_0 
    where
        s1_0.tutor_id=? 
    order by
        s1_0.start_date desc
2026-04-11 11:46:11.048 [http-nio-8080-exec-4] DEBUG org.hibernate.SQL - 
    select
        l1_0.id,
        l1_0.completed_at,
        l1_0.course_id,
        l1_0.created_at,
        l1_0.end_time,
        l1_0.lesson_date,
        l1_0.next_lesson_plan,
        l1_0.notes,
        l1_0.original_lesson_id,
        l1_0.paid_at,
        l1_0.start_time,
        l1_0.status,
        l1_0.student_id,
        l1_0.tutor_id,
        l1_0.updated_at 
    from
        lesson l1_0 
    where
        l1_0.tutor_id=? 
    order by
        l1_0.lesson_date,
        l1_0.start_time
2026-04-11 11:46:11.048 [http-nio-8080-exec-3] DEBUG org.hibernate.SQL - 
    select
        l1_0.id,
        l1_0.completed_at,
        l1_0.course_id,
        l1_0.created_at,
        l1_0.end_time,
        l1_0.lesson_date,
        l1_0.next_lesson_plan,
        l1_0.notes,
        l1_0.original_lesson_id,
        l1_0.paid_at,
        l1_0.start_time,
        l1_0.status,
        l1_0.student_id,
        l1_0.tutor_id,
        l1_0.updated_at 
    from
        lesson l1_0 
    where
        l1_0.tutor_id=? 
    order by
        l1_0.lesson_date,
        l1_0.start_time
2026-04-11 11:46:11.048 [http-nio-8080-exec-8] DEBUG org.hibernate.SQL - 
    select
        s1_0.id,
        s1_0.created_at,
        s1_0.end_date,
        s1_0.lessons_count,
        s1_0.lessons_used,
        s1_0.paid_at,
        s1_0.price,
        s1_0.start_date,
        s1_0.status,
        s1_0.student_id,
        s1_0.tutor_id 
    from
        subscription s1_0 
    where
        s1_0.tutor_id=? 
    order by
        s1_0.start_date desc
2026-04-11 11:46:11.048 [http-nio-8080-exec-10] DEBUG org.hibernate.SQL - 
    select
        s1_0.id,
        s1_0.birthday,
        s1_0.created_at,
        s1_0.email,
        s1_0.full_name,
        s1_0.parent_id,
        s1_0.parent_name,
        s1_0.parent_phone,
        s1_0.password_hash,
        s1_0.payment_type,
        s1_0.phone,
        s1_0.role 
    from
        student s1_0
2026-04-11 11:46:11.048 [http-nio-8080-exec-5] DEBUG org.hibernate.SQL - 
    select
        s1_0.id,
        s1_0.birthday,
        s1_0.created_at,
        s1_0.email,
        s1_0.full_name,
        s1_0.parent_id,
        s1_0.parent_name,
        s1_0.parent_phone,
        s1_0.password_hash,
        s1_0.payment_type,
        s1_0.phone,
        s1_0.role 
    from
        student s1_0
2026-04-11 11:46:11.049 [http-nio-8080-exec-8] DEBUG o.s.w.s.m.m.a.HttpEntityMethodProcessor - Using 'application/json', given [application/json, text/plain, */*] and supported [application/json, application/*+json]
2026-04-11 11:46:11.049 [http-nio-8080-exec-3] DEBUG o.s.w.s.m.m.a.HttpEntityMethodProcessor - Using 'application/json', given [application/json, text/plain, */*] and supported [application/json, application/*+json]
2026-04-11 11:46:11.049 [http-nio-8080-exec-4] DEBUG o.s.w.s.m.m.a.HttpEntityMethodProcessor - Using 'application/json', given [application/json, text/plain, */*] and supported [application/json, application/*+json]
2026-04-11 11:46:11.049 [http-nio-8080-exec-8] DEBUG o.s.w.s.m.m.a.HttpEntityMethodProcessor - Writing [[]]
2026-04-11 11:46:11.049 [http-nio-8080-exec-3] DEBUG o.s.w.s.m.m.a.HttpEntityMethodProcessor - Writing [[]]
2026-04-11 11:46:11.049 [http-nio-8080-exec-4] DEBUG o.s.w.s.m.m.a.HttpEntityMethodProcessor - Writing [[]]
2026-04-11 11:46:11.049 [http-nio-8080-exec-5] DEBUG org.hibernate.SQL - 
    select
        p1_0.id,
        p1_0.created_at,
        p1_0.email,
        p1_0.full_name,
        p1_0.password_hash,
        p1_0.phone,
        p1_0.role 
    from
        parent p1_0 
    where
        p1_0.id=?
2026-04-11 11:46:11.049 [http-nio-8080-exec-10] DEBUG org.hibernate.SQL - 
    select
        p1_0.id,
        p1_0.created_at,
        p1_0.email,
        p1_0.full_name,
        p1_0.password_hash,
        p1_0.phone,
        p1_0.role 
    from
        parent p1_0 
    where
        p1_0.id=?
2026-04-11 11:46:11.050 [http-nio-8080-exec-9] DEBUG o.s.w.s.m.m.a.ExceptionHandlerExceptionResolver - Using @ExceptionHandler com.example.demo.exception.GlobalExceptionHandler#handleRuntimeException(RuntimeException)
2026-04-11 11:46:11.050 [http-nio-8080-exec-8] DEBUG o.s.web.servlet.DispatcherServlet - Completed 200 OK
2026-04-11 11:46:11.050 [http-nio-8080-exec-4] DEBUG o.s.web.servlet.DispatcherServlet - Completed 200 OK
2026-04-11 11:46:11.050 [http-nio-8080-exec-3] DEBUG o.s.web.servlet.DispatcherServlet - Completed 200 OK
2026-04-11 11:46:11.050 [http-nio-8080-exec-9] ERROR c.e.d.e.GlobalExceptionHandler - Ошибка выполнения: null
java.lang.NullPointerException
	at java.base/java.util.Objects.requireNonNull(Objects.java:209)
	at java.base/java.util.ImmutableCollections$Map1.<init>(ImmutableCollections.java:1105)
	at java.base/java.util.Map.of(Map.java:1353)
	at com.example.demo.controller.TutorController.getAvatar(TutorController.java:93)
	at jdk.internal.reflect.GeneratedMethodAccessor82.invoke(Unknown Source)
	at java.base/jdk.internal.reflect.DelegatingMethodAccessorImpl.invoke(DelegatingMethodAccessorImpl.java:43)
	at java.base/java.lang.reflect.Method.invoke(Method.java:569)
	at org.springframework.web.method.support.InvocableHandlerMethod.doInvoke(InvocableHandlerMethod.java:252)
	at org.springframework.web.method.support.InvocableHandlerMethod.invokeForRequest(InvocableHandlerMethod.java:184)
	at org.springframework.web.servlet.mvc.method.annotation.ServletInvocableHandlerMethod.invokeAndHandle(ServletInvocableHandlerMethod.java:117)
	at org.springframework.web.servlet.mvc.method.annotation.RequestMappingHandlerAdapter.invokeHandlerMethod(RequestMappingHandlerAdapter.java:934)
	at org.springframework.web.servlet.mvc.method.annotation.RequestMappingHandlerAdapter.handleInternal(RequestMappingHandlerAdapter.java:853)
	at org.springframework.web.servlet.mvc.method.AbstractHandlerMethodAdapter.handle(AbstractHandlerMethodAdapter.java:86)
	at org.springframework.web.servlet.DispatcherServlet.doDispatch(DispatcherServlet.java:963)
	at org.springframework.web.servlet.DispatcherServlet.doService(DispatcherServlet.java:866)
	at org.springframework.web.servlet.FrameworkServlet.processRequest(FrameworkServlet.java:1000)
	at org.springframework.web.servlet.FrameworkServlet.doGet(FrameworkServlet.java:892)
	at jakarta.servlet.http.HttpServlet.service(HttpServlet.java:622)
	at org.springframework.web.servlet.FrameworkServlet.service(FrameworkServlet.java:874)
	at jakarta.servlet.http.HttpServlet.service(HttpServlet.java:710)
	at org.apache.catalina.core.ApplicationFilterChain.doFilter(ApplicationFilterChain.java:128)
	at org.apache.tomcat.websocket.server.WsFilter.doFilter(WsFilter.java:53)
	at org.apache.catalina.core.ApplicationFilterChain.doFilter(ApplicationFilterChain.java:107)
	at org.springframework.web.filter.OncePerRequestFilter.doFilter(OncePerRequestFilter.java:110)
	at org.apache.catalina.core.ApplicationFilterChain.doFilter(ApplicationFilterChain.java:107)
	at org.springframework.web.filter.CompositeFilter$VirtualFilterChain.doFilter(CompositeFilter.java:108)
	at org.springframework.security.web.FilterChainProxy.lambda$doFilterInternal$3(FilterChainProxy.java:235)
	at org.springframework.security.web.FilterChainProxy$VirtualFilterChain.doFilter(FilterChainProxy.java:371)
	at org.springframework.security.web.access.intercept.AuthorizationFilter.doFilter(AuthorizationFilter.java:101)
	at org.springframework.security.web.FilterChainProxy$VirtualFilterChain.doFilter(FilterChainProxy.java:380)
	at org.springframework.security.web.access.ExceptionTranslationFilter.doFilter(ExceptionTranslationFilter.java:126)
	at org.springframework.security.web.access.ExceptionTranslationFilter.doFilter(ExceptionTranslationFilter.java:120)
	at org.springframework.security.web.FilterChainProxy$VirtualFilterChain.doFilter(FilterChainProxy.java:380)
	at org.springframework.security.web.session.SessionManagementFilter.doFilter(SessionManagementFilter.java:132)
	at org.springframework.security.web.session.SessionManagementFilter.doFilter(SessionManagementFilter.java:86)
	at org.springframework.security.web.FilterChainProxy$VirtualFilterChain.doFilter(FilterChainProxy.java:380)
	at org.springframework.security.web.authentication.AnonymousAuthenticationFilter.doFilter(AnonymousAuthenticationFilter.java:100)
	at org.springframework.security.web.FilterChainProxy$VirtualFilterChain.doFilter(FilterChainProxy.java:380)
	at org.springframework.security.web.servletapi.SecurityContextHolderAwareRequestFilter.doFilter(SecurityContextHolderAwareRequestFilter.java:181)
	at org.springframework.security.web.FilterChainProxy$VirtualFilterChain.doFilter(FilterChainProxy.java:380)
	at org.springframework.security.web.savedrequest.RequestCacheAwareFilter.doFilter(RequestCacheAwareFilter.java:63)
	at org.springframework.security.web.FilterChainProxy$VirtualFilterChain.doFilter(FilterChainProxy.java:380)
	at com.example.demo.config.AuthTokenFilter.doFilterInternal(AuthTokenFilter.java:59)
	at org.springframework.web.filter.OncePerRequestFilter.doFilter(OncePerRequestFilter.java:116)
	at org.springframework.security.web.FilterChainProxy$VirtualFilterChain.doFilter(FilterChainProxy.java:380)
	at org.springframework.security.web.authentication.logout.LogoutFilter.doFilter(LogoutFilter.java:110)
	at org.springframework.security.web.authentication.logout.LogoutFilter.doFilter(LogoutFilter.java:96)
	at org.springframework.security.web.FilterChainProxy$VirtualFilterChain.doFilter(FilterChainProxy.java:380)
	at org.springframework.web.filter.CorsFilter.doFilterInternal(CorsFilter.java:91)
	at org.springframework.web.filter.OncePerRequestFilter.doFilter(OncePerRequestFilter.java:116)
	at org.springframework.security.web.FilterChainProxy$VirtualFilterChain.doFilter(FilterChainProxy.java:380)
	at org.springframework.security.web.header.HeaderWriterFilter.doHeadersAfter(HeaderWriterFilter.java:90)
	at org.springframework.security.web.header.HeaderWriterFilter.doFilterInternal(HeaderWriterFilter.java:75)
	at org.springframework.web.filter.OncePerRequestFilter.doFilter(OncePerRequestFilter.java:116)
	at org.springframework.security.web.FilterChainProxy$VirtualFilterChain.doFilter(FilterChainProxy.java:380)
	at org.springframework.security.web.context.SecurityContextHolderFilter.doFilter(SecurityContextHolderFilter.java:82)
	at org.springframework.security.web.context.SecurityContextHolderFilter.doFilter(SecurityContextHolderFilter.java:69)
	at org.springframework.security.web.FilterChainProxy$VirtualFilterChain.doFilter(FilterChainProxy.java:380)
	at org.springframework.security.web.context.request.async.WebAsyncManagerIntegrationFilter.doFilterInternal(WebAsyncManagerIntegrationFilter.java:62)
	at org.springframework.web.filter.OncePerRequestFilter.doFilter(OncePerRequestFilter.java:116)
	at org.springframework.security.web.FilterChainProxy$VirtualFilterChain.doFilter(FilterChainProxy.java:380)
	at org.springframework.security.web.session.DisableEncodeUrlFilter.doFilterInternal(DisableEncodeUrlFilter.java:42)
	at org.springframework.web.filter.OncePerRequestFilter.doFilter(OncePerRequestFilter.java:116)
	at org.springframework.security.web.FilterChainProxy$VirtualFilterChain.doFilter(FilterChainProxy.java:380)
	at org.springframework.security.web.FilterChainProxy.doFilterInternal(FilterChainProxy.java:237)
	at org.springframework.security.web.FilterChainProxy.doFilter(FilterChainProxy.java:195)
	at org.springframework.web.filter.CompositeFilter$VirtualFilterChain.doFilter(CompositeFilter.java:113)
	at org.springframework.web.filter.ServletRequestPathFilter.doFilter(ServletRequestPathFilter.java:52)
	at org.springframework.web.filter.CompositeFilter$VirtualFilterChain.doFilter(CompositeFilter.java:113)
	at org.springframework.web.filter.CompositeFilter.doFilter(CompositeFilter.java:74)
	at org.springframework.security.config.annotation.web.configuration.WebSecurityConfiguration$CompositeFilterChainProxy.doFilter(WebSecurityConfiguration.java:317)
	at org.springframework.web.filter.DelegatingFilterProxy.invokeDelegate(DelegatingFilterProxy.java:355)
	at org.springframework.web.filter.DelegatingFilterProxy.doFilter(DelegatingFilterProxy.java:272)
	at org.apache.catalina.core.ApplicationFilterChain.doFilter(ApplicationFilterChain.java:107)
	at org.springframework.web.filter.RequestContextFilter.doFilterInternal(RequestContextFilter.java:100)
	at org.springframework.web.filter.OncePerRequestFilter.doFilter(OncePerRequestFilter.java:116)
	at org.apache.catalina.core.ApplicationFilterChain.doFilter(ApplicationFilterChain.java:107)
	at org.springframework.web.filter.FormContentFilter.doFilterInternal(FormContentFilter.java:93)
	at org.springframework.web.filter.OncePerRequestFilter.doFilter(OncePerRequestFilter.java:116)
	at org.apache.catalina.core.ApplicationFilterChain.doFilter(ApplicationFilterChain.java:107)
	at org.springframework.web.filter.CharacterEncodingFilter.doFilterInternal(CharacterEncodingFilter.java:199)
	at org.springframework.web.filter.OncePerRequestFilter.doFilter(OncePerRequestFilter.java:116)
	at org.apache.catalina.core.ApplicationFilterChain.doFilter(ApplicationFilterChain.java:107)
	at org.apache.catalina.core.StandardWrapperValve.invoke(StandardWrapperValve.java:165)
	at org.apache.catalina.core.StandardContextValve.invoke(StandardContextValve.java:77)
	at org.apache.catalina.authenticator.AuthenticatorBase.invoke(AuthenticatorBase.java:492)
	at org.apache.catalina.core.StandardHostValve.invoke(StandardHostValve.java:113)
	at org.apache.catalina.valves.ErrorReportValve.invoke(ErrorReportValve.java:83)
	at org.apache.catalina.core.StandardEngineValve.invoke(StandardEngineValve.java:72)
	at org.apache.catalina.connector.CoyoteAdapter.service(CoyoteAdapter.java:341)
	at org.apache.coyote.http11.Http11Processor.service(Http11Processor.java:397)
	at org.apache.coyote.AbstractProcessorLight.process(AbstractProcessorLight.java:63)
	at org.apache.coyote.AbstractProtocol$ConnectionHandler.process(AbstractProtocol.java:903)
	at org.apache.tomcat.util.net.NioEndpoint$SocketProcessor.doRun(NioEndpoint.java:1779)
	at org.apache.tomcat.util.net.SocketProcessorBase.run(SocketProcessorBase.java:52)
	at org.apache.tomcat.util.threads.ThreadPoolExecutor.runWorker(ThreadPoolExecutor.java:946)
	at org.apache.tomcat.util.threads.ThreadPoolExecutor$Worker.run(ThreadPoolExecutor.java:480)
	at org.apache.tomcat.util.threads.TaskThread$WrappingRunnable.run(TaskThread.java:57)
	at java.base/java.lang.Thread.run(Thread.java:840)
2026-04-11 11:46:11.050 [http-nio-8080-exec-10] DEBUG org.hibernate.SQL - 
    select
        t1_0.student_id,
        t1_1.id,
        t1_1.about,
        t1_1.avatar,
        t1_1.birthday,
        t1_1.city,
        t1_1.created_at,
        t1_1.email,
        t1_1.full_name,
        t1_1.is_active,
        t1_1.password_hash,
        t1_1.phone,
        t1_1.role 
    from
        student_tutor t1_0 
    join
        tutor t1_1 
            on t1_1.id=t1_0.tutor_id 
    where
        t1_0.student_id=?
2026-04-11 11:46:11.050 [http-nio-8080-exec-5] DEBUG org.hibernate.SQL - 
    select
        t1_0.student_id,
        t1_1.id,
        t1_1.about,
        t1_1.avatar,
        t1_1.birthday,
        t1_1.city,
        t1_1.created_at,
        t1_1.email,
        t1_1.full_name,
        t1_1.is_active,
        t1_1.password_hash,
        t1_1.phone,
        t1_1.role 
    from
        student_tutor t1_0 
    join
        tutor t1_1 
            on t1_1.id=t1_0.tutor_id 
    where
        t1_0.student_id=?
2026-04-11 11:46:11.051 [http-nio-8080-exec-2] DEBUG o.s.w.s.m.m.a.HttpEntityMethodProcessor - Using 'application/json', given [application/json, text/plain, */*] and supported [application/json, application/*+json]
2026-04-11 11:46:11.051 [http-nio-8080-exec-9] DEBUG o.s.w.s.m.m.a.HttpEntityMethodProcessor - Using 'application/json', given [application/json, text/plain, */*] and supported [application/json, application/*+json]
2026-04-11 11:46:11.051 [http-nio-8080-exec-2] DEBUG o.s.w.s.m.m.a.HttpEntityMethodProcessor - Writing [[]]
2026-04-11 11:46:11.051 [http-nio-8080-exec-9] DEBUG o.s.w.s.m.m.a.HttpEntityMethodProcessor - Writing [{error=Внутренняя ошибка сервера}]
2026-04-11 11:46:11.051 [http-nio-8080-exec-9] DEBUG o.s.w.s.m.m.a.ExceptionHandlerExceptionResolver - Resolved [java.lang.NullPointerException]
2026-04-11 11:46:11.051 [http-nio-8080-exec-2] DEBUG o.s.web.servlet.DispatcherServlet - Completed 200 OK
2026-04-11 11:46:11.051 [http-nio-8080-exec-9] DEBUG o.s.web.servlet.DispatcherServlet - Completed 500 INTERNAL_SERVER_ERROR
2026-04-11 11:46:11.052 [http-nio-8080-exec-5] DEBUG org.hibernate.SQL - 
    select
        r1_0.student_id,
        r1_0.id,
        r1_0.rate_per_lesson,
        r1_0.tutor_id,
        t1_0.id,
        t1_0.about,
        t1_0.avatar,
        t1_0.birthday,
        t1_0.city,
        t1_0.created_at,
        t1_0.email,
        t1_0.full_name,
        t1_0.is_active,
        t1_0.password_hash,
        t1_0.phone,
        t1_0.role 
    from
        student_rate r1_0 
    left join
        tutor t1_0 
            on t1_0.id=r1_0.tutor_id 
    where
        r1_0.student_id=?
2026-04-11 11:46:11.052 [http-nio-8080-exec-10] DEBUG org.hibernate.SQL - 
    select
        r1_0.student_id,
        r1_0.id,
        r1_0.rate_per_lesson,
        r1_0.tutor_id,
        t1_0.id,
        t1_0.about,
        t1_0.avatar,
        t1_0.birthday,
        t1_0.city,
        t1_0.created_at,
        t1_0.email,
        t1_0.full_name,
        t1_0.is_active,
        t1_0.password_hash,
        t1_0.phone,
        t1_0.role 
    from
        student_rate r1_0 
    left join
        tutor t1_0 
            on t1_0.id=r1_0.tutor_id 
    where
        r1_0.student_id=?
2026-04-11 11:46:11.053 [http-nio-8080-exec-10] DEBUG o.s.w.s.m.m.a.HttpEntityMethodProcessor - Using 'application/json', given [application/json, text/plain, */*] and supported [application/json, application/*+json]
2026-04-11 11:46:11.053 [http-nio-8080-exec-5] DEBUG o.s.w.s.m.m.a.HttpEntityMethodProcessor - Using 'application/json', given [application/json, text/plain, */*] and supported [application/json, application/*+json]
2026-04-11 11:46:11.054 [http-nio-8080-exec-5] DEBUG o.s.w.s.m.m.a.HttpEntityMethodProcessor - Writing [[com.example.demo.entity.Student@12fd844c]]
2026-04-11 11:46:11.054 [http-nio-8080-exec-10] DEBUG o.s.w.s.m.m.a.HttpEntityMethodProcessor - Writing [[com.example.demo.entity.Student@e4d1955]]
2026-04-11 11:46:11.055 [http-nio-8080-exec-5] DEBUG o.s.web.servlet.DispatcherServlet - Completed 200 OK
2026-04-11 11:46:11.055 [http-nio-8080-exec-10] DEBUG o.s.web.servlet.DispatcherServlet - Completed 200 OK
2026-04-11 11:46:12.069 [http-nio-8080-exec-1] DEBUG o.s.security.web.FilterChainProxy - Securing GET /api/tutors/3/avatar
2026-04-11 11:46:12.069 [http-nio-8080-exec-6] DEBUG o.s.security.web.FilterChainProxy - Securing GET /api/courses/tutor/3
2026-04-11 11:46:12.069 [http-nio-8080-exec-7] DEBUG o.s.security.web.FilterChainProxy - Securing GET /api/students/tutor/3
2026-04-11 11:46:12.069 [http-nio-8080-exec-4] DEBUG o.s.security.web.FilterChainProxy - Securing GET /api/lessons/all?tutorId=3
2026-04-11 11:46:12.070 [http-nio-8080-exec-8] DEBUG o.s.security.web.FilterChainProxy - Securing GET /api/payments/tutor/3
2026-04-11 11:46:12.070 [http-nio-8080-exec-3] DEBUG o.s.security.web.FilterChainProxy - Securing GET /api/courses/tutor/3
2026-04-11 11:46:12.070 [http-nio-8080-exec-2] DEBUG o.s.security.web.FilterChainProxy - Securing GET /api/students/tutor/3
2026-04-11 11:46:12.072 [http-nio-8080-exec-5] DEBUG o.s.security.web.FilterChainProxy - Securing GET /api/payments/tutor/3
2026-04-11 11:46:12.072 [http-nio-8080-exec-9] DEBUG o.s.security.web.FilterChainProxy - Securing GET /api/lessons/all?tutorId=3
2026-04-11 11:46:12.075 [http-nio-8080-exec-1] DEBUG o.s.security.web.FilterChainProxy - Secured GET /api/tutors/3/avatar
2026-04-11 11:46:12.075 [http-nio-8080-exec-4] DEBUG o.s.security.web.FilterChainProxy - Secured GET /api/lessons/all?tutorId=3
2026-04-11 11:46:12.075 [http-nio-8080-exec-3] DEBUG o.s.security.web.FilterChainProxy - Secured GET /api/courses/tutor/3
2026-04-11 11:46:12.075 [http-nio-8080-exec-7] DEBUG o.s.security.web.FilterChainProxy - Secured GET /api/students/tutor/3
2026-04-11 11:46:12.075 [http-nio-8080-exec-1] DEBUG o.s.web.servlet.DispatcherServlet - GET "/api/tutors/3/avatar", parameters={}
2026-04-11 11:46:12.075 [http-nio-8080-exec-4] DEBUG o.s.web.servlet.DispatcherServlet - GET "/api/lessons/all?tutorId=3", parameters={masked}
2026-04-11 11:46:12.075 [http-nio-8080-exec-7] DEBUG o.s.web.servlet.DispatcherServlet - GET "/api/students/tutor/3", parameters={}
2026-04-11 11:46:12.075 [http-nio-8080-exec-3] DEBUG o.s.web.servlet.DispatcherServlet - GET "/api/courses/tutor/3", parameters={}
2026-04-11 11:46:12.075 [http-nio-8080-exec-4] DEBUG o.s.w.s.m.m.a.RequestMappingHandlerMapping - Mapped to com.example.demo.controller.LessonController#getAllLessons(Long, Long)
2026-04-11 11:46:12.075 [http-nio-8080-exec-2] DEBUG o.s.security.web.FilterChainProxy - Secured GET /api/students/tutor/3
2026-04-11 11:46:12.075 [http-nio-8080-exec-3] DEBUG o.s.w.s.m.m.a.RequestMappingHandlerMapping - Mapped to com.example.demo.controller.CourseController#getCoursesByTutor(Long)
2026-04-11 11:46:12.076 [http-nio-8080-exec-2] DEBUG o.s.web.servlet.DispatcherServlet - GET "/api/students/tutor/3", parameters={}
2026-04-11 11:46:12.075 [http-nio-8080-exec-7] DEBUG o.s.w.s.m.m.a.RequestMappingHandlerMapping - Mapped to com.example.demo.controller.StudentController#getStudentsByTutor(Long, Long, String)
2026-04-11 11:46:12.076 [http-nio-8080-exec-8] DEBUG o.s.security.web.FilterChainProxy - Secured GET /api/payments/tutor/3
2026-04-11 11:46:12.076 [http-nio-8080-exec-8] DEBUG o.s.web.servlet.DispatcherServlet - GET "/api/payments/tutor/3", parameters={}
2026-04-11 11:46:12.076 [http-nio-8080-exec-2] DEBUG o.s.w.s.m.m.a.RequestMappingHandlerMapping - Mapped to com.example.demo.controller.StudentController#getStudentsByTutor(Long, Long, String)
2026-04-11 11:46:12.076 [http-nio-8080-exec-6] DEBUG o.s.security.web.FilterChainProxy - Secured GET /api/courses/tutor/3
2026-04-11 11:46:12.076 [http-nio-8080-exec-6] DEBUG o.s.web.servlet.DispatcherServlet - GET "/api/courses/tutor/3", parameters={}
2026-04-11 11:46:12.076 [http-nio-8080-exec-8] DEBUG o.s.w.s.m.m.a.RequestMappingHandlerMapping - Mapped to com.example.demo.controller.PaymentController#getPaymentsByTutor(Long)
2026-04-11 11:46:12.076 [http-nio-8080-exec-6] DEBUG o.s.w.s.m.m.a.RequestMappingHandlerMapping - Mapped to com.example.demo.controller.CourseController#getCoursesByTutor(Long)
2026-04-11 11:46:12.076 [http-nio-8080-exec-4] DEBUG o.s.s.a.m.AuthorizationManagerBeforeMethodInterceptor - Authorizing method invocation ReflectiveMethodInvocation: public org.springframework.http.ResponseEntity com.example.demo.controller.LessonController.getAllLessons(java.lang.Long,java.lang.Long); target is of class [com.example.demo.controller.LessonController]
2026-04-11 11:46:12.075 [http-nio-8080-exec-1] DEBUG o.s.w.s.m.m.a.RequestMappingHandlerMapping - Mapped to com.example.demo.controller.TutorController#getAvatar(Long)
2026-04-11 11:46:12.076 [http-nio-8080-exec-2] DEBUG o.s.s.a.m.AuthorizationManagerBeforeMethodInterceptor - Authorizing method invocation ReflectiveMethodInvocation: public org.springframework.http.ResponseEntity com.example.demo.controller.StudentController.getStudentsByTutor(java.lang.Long,java.lang.Long,java.lang.String); target is of class [com.example.demo.controller.StudentController]
2026-04-11 11:46:12.076 [http-nio-8080-exec-2] DEBUG o.s.s.a.m.AuthorizationManagerBeforeMethodInterceptor - Authorized method invocation ReflectiveMethodInvocation: public org.springframework.http.ResponseEntity com.example.demo.controller.StudentController.getStudentsByTutor(java.lang.Long,java.lang.Long,java.lang.String); target is of class [com.example.demo.controller.StudentController]
2026-04-11 11:46:12.076 [http-nio-8080-exec-4] DEBUG o.s.s.a.m.AuthorizationManagerBeforeMethodInterceptor - Authorized method invocation ReflectiveMethodInvocation: public org.springframework.http.ResponseEntity com.example.demo.controller.LessonController.getAllLessons(java.lang.Long,java.lang.Long); target is of class [com.example.demo.controller.LessonController]
2026-04-11 11:46:12.076 [http-nio-8080-exec-9] DEBUG o.s.security.web.FilterChainProxy - Secured GET /api/lessons/all?tutorId=3
2026-04-11 11:46:12.076 [http-nio-8080-exec-8] DEBUG org.hibernate.SQL - 
    select
        p1_0.id,
        p1_0.amount,
        p1_0.confirmed_by_parent,
        p1_0.course_name,
        p1_0.created_at,
        p1_0.lesson_id,
        p1_0.lesson_date,
        p1_0.notes,
        p1_0.payment_date,
        p1_0.payment_type,
        p1_0.status,
        p1_0.student_id,
        p1_0.subscription_id,
        p1_0.tutor_id,
        p1_0.tutor_name 
    from
        payment p1_0 
    where
        p1_0.tutor_id=?
2026-04-11 11:46:12.076 [http-nio-8080-exec-6] DEBUG org.hibernate.SQL - 
    select
        c1_0.id,
        c1_0.color,
        c1_0.created_at,
        c1_0.description,
        c1_0.name,
        c1_0.tutor_id 
    from
        course c1_0 
    where
        c1_0.tutor_id=?
2026-04-11 11:46:12.077 [http-nio-8080-exec-9] DEBUG o.s.web.servlet.DispatcherServlet - GET "/api/lessons/all?tutorId=3", parameters={masked}
2026-04-11 11:46:12.077 [http-nio-8080-exec-4] DEBUG org.hibernate.SQL - 
    select
        l1_0.id,
        l1_0.completed_at,
        l1_0.course_id,
        l1_0.created_at,
        l1_0.end_time,
        l1_0.lesson_date,
        l1_0.next_lesson_plan,
        l1_0.notes,
        l1_0.original_lesson_id,
        l1_0.paid_at,
        l1_0.start_time,
        l1_0.status,
        l1_0.student_id,
        l1_0.tutor_id,
        l1_0.updated_at 
    from
        lesson l1_0 
    where
        l1_0.tutor_id=? 
    order by
        l1_0.lesson_date,
        l1_0.start_time
2026-04-11 11:46:12.076 [http-nio-8080-exec-7] DEBUG o.s.s.a.m.AuthorizationManagerBeforeMethodInterceptor - Authorizing method invocation ReflectiveMethodInvocation: public org.springframework.http.ResponseEntity com.example.demo.controller.StudentController.getStudentsByTutor(java.lang.Long,java.lang.Long,java.lang.String); target is of class [com.example.demo.controller.StudentController]
2026-04-11 11:46:12.077 [http-nio-8080-exec-9] DEBUG o.s.w.s.m.m.a.RequestMappingHandlerMapping - Mapped to com.example.demo.controller.LessonController#getAllLessons(Long, Long)
2026-04-11 11:46:12.076 [http-nio-8080-exec-3] DEBUG org.hibernate.SQL - 
    select
        c1_0.id,
        c1_0.color,
        c1_0.created_at,
        c1_0.description,
        c1_0.name,
        c1_0.tutor_id 
    from
        course c1_0 
    where
        c1_0.tutor_id=?
2026-04-11 11:46:12.077 [http-nio-8080-exec-1] DEBUG org.hibernate.SQL - 
    select
        t1_0.id,
        t1_0.about,
        t1_0.avatar,
        t1_0.birthday,
        t1_0.city,
        t1_0.created_at,
        t1_0.email,
        t1_0.full_name,
        t1_0.is_active,
        t1_0.password_hash,
        t1_0.phone,
        t1_0.role 
    from
        tutor t1_0 
    where
        t1_0.id=?
2026-04-11 11:46:12.077 [http-nio-8080-exec-9] DEBUG o.s.s.a.m.AuthorizationManagerBeforeMethodInterceptor - Authorizing method invocation ReflectiveMethodInvocation: public org.springframework.http.ResponseEntity com.example.demo.controller.LessonController.getAllLessons(java.lang.Long,java.lang.Long); target is of class [com.example.demo.controller.LessonController]
2026-04-11 11:46:12.077 [http-nio-8080-exec-9] DEBUG o.s.s.a.m.AuthorizationManagerBeforeMethodInterceptor - Authorized method invocation ReflectiveMethodInvocation: public org.springframework.http.ResponseEntity com.example.demo.controller.LessonController.getAllLessons(java.lang.Long,java.lang.Long); target is of class [com.example.demo.controller.LessonController]
2026-04-11 11:46:12.078 [http-nio-8080-exec-4] DEBUG o.s.w.s.m.m.a.HttpEntityMethodProcessor - Using 'application/json', given [application/json, text/plain, */*] and supported [application/json, application/*+json]
2026-04-11 11:46:12.078 [http-nio-8080-exec-6] DEBUG o.s.w.s.m.m.a.HttpEntityMethodProcessor - Using 'application/json', given [application/json, text/plain, */*] and supported [application/json, application/*+json]
2026-04-11 11:46:12.078 [http-nio-8080-exec-8] DEBUG o.s.w.s.m.m.a.HttpEntityMethodProcessor - Using 'application/json', given [application/json, text/plain, */*] and supported [application/json, application/*+json]
2026-04-11 11:46:12.078 [http-nio-8080-exec-3] DEBUG o.s.w.s.m.m.a.HttpEntityMethodProcessor - Using 'application/json', given [application/json, text/plain, */*] and supported [application/json, application/*+json]
2026-04-11 11:46:12.078 [http-nio-8080-exec-9] DEBUG org.hibernate.SQL - 
    select
        l1_0.id,
        l1_0.completed_at,
        l1_0.course_id,
        l1_0.created_at,
        l1_0.end_time,
        l1_0.lesson_date,
        l1_0.next_lesson_plan,
        l1_0.notes,
        l1_0.original_lesson_id,
        l1_0.paid_at,
        l1_0.start_time,
        l1_0.status,
        l1_0.student_id,
        l1_0.tutor_id,
        l1_0.updated_at 
    from
        lesson l1_0 
    where
        l1_0.tutor_id=? 
    order by
        l1_0.lesson_date,
        l1_0.start_time
2026-04-11 11:46:12.078 [http-nio-8080-exec-6] DEBUG o.s.w.s.m.m.a.HttpEntityMethodProcessor - Writing [[]]
2026-04-11 11:46:12.078 [http-nio-8080-exec-4] DEBUG o.s.w.s.m.m.a.HttpEntityMethodProcessor - Writing [[]]
2026-04-11 11:46:12.078 [http-nio-8080-exec-8] DEBUG o.s.w.s.m.m.a.HttpEntityMethodProcessor - Writing [[]]
2026-04-11 11:46:12.078 [http-nio-8080-exec-3] DEBUG o.s.w.s.m.m.a.HttpEntityMethodProcessor - Writing [[]]
2026-04-11 11:46:12.078 [http-nio-8080-exec-2] DEBUG org.hibernate.SQL - 
    select
        s1_0.id,
        s1_0.birthday,
        s1_0.created_at,
        s1_0.email,
        s1_0.full_name,
        s1_0.parent_id,
        s1_0.parent_name,
        s1_0.parent_phone,
        s1_0.password_hash,
        s1_0.payment_type,
        s1_0.phone,
        s1_0.role 
    from
        student s1_0
2026-04-11 11:46:12.079 [http-nio-8080-exec-3] DEBUG o.s.web.servlet.DispatcherServlet - Completed 200 OK
2026-04-11 11:46:12.079 [http-nio-8080-exec-8] DEBUG o.s.web.servlet.DispatcherServlet - Completed 200 OK
2026-04-11 11:46:12.079 [http-nio-8080-exec-1] DEBUG o.s.w.s.m.m.a.ExceptionHandlerExceptionResolver - Using @ExceptionHandler com.example.demo.exception.GlobalExceptionHandler#handleRuntimeException(RuntimeException)
2026-04-11 11:46:12.079 [http-nio-8080-exec-4] DEBUG o.s.web.servlet.DispatcherServlet - Completed 200 OK
2026-04-11 11:46:12.079 [http-nio-8080-exec-2] DEBUG org.hibernate.SQL - 
    select
        p1_0.id,
        p1_0.created_at,
        p1_0.email,
        p1_0.full_name,
        p1_0.password_hash,
        p1_0.phone,
        p1_0.role 
    from
        parent p1_0 
    where
        p1_0.id=?
2026-04-11 11:46:12.079 [http-nio-8080-exec-6] DEBUG o.s.web.servlet.DispatcherServlet - Completed 200 OK
2026-04-11 11:46:12.079 [http-nio-8080-exec-5] DEBUG o.s.security.web.FilterChainProxy - Secured GET /api/payments/tutor/3
2026-04-11 11:46:12.079 [http-nio-8080-exec-5] DEBUG o.s.web.servlet.DispatcherServlet - GET "/api/payments/tutor/3", parameters={}
2026-04-11 11:46:12.079 [http-nio-8080-exec-1] ERROR c.e.d.e.GlobalExceptionHandler - Ошибка выполнения: null
java.lang.NullPointerException
	at java.base/java.util.Objects.requireNonNull(Objects.java:209)
	at java.base/java.util.ImmutableCollections$Map1.<init>(ImmutableCollections.java:1105)
	at java.base/java.util.Map.of(Map.java:1353)
	at com.example.demo.controller.TutorController.getAvatar(TutorController.java:93)
	at jdk.internal.reflect.GeneratedMethodAccessor82.invoke(Unknown Source)
	at java.base/jdk.internal.reflect.DelegatingMethodAccessorImpl.invoke(DelegatingMethodAccessorImpl.java:43)
	at java.base/java.lang.reflect.Method.invoke(Method.java:569)
	at org.springframework.web.method.support.InvocableHandlerMethod.doInvoke(InvocableHandlerMethod.java:252)
	at org.springframework.web.method.support.InvocableHandlerMethod.invokeForRequest(InvocableHandlerMethod.java:184)
	at org.springframework.web.servlet.mvc.method.annotation.ServletInvocableHandlerMethod.invokeAndHandle(ServletInvocableHandlerMethod.java:117)
	at org.springframework.web.servlet.mvc.method.annotation.RequestMappingHandlerAdapter.invokeHandlerMethod(RequestMappingHandlerAdapter.java:934)
	at org.springframework.web.servlet.mvc.method.annotation.RequestMappingHandlerAdapter.handleInternal(RequestMappingHandlerAdapter.java:853)
	at org.springframework.web.servlet.mvc.method.AbstractHandlerMethodAdapter.handle(AbstractHandlerMethodAdapter.java:86)
	at org.springframework.web.servlet.DispatcherServlet.doDispatch(DispatcherServlet.java:963)
	at org.springframework.web.servlet.DispatcherServlet.doService(DispatcherServlet.java:866)
	at org.springframework.web.servlet.FrameworkServlet.processRequest(FrameworkServlet.java:1000)
	at org.springframework.web.servlet.FrameworkServlet.doGet(FrameworkServlet.java:892)
	at jakarta.servlet.http.HttpServlet.service(HttpServlet.java:622)
	at org.springframework.web.servlet.FrameworkServlet.service(FrameworkServlet.java:874)
	at jakarta.servlet.http.HttpServlet.service(HttpServlet.java:710)
	at org.apache.catalina.core.ApplicationFilterChain.doFilter(ApplicationFilterChain.java:128)
	at org.apache.tomcat.websocket.server.WsFilter.doFilter(WsFilter.java:53)
	at org.apache.catalina.core.ApplicationFilterChain.doFilter(ApplicationFilterChain.java:107)
	at org.springframework.web.filter.OncePerRequestFilter.doFilter(OncePerRequestFilter.java:110)
	at org.apache.catalina.core.ApplicationFilterChain.doFilter(ApplicationFilterChain.java:107)
	at org.springframework.web.filter.CompositeFilter$VirtualFilterChain.doFilter(CompositeFilter.java:108)
	at org.springframework.security.web.FilterChainProxy.lambda$doFilterInternal$3(FilterChainProxy.java:235)
	at org.springframework.security.web.FilterChainProxy$VirtualFilterChain.doFilter(FilterChainProxy.java:371)
	at org.springframework.security.web.access.intercept.AuthorizationFilter.doFilter(AuthorizationFilter.java:101)
	at org.springframework.security.web.FilterChainProxy$VirtualFilterChain.doFilter(FilterChainProxy.java:380)
	at org.springframework.security.web.access.ExceptionTranslationFilter.doFilter(ExceptionTranslationFilter.java:126)
	at org.springframework.security.web.access.ExceptionTranslationFilter.doFilter(ExceptionTranslationFilter.java:120)
	at org.springframework.security.web.FilterChainProxy$VirtualFilterChain.doFilter(FilterChainProxy.java:380)
	at org.springframework.security.web.session.SessionManagementFilter.doFilter(SessionManagementFilter.java:132)
	at org.springframework.security.web.session.SessionManagementFilter.doFilter(SessionManagementFilter.java:86)
	at org.springframework.security.web.FilterChainProxy$VirtualFilterChain.doFilter(FilterChainProxy.java:380)
	at org.springframework.security.web.authentication.AnonymousAuthenticationFilter.doFilter(AnonymousAuthenticationFilter.java:100)
	at org.springframework.security.web.FilterChainProxy$VirtualFilterChain.doFilter(FilterChainProxy.java:380)
	at org.springframework.security.web.servletapi.SecurityContextHolderAwareRequestFilter.doFilter(SecurityContextHolderAwareRequestFilter.java:181)
	at org.springframework.security.web.FilterChainProxy$VirtualFilterChain.doFilter(FilterChainProxy.java:380)
	at org.springframework.security.web.savedrequest.RequestCacheAwareFilter.doFilter(RequestCacheAwareFilter.java:63)
	at org.springframework.security.web.FilterChainProxy$VirtualFilterChain.doFilter(FilterChainProxy.java:380)
	at com.example.demo.config.AuthTokenFilter.doFilterInternal(AuthTokenFilter.java:59)
	at org.springframework.web.filter.OncePerRequestFilter.doFilter(OncePerRequestFilter.java:116)
	at org.springframework.security.web.FilterChainProxy$VirtualFilterChain.doFilter(FilterChainProxy.java:380)
	at org.springframework.security.web.authentication.logout.LogoutFilter.doFilter(LogoutFilter.java:110)
	at org.springframework.security.web.authentication.logout.LogoutFilter.doFilter(LogoutFilter.java:96)
	at org.springframework.security.web.FilterChainProxy$VirtualFilterChain.doFilter(FilterChainProxy.java:380)
	at org.springframework.web.filter.CorsFilter.doFilterInternal(CorsFilter.java:91)
	at org.springframework.web.filter.OncePerRequestFilter.doFilter(OncePerRequestFilter.java:116)
	at org.springframework.security.web.FilterChainProxy$VirtualFilterChain.doFilter(FilterChainProxy.java:380)
	at org.springframework.security.web.header.HeaderWriterFilter.doHeadersAfter(HeaderWriterFilter.java:90)
	at org.springframework.security.web.header.HeaderWriterFilter.doFilterInternal(HeaderWriterFilter.java:75)
	at org.springframework.web.filter.OncePerRequestFilter.doFilter(OncePerRequestFilter.java:116)
	at org.springframework.security.web.FilterChainProxy$VirtualFilterChain.doFilter(FilterChainProxy.java:380)
	at org.springframework.security.web.context.SecurityContextHolderFilter.doFilter(SecurityContextHolderFilter.java:82)
	at org.springframework.security.web.context.SecurityContextHolderFilter.doFilter(SecurityContextHolderFilter.java:69)
	at org.springframework.security.web.FilterChainProxy$VirtualFilterChain.doFilter(FilterChainProxy.java:380)
	at org.springframework.security.web.context.request.async.WebAsyncManagerIntegrationFilter.doFilterInternal(WebAsyncManagerIntegrationFilter.java:62)
	at org.springframework.web.filter.OncePerRequestFilter.doFilter(OncePerRequestFilter.java:116)
	at org.springframework.security.web.FilterChainProxy$VirtualFilterChain.doFilter(FilterChainProxy.java:380)
	at org.springframework.security.web.session.DisableEncodeUrlFilter.doFilterInternal(DisableEncodeUrlFilter.java:42)
	at org.springframework.web.filter.OncePerRequestFilter.doFilter(OncePerRequestFilter.java:116)
	at org.springframework.security.web.FilterChainProxy$VirtualFilterChain.doFilter(FilterChainProxy.java:380)
	at org.springframework.security.web.FilterChainProxy.doFilterInternal(FilterChainProxy.java:237)
	at org.springframework.security.web.FilterChainProxy.doFilter(FilterChainProxy.java:195)
	at org.springframework.web.filter.CompositeFilter$VirtualFilterChain.doFilter(CompositeFilter.java:113)
	at org.springframework.web.filter.ServletRequestPathFilter.doFilter(ServletRequestPathFilter.java:52)
	at org.springframework.web.filter.CompositeFilter$VirtualFilterChain.doFilter(CompositeFilter.java:113)
	at org.springframework.web.filter.CompositeFilter.doFilter(CompositeFilter.java:74)
	at org.springframework.security.config.annotation.web.configuration.WebSecurityConfiguration$CompositeFilterChainProxy.doFilter(WebSecurityConfiguration.java:317)
	at org.springframework.web.filter.DelegatingFilterProxy.invokeDelegate(DelegatingFilterProxy.java:355)
	at org.springframework.web.filter.DelegatingFilterProxy.doFilter(DelegatingFilterProxy.java:272)
	at org.apache.catalina.core.ApplicationFilterChain.doFilter(ApplicationFilterChain.java:107)
	at org.springframework.web.filter.RequestContextFilter.doFilterInternal(RequestContextFilter.java:100)
	at org.springframework.web.filter.OncePerRequestFilter.doFilter(OncePerRequestFilter.java:116)
	at org.apache.catalina.core.ApplicationFilterChain.doFilter(ApplicationFilterChain.java:107)
	at org.springframework.web.filter.FormContentFilter.doFilterInternal(FormContentFilter.java:93)
	at org.springframework.web.filter.OncePerRequestFilter.doFilter(OncePerRequestFilter.java:116)
	at org.apache.catalina.core.ApplicationFilterChain.doFilter(ApplicationFilterChain.java:107)
	at org.springframework.web.filter.CharacterEncodingFilter.doFilterInternal(CharacterEncodingFilter.java:199)
	at org.springframework.web.filter.OncePerRequestFilter.doFilter(OncePerRequestFilter.java:116)
	at org.apache.catalina.core.ApplicationFilterChain.doFilter(ApplicationFilterChain.java:107)
	at org.apache.catalina.core.StandardWrapperValve.invoke(StandardWrapperValve.java:165)
	at org.apache.catalina.core.StandardContextValve.invoke(StandardContextValve.java:77)
	at org.apache.catalina.authenticator.AuthenticatorBase.invoke(AuthenticatorBase.java:492)
	at org.apache.catalina.core.StandardHostValve.invoke(StandardHostValve.java:113)
	at org.apache.catalina.valves.ErrorReportValve.invoke(ErrorReportValve.java:83)
	at org.apache.catalina.core.StandardEngineValve.invoke(StandardEngineValve.java:72)
	at org.apache.catalina.connector.CoyoteAdapter.service(CoyoteAdapter.java:341)
	at org.apache.coyote.http11.Http11Processor.service(Http11Processor.java:397)
	at org.apache.coyote.AbstractProcessorLight.process(AbstractProcessorLight.java:63)
	at org.apache.coyote.AbstractProtocol$ConnectionHandler.process(AbstractProtocol.java:903)
	at org.apache.tomcat.util.net.NioEndpoint$SocketProcessor.doRun(NioEndpoint.java:1779)
	at org.apache.tomcat.util.net.SocketProcessorBase.run(SocketProcessorBase.java:52)
	at org.apache.tomcat.util.threads.ThreadPoolExecutor.runWorker(ThreadPoolExecutor.java:946)
	at org.apache.tomcat.util.threads.ThreadPoolExecutor$Worker.run(ThreadPoolExecutor.java:480)
	at org.apache.tomcat.util.threads.TaskThread$WrappingRunnable.run(TaskThread.java:57)
	at java.base/java.lang.Thread.run(Thread.java:840)
2026-04-11 11:46:12.080 [http-nio-8080-exec-1] DEBUG o.s.w.s.m.m.a.HttpEntityMethodProcessor - Using 'application/json', given [application/json, text/plain, */*] and supported [application/json, application/*+json]
2026-04-11 11:46:12.080 [http-nio-8080-exec-7] DEBUG o.s.s.a.m.AuthorizationManagerBeforeMethodInterceptor - Authorized method invocation ReflectiveMethodInvocation: public org.springframework.http.ResponseEntity com.example.demo.controller.StudentController.getStudentsByTutor(java.lang.Long,java.lang.Long,java.lang.String); target is of class [com.example.demo.controller.StudentController]
2026-04-11 11:46:12.080 [http-nio-8080-exec-5] DEBUG o.s.w.s.m.m.a.RequestMappingHandlerMapping - Mapped to com.example.demo.controller.PaymentController#getPaymentsByTutor(Long)
2026-04-11 11:46:12.080 [http-nio-8080-exec-9] DEBUG o.s.w.s.m.m.a.HttpEntityMethodProcessor - Using 'application/json', given [application/json, text/plain, */*] and supported [application/json, application/*+json]
2026-04-11 11:46:12.080 [http-nio-8080-exec-1] DEBUG o.s.w.s.m.m.a.HttpEntityMethodProcessor - Writing [{error=Внутренняя ошибка сервера}]
2026-04-11 11:46:12.080 [http-nio-8080-exec-9] DEBUG o.s.w.s.m.m.a.HttpEntityMethodProcessor - Writing [[]]
2026-04-11 11:46:12.081 [http-nio-8080-exec-9] DEBUG o.s.web.servlet.DispatcherServlet - Completed 200 OK
2026-04-11 11:46:12.081 [http-nio-8080-exec-2] DEBUG org.hibernate.SQL - 
    select
        t1_0.student_id,
        t1_1.id,
        t1_1.about,
        t1_1.avatar,
        t1_1.birthday,
        t1_1.city,
        t1_1.created_at,
        t1_1.email,
        t1_1.full_name,
        t1_1.is_active,
        t1_1.password_hash,
        t1_1.phone,
        t1_1.role 
    from
        student_tutor t1_0 
    join
        tutor t1_1 
            on t1_1.id=t1_0.tutor_id 
    where
        t1_0.student_id=?
2026-04-11 11:46:12.081 [http-nio-8080-exec-1] DEBUG o.s.w.s.m.m.a.ExceptionHandlerExceptionResolver - Resolved [java.lang.NullPointerException]
2026-04-11 11:46:12.081 [http-nio-8080-exec-5] DEBUG org.hibernate.SQL - 
    select
        p1_0.id,
        p1_0.amount,
        p1_0.confirmed_by_parent,
        p1_0.course_name,
        p1_0.created_at,
        p1_0.lesson_id,
        p1_0.lesson_date,
        p1_0.notes,
        p1_0.payment_date,
        p1_0.payment_type,
        p1_0.status,
        p1_0.student_id,
        p1_0.subscription_id,
        p1_0.tutor_id,
        p1_0.tutor_name 
    from
        payment p1_0 
    where
        p1_0.tutor_id=?
2026-04-11 11:46:12.081 [http-nio-8080-exec-1] DEBUG o.s.web.servlet.DispatcherServlet - Completed 500 INTERNAL_SERVER_ERROR
2026-04-11 11:46:12.082 [http-nio-8080-exec-7] DEBUG org.hibernate.SQL - 
    select
        s1_0.id,
        s1_0.birthday,
        s1_0.created_at,
        s1_0.email,
        s1_0.full_name,
        s1_0.parent_id,
        s1_0.parent_name,
        s1_0.parent_phone,
        s1_0.password_hash,
        s1_0.payment_type,
        s1_0.phone,
        s1_0.role 
    from
        student s1_0
2026-04-11 11:46:12.082 [http-nio-8080-exec-2] DEBUG org.hibernate.SQL - 
    select
        r1_0.student_id,
        r1_0.id,
        r1_0.rate_per_lesson,
        r1_0.tutor_id,
        t1_0.id,
        t1_0.about,
        t1_0.avatar,
        t1_0.birthday,
        t1_0.city,
        t1_0.created_at,
        t1_0.email,
        t1_0.full_name,
        t1_0.is_active,
        t1_0.password_hash,
        t1_0.phone,
        t1_0.role 
    from
        student_rate r1_0 
    left join
        tutor t1_0 
            on t1_0.id=r1_0.tutor_id 
    where
        r1_0.student_id=?
2026-04-11 11:46:12.083 [http-nio-8080-exec-7] DEBUG org.hibernate.SQL - 
    select
        p1_0.id,
        p1_0.created_at,
        p1_0.email,
        p1_0.full_name,
        p1_0.password_hash,
        p1_0.phone,
        p1_0.role 
    from
        parent p1_0 
    where
        p1_0.id=?
2026-04-11 11:46:12.084 [http-nio-8080-exec-5] DEBUG o.s.w.s.m.m.a.HttpEntityMethodProcessor - Using 'application/json', given [application/json, text/plain, */*] and supported [application/json, application/*+json]
2026-04-11 11:46:12.084 [http-nio-8080-exec-5] DEBUG o.s.w.s.m.m.a.HttpEntityMethodProcessor - Writing [[]]
2026-04-11 11:46:12.084 [http-nio-8080-exec-7] DEBUG org.hibernate.SQL - 
    select
        t1_0.student_id,
        t1_1.id,
        t1_1.about,
        t1_1.avatar,
        t1_1.birthday,
        t1_1.city,
        t1_1.created_at,
        t1_1.email,
        t1_1.full_name,
        t1_1.is_active,
        t1_1.password_hash,
        t1_1.phone,
        t1_1.role 
    from
        student_tutor t1_0 
    join
        tutor t1_1 
            on t1_1.id=t1_0.tutor_id 
    where
        t1_0.student_id=?
2026-04-11 11:46:12.084 [http-nio-8080-exec-2] DEBUG o.s.w.s.m.m.a.HttpEntityMethodProcessor - Using 'application/json', given [application/json, text/plain, */*] and supported [application/json, application/*+json]
2026-04-11 11:46:12.084 [http-nio-8080-exec-2] DEBUG o.s.w.s.m.m.a.HttpEntityMethodProcessor - Writing [[com.example.demo.entity.Student@1995a2f5]]
2026-04-11 11:46:12.084 [http-nio-8080-exec-5] DEBUG o.s.web.servlet.DispatcherServlet - Completed 200 OK
2026-04-11 11:46:12.085 [http-nio-8080-exec-2] DEBUG o.s.web.servlet.DispatcherServlet - Completed 200 OK
2026-04-11 11:46:12.086 [http-nio-8080-exec-7] DEBUG org.hibernate.SQL - 
    select
        r1_0.student_id,
        r1_0.id,
        r1_0.rate_per_lesson,
        r1_0.tutor_id,
        t1_0.id,
        t1_0.about,
        t1_0.avatar,
        t1_0.birthday,
        t1_0.city,
        t1_0.created_at,
        t1_0.email,
        t1_0.full_name,
        t1_0.is_active,
        t1_0.password_hash,
        t1_0.phone,
        t1_0.role 
    from
        student_rate r1_0 
    left join
        tutor t1_0 
            on t1_0.id=r1_0.tutor_id 
    where
        r1_0.student_id=?
2026-04-11 11:46:12.087 [http-nio-8080-exec-7] DEBUG o.s.w.s.m.m.a.HttpEntityMethodProcessor - Using 'application/json', given [application/json, text/plain, */*] and supported [application/json, application/*+json]
2026-04-11 11:46:12.087 [http-nio-8080-exec-7] DEBUG o.s.w.s.m.m.a.HttpEntityMethodProcessor - Writing [[com.example.demo.entity.Student@41d9b9ad]]
2026-04-11 11:46:12.088 [http-nio-8080-exec-7] DEBUG o.s.web.servlet.DispatcherServlet - Completed 200 OK
2026-04-11 11:46:14.257 [http-nio-8080-exec-4] DEBUG o.s.security.web.FilterChainProxy - Securing GET /api/lessons/all?tutorId=3
2026-04-11 11:46:14.257 [http-nio-8080-exec-3] DEBUG o.s.security.web.FilterChainProxy - Securing GET /api/weekly-template/tutor/3
2026-04-11 11:46:14.257 [http-nio-8080-exec-10] DEBUG o.s.security.web.FilterChainProxy - Securing GET /api/tutors/3/avatar
2026-04-11 11:46:14.257 [http-nio-8080-exec-8] DEBUG o.s.security.web.FilterChainProxy - Securing GET /api/students/tutor/3
2026-04-11 11:46:14.257 [http-nio-8080-exec-6] DEBUG o.s.security.web.FilterChainProxy - Securing GET /api/courses/tutor/3
2026-04-11 11:46:14.257 [http-nio-8080-exec-9] DEBUG o.s.security.web.FilterChainProxy - Securing GET /api/weekly-template/tutor/3
2026-04-11 11:46:14.257 [http-nio-8080-exec-1] DEBUG o.s.security.web.FilterChainProxy - Securing GET /api/lessons/all?tutorId=3
2026-04-11 11:46:14.257 [http-nio-8080-exec-5] DEBUG o.s.security.web.FilterChainProxy - Securing GET /api/students/tutor/3
2026-04-11 11:46:14.259 [http-nio-8080-exec-2] DEBUG o.s.security.web.FilterChainProxy - Securing GET /api/courses/tutor/3
2026-04-11 11:46:14.262 [http-nio-8080-exec-3] DEBUG o.s.security.web.FilterChainProxy - Secured GET /api/weekly-template/tutor/3
2026-04-11 11:46:14.262 [http-nio-8080-exec-4] DEBUG o.s.security.web.FilterChainProxy - Secured GET /api/lessons/all?tutorId=3
2026-04-11 11:46:14.262 [http-nio-8080-exec-10] DEBUG o.s.security.web.FilterChainProxy - Secured GET /api/tutors/3/avatar
2026-04-11 11:46:14.262 [http-nio-8080-exec-6] DEBUG o.s.security.web.FilterChainProxy - Secured GET /api/courses/tutor/3
2026-04-11 11:46:14.262 [http-nio-8080-exec-3] DEBUG o.s.web.servlet.DispatcherServlet - GET "/api/weekly-template/tutor/3", parameters={}
2026-04-11 11:46:14.262 [http-nio-8080-exec-10] DEBUG o.s.web.servlet.DispatcherServlet - GET "/api/tutors/3/avatar", parameters={}
2026-04-11 11:46:14.262 [http-nio-8080-exec-6] DEBUG o.s.web.servlet.DispatcherServlet - GET "/api/courses/tutor/3", parameters={}
2026-04-11 11:46:14.262 [http-nio-8080-exec-4] DEBUG o.s.web.servlet.DispatcherServlet - GET "/api/lessons/all?tutorId=3", parameters={masked}
2026-04-11 11:46:14.262 [http-nio-8080-exec-4] DEBUG o.s.w.s.m.m.a.RequestMappingHandlerMapping - Mapped to com.example.demo.controller.LessonController#getAllLessons(Long, Long)
2026-04-11 11:46:14.262 [http-nio-8080-exec-5] DEBUG o.s.security.web.FilterChainProxy - Secured GET /api/students/tutor/3
2026-04-11 11:46:14.262 [http-nio-8080-exec-9] DEBUG o.s.security.web.FilterChainProxy - Secured GET /api/weekly-template/tutor/3
2026-04-11 11:46:14.262 [http-nio-8080-exec-5] DEBUG o.s.web.servlet.DispatcherServlet - GET "/api/students/tutor/3", parameters={}
2026-04-11 11:46:14.262 [http-nio-8080-exec-9] DEBUG o.s.web.servlet.DispatcherServlet - GET "/api/weekly-template/tutor/3", parameters={}
2026-04-11 11:46:14.262 [http-nio-8080-exec-3] DEBUG o.s.w.s.m.m.a.RequestMappingHandlerMapping - Mapped to com.example.demo.controller.WeeklyTemplateController#getTemplates(Long)
2026-04-11 11:46:14.262 [http-nio-8080-exec-6] DEBUG o.s.w.s.m.m.a.RequestMappingHandlerMapping - Mapped to com.example.demo.controller.CourseController#getCoursesByTutor(Long)
2026-04-11 11:46:14.262 [http-nio-8080-exec-10] DEBUG o.s.w.s.m.m.a.RequestMappingHandlerMapping - Mapped to com.example.demo.controller.TutorController#getAvatar(Long)
2026-04-11 11:46:14.263 [http-nio-8080-exec-5] DEBUG o.s.w.s.m.m.a.RequestMappingHandlerMapping - Mapped to com.example.demo.controller.StudentController#getStudentsByTutor(Long, Long, String)
2026-04-11 11:46:14.263 [http-nio-8080-exec-9] DEBUG o.s.w.s.m.m.a.RequestMappingHandlerMapping - Mapped to com.example.demo.controller.WeeklyTemplateController#getTemplates(Long)
2026-04-11 11:46:14.263 [http-nio-8080-exec-8] DEBUG o.s.security.web.FilterChainProxy - Secured GET /api/students/tutor/3
2026-04-11 11:46:14.263 [http-nio-8080-exec-1] DEBUG o.s.security.web.FilterChainProxy - Secured GET /api/lessons/all?tutorId=3
2026-04-11 11:46:14.263 [http-nio-8080-exec-8] DEBUG o.s.web.servlet.DispatcherServlet - GET "/api/students/tutor/3", parameters={}
2026-04-11 11:46:14.263 [http-nio-8080-exec-1] DEBUG o.s.web.servlet.DispatcherServlet - GET "/api/lessons/all?tutorId=3", parameters={masked}
2026-04-11 11:46:14.263 [http-nio-8080-exec-1] DEBUG o.s.w.s.m.m.a.RequestMappingHandlerMapping - Mapped to com.example.demo.controller.LessonController#getAllLessons(Long, Long)
2026-04-11 11:46:14.263 [http-nio-8080-exec-5] DEBUG o.s.s.a.m.AuthorizationManagerBeforeMethodInterceptor - Authorizing method invocation ReflectiveMethodInvocation: public org.springframework.http.ResponseEntity com.example.demo.controller.StudentController.getStudentsByTutor(java.lang.Long,java.lang.Long,java.lang.String); target is of class [com.example.demo.controller.StudentController]
2026-04-11 11:46:14.263 [http-nio-8080-exec-4] DEBUG o.s.s.a.m.AuthorizationManagerBeforeMethodInterceptor - Authorizing method invocation ReflectiveMethodInvocation: public org.springframework.http.ResponseEntity com.example.demo.controller.LessonController.getAllLessons(java.lang.Long,java.lang.Long); target is of class [com.example.demo.controller.LessonController]
2026-04-11 11:46:14.263 [http-nio-8080-exec-8] DEBUG o.s.w.s.m.m.a.RequestMappingHandlerMapping - Mapped to com.example.demo.controller.StudentController#getStudentsByTutor(Long, Long, String)
2026-04-11 11:46:14.263 [http-nio-8080-exec-5] DEBUG o.s.s.a.m.AuthorizationManagerBeforeMethodInterceptor - Authorized method invocation ReflectiveMethodInvocation: public org.springframework.http.ResponseEntity com.example.demo.controller.StudentController.getStudentsByTutor(java.lang.Long,java.lang.Long,java.lang.String); target is of class [com.example.demo.controller.StudentController]
2026-04-11 11:46:14.263 [http-nio-8080-exec-1] DEBUG o.s.s.a.m.AuthorizationManagerBeforeMethodInterceptor - Authorizing method invocation ReflectiveMethodInvocation: public org.springframework.http.ResponseEntity com.example.demo.controller.LessonController.getAllLessons(java.lang.Long,java.lang.Long); target is of class [com.example.demo.controller.LessonController]
2026-04-11 11:46:14.263 [http-nio-8080-exec-8] DEBUG o.s.s.a.m.AuthorizationManagerBeforeMethodInterceptor - Authorizing method invocation ReflectiveMethodInvocation: public org.springframework.http.ResponseEntity com.example.demo.controller.StudentController.getStudentsByTutor(java.lang.Long,java.lang.Long,java.lang.String); target is of class [com.example.demo.controller.StudentController]
2026-04-11 11:46:14.263 [http-nio-8080-exec-1] DEBUG o.s.s.a.m.AuthorizationManagerBeforeMethodInterceptor - Authorized method invocation ReflectiveMethodInvocation: public org.springframework.http.ResponseEntity com.example.demo.controller.LessonController.getAllLessons(java.lang.Long,java.lang.Long); target is of class [com.example.demo.controller.LessonController]
2026-04-11 11:46:14.263 [http-nio-8080-exec-8] DEBUG o.s.s.a.m.AuthorizationManagerBeforeMethodInterceptor - Authorized method invocation ReflectiveMethodInvocation: public org.springframework.http.ResponseEntity com.example.demo.controller.StudentController.getStudentsByTutor(java.lang.Long,java.lang.Long,java.lang.String); target is of class [com.example.demo.controller.StudentController]
2026-04-11 11:46:14.263 [http-nio-8080-exec-4] DEBUG o.s.s.a.m.AuthorizationManagerBeforeMethodInterceptor - Authorized method invocation ReflectiveMethodInvocation: public org.springframework.http.ResponseEntity com.example.demo.controller.LessonController.getAllLessons(java.lang.Long,java.lang.Long); target is of class [com.example.demo.controller.LessonController]
2026-04-11 11:46:14.263 [http-nio-8080-exec-2] DEBUG o.s.security.web.FilterChainProxy - Secured GET /api/courses/tutor/3
2026-04-11 11:46:14.263 [http-nio-8080-exec-2] DEBUG o.s.web.servlet.DispatcherServlet - GET "/api/courses/tutor/3", parameters={}
2026-04-11 11:46:14.263 [http-nio-8080-exec-6] DEBUG org.hibernate.SQL - 
    select
        c1_0.id,
        c1_0.color,
        c1_0.created_at,
        c1_0.description,
        c1_0.name,
        c1_0.tutor_id 
    from
        course c1_0 
    where
        c1_0.tutor_id=?
2026-04-11 11:46:14.263 [http-nio-8080-exec-9] DEBUG org.hibernate.SQL - 
    select
        wt1_0.id,
        wt1_0.course_id,
        wt1_0.created_at,
        wt1_0.day_of_week,
        wt1_0.end_time,
        wt1_0.start_time,
        wt1_0.status,
        wt1_0.student_id,
        wt1_0.tutor_id 
    from
        weekly_template wt1_0 
    where
        wt1_0.tutor_id=?
2026-04-11 11:46:14.263 [http-nio-8080-exec-4] DEBUG org.hibernate.SQL - 
    select
        l1_0.id,
        l1_0.completed_at,
        l1_0.course_id,
        l1_0.created_at,
        l1_0.end_time,
        l1_0.lesson_date,
        l1_0.next_lesson_plan,
        l1_0.notes,
        l1_0.original_lesson_id,
        l1_0.paid_at,
        l1_0.start_time,
        l1_0.status,
        l1_0.student_id,
        l1_0.tutor_id,
        l1_0.updated_at 
    from
        lesson l1_0 
    where
        l1_0.tutor_id=? 
    order by
        l1_0.lesson_date,
        l1_0.start_time
2026-04-11 11:46:14.263 [http-nio-8080-exec-1] DEBUG org.hibernate.SQL - 
    select
        l1_0.id,
        l1_0.completed_at,
        l1_0.course_id,
        l1_0.created_at,
        l1_0.end_time,
        l1_0.lesson_date,
        l1_0.next_lesson_plan,
        l1_0.notes,
        l1_0.original_lesson_id,
        l1_0.paid_at,
        l1_0.start_time,
        l1_0.status,
        l1_0.student_id,
        l1_0.tutor_id,
        l1_0.updated_at 
    from
        lesson l1_0 
    where
        l1_0.tutor_id=? 
    order by
        l1_0.lesson_date,
        l1_0.start_time
2026-04-11 11:46:14.263 [http-nio-8080-exec-2] DEBUG o.s.w.s.m.m.a.RequestMappingHandlerMapping - Mapped to com.example.demo.controller.CourseController#getCoursesByTutor(Long)
2026-04-11 11:46:14.263 [http-nio-8080-exec-3] DEBUG org.hibernate.SQL - 
    select
        wt1_0.id,
        wt1_0.course_id,
        wt1_0.created_at,
        wt1_0.day_of_week,
        wt1_0.end_time,
        wt1_0.start_time,
        wt1_0.status,
        wt1_0.student_id,
        wt1_0.tutor_id 
    from
        weekly_template wt1_0 
    where
        wt1_0.tutor_id=?
2026-04-11 11:46:14.264 [http-nio-8080-exec-10] DEBUG org.hibernate.SQL - 
    select
        t1_0.id,
        t1_0.about,
        t1_0.avatar,
        t1_0.birthday,
        t1_0.city,
        t1_0.created_at,
        t1_0.email,
        t1_0.full_name,
        t1_0.is_active,
        t1_0.password_hash,
        t1_0.phone,
        t1_0.role 
    from
        tutor t1_0 
    where
        t1_0.id=?
2026-04-11 11:46:14.264 [http-nio-8080-exec-2] DEBUG org.hibernate.SQL - 
    select
        c1_0.id,
        c1_0.color,
        c1_0.created_at,
        c1_0.description,
        c1_0.name,
        c1_0.tutor_id 
    from
        course c1_0 
    where
        c1_0.tutor_id=?
2026-04-11 11:46:14.264 [http-nio-8080-exec-5] DEBUG org.hibernate.SQL - 
    select
        s1_0.id,
        s1_0.birthday,
        s1_0.created_at,
        s1_0.email,
        s1_0.full_name,
        s1_0.parent_id,
        s1_0.parent_name,
        s1_0.parent_phone,
        s1_0.password_hash,
        s1_0.payment_type,
        s1_0.phone,
        s1_0.role 
    from
        student s1_0
2026-04-11 11:46:14.264 [http-nio-8080-exec-8] DEBUG org.hibernate.SQL - 
    select
        s1_0.id,
        s1_0.birthday,
        s1_0.created_at,
        s1_0.email,
        s1_0.full_name,
        s1_0.parent_id,
        s1_0.parent_name,
        s1_0.parent_phone,
        s1_0.password_hash,
        s1_0.payment_type,
        s1_0.phone,
        s1_0.role 
    from
        student s1_0
2026-04-11 11:46:14.264 [http-nio-8080-exec-6] DEBUG o.s.w.s.m.m.a.HttpEntityMethodProcessor - Using 'application/json', given [application/json, text/plain, */*] and supported [application/json, application/*+json]
2026-04-11 11:46:14.264 [http-nio-8080-exec-4] DEBUG o.s.w.s.m.m.a.HttpEntityMethodProcessor - Using 'application/json', given [application/json, text/plain, */*] and supported [application/json, application/*+json]
2026-04-11 11:46:14.265 [http-nio-8080-exec-6] DEBUG o.s.w.s.m.m.a.HttpEntityMethodProcessor - Writing [[]]
2026-04-11 11:46:14.265 [http-nio-8080-exec-4] DEBUG o.s.w.s.m.m.a.HttpEntityMethodProcessor - Writing [[]]
2026-04-11 11:46:14.265 [http-nio-8080-exec-2] DEBUG o.s.w.s.m.m.a.HttpEntityMethodProcessor - Using 'application/json', given [application/json, text/plain, */*] and supported [application/json, application/*+json]
2026-04-11 11:46:14.265 [http-nio-8080-exec-2] DEBUG o.s.w.s.m.m.a.HttpEntityMethodProcessor - Writing [[]]
2026-04-11 11:46:14.265 [http-nio-8080-exec-5] DEBUG org.hibernate.SQL - 
    select
        p1_0.id,
        p1_0.created_at,
        p1_0.email,
        p1_0.full_name,
        p1_0.password_hash,
        p1_0.phone,
        p1_0.role 
    from
        parent p1_0 
    where
        p1_0.id=?
2026-04-11 11:46:14.265 [http-nio-8080-exec-8] DEBUG org.hibernate.SQL - 
    select
        p1_0.id,
        p1_0.created_at,
        p1_0.email,
        p1_0.full_name,
        p1_0.password_hash,
        p1_0.phone,
        p1_0.role 
    from
        parent p1_0 
    where
        p1_0.id=?
2026-04-11 11:46:14.265 [http-nio-8080-exec-10] DEBUG o.s.w.s.m.m.a.ExceptionHandlerExceptionResolver - Using @ExceptionHandler com.example.demo.exception.GlobalExceptionHandler#handleRuntimeException(RuntimeException)
2026-04-11 11:46:14.265 [http-nio-8080-exec-4] DEBUG o.s.web.servlet.DispatcherServlet - Completed 200 OK
2026-04-11 11:46:14.265 [http-nio-8080-exec-2] DEBUG o.s.web.servlet.DispatcherServlet - Completed 200 OK
2026-04-11 11:46:14.265 [http-nio-8080-exec-6] DEBUG o.s.web.servlet.DispatcherServlet - Completed 200 OK
2026-04-11 11:46:14.265 [http-nio-8080-exec-10] ERROR c.e.d.e.GlobalExceptionHandler - Ошибка выполнения: null
java.lang.NullPointerException
	at java.base/java.util.Objects.requireNonNull(Objects.java:209)
	at java.base/java.util.ImmutableCollections$Map1.<init>(ImmutableCollections.java:1105)
	at java.base/java.util.Map.of(Map.java:1353)
	at com.example.demo.controller.TutorController.getAvatar(TutorController.java:93)
	at jdk.internal.reflect.GeneratedMethodAccessor82.invoke(Unknown Source)
	at java.base/jdk.internal.reflect.DelegatingMethodAccessorImpl.invoke(DelegatingMethodAccessorImpl.java:43)
	at java.base/java.lang.reflect.Method.invoke(Method.java:569)
	at org.springframework.web.method.support.InvocableHandlerMethod.doInvoke(InvocableHandlerMethod.java:252)
	at org.springframework.web.method.support.InvocableHandlerMethod.invokeForRequest(InvocableHandlerMethod.java:184)
	at org.springframework.web.servlet.mvc.method.annotation.ServletInvocableHandlerMethod.invokeAndHandle(ServletInvocableHandlerMethod.java:117)
	at org.springframework.web.servlet.mvc.method.annotation.RequestMappingHandlerAdapter.invokeHandlerMethod(RequestMappingHandlerAdapter.java:934)
	at org.springframework.web.servlet.mvc.method.annotation.RequestMappingHandlerAdapter.handleInternal(RequestMappingHandlerAdapter.java:853)
	at org.springframework.web.servlet.mvc.method.AbstractHandlerMethodAdapter.handle(AbstractHandlerMethodAdapter.java:86)
	at org.springframework.web.servlet.DispatcherServlet.doDispatch(DispatcherServlet.java:963)
	at org.springframework.web.servlet.DispatcherServlet.doService(DispatcherServlet.java:866)
	at org.springframework.web.servlet.FrameworkServlet.processRequest(FrameworkServlet.java:1000)
	at org.springframework.web.servlet.FrameworkServlet.doGet(FrameworkServlet.java:892)
	at jakarta.servlet.http.HttpServlet.service(HttpServlet.java:622)
	at org.springframework.web.servlet.FrameworkServlet.service(FrameworkServlet.java:874)
	at jakarta.servlet.http.HttpServlet.service(HttpServlet.java:710)
	at org.apache.catalina.core.ApplicationFilterChain.doFilter(ApplicationFilterChain.java:128)
	at org.apache.tomcat.websocket.server.WsFilter.doFilter(WsFilter.java:53)
	at org.apache.catalina.core.ApplicationFilterChain.doFilter(ApplicationFilterChain.java:107)
	at org.springframework.web.filter.OncePerRequestFilter.doFilter(OncePerRequestFilter.java:110)
	at org.apache.catalina.core.ApplicationFilterChain.doFilter(ApplicationFilterChain.java:107)
	at org.springframework.web.filter.CompositeFilter$VirtualFilterChain.doFilter(CompositeFilter.java:108)
	at org.springframework.security.web.FilterChainProxy.lambda$doFilterInternal$3(FilterChainProxy.java:235)
	at org.springframework.security.web.FilterChainProxy$VirtualFilterChain.doFilter(FilterChainProxy.java:371)
	at org.springframework.security.web.access.intercept.AuthorizationFilter.doFilter(AuthorizationFilter.java:101)
	at org.springframework.security.web.FilterChainProxy$VirtualFilterChain.doFilter(FilterChainProxy.java:380)
	at org.springframework.security.web.access.ExceptionTranslationFilter.doFilter(ExceptionTranslationFilter.java:126)
	at org.springframework.security.web.access.ExceptionTranslationFilter.doFilter(ExceptionTranslationFilter.java:120)
	at org.springframework.security.web.FilterChainProxy$VirtualFilterChain.doFilter(FilterChainProxy.java:380)
	at org.springframework.security.web.session.SessionManagementFilter.doFilter(SessionManagementFilter.java:132)
	at org.springframework.security.web.session.SessionManagementFilter.doFilter(SessionManagementFilter.java:86)
	at org.springframework.security.web.FilterChainProxy$VirtualFilterChain.doFilter(FilterChainProxy.java:380)
	at org.springframework.security.web.authentication.AnonymousAuthenticationFilter.doFilter(AnonymousAuthenticationFilter.java:100)
	at org.springframework.security.web.FilterChainProxy$VirtualFilterChain.doFilter(FilterChainProxy.java:380)
	at org.springframework.security.web.servletapi.SecurityContextHolderAwareRequestFilter.doFilter(SecurityContextHolderAwareRequestFilter.java:181)
	at org.springframework.security.web.FilterChainProxy$VirtualFilterChain.doFilter(FilterChainProxy.java:380)
	at org.springframework.security.web.savedrequest.RequestCacheAwareFilter.doFilter(RequestCacheAwareFilter.java:63)
	at org.springframework.security.web.FilterChainProxy$VirtualFilterChain.doFilter(FilterChainProxy.java:380)
	at com.example.demo.config.AuthTokenFilter.doFilterInternal(AuthTokenFilter.java:59)
	at org.springframework.web.filter.OncePerRequestFilter.doFilter(OncePerRequestFilter.java:116)
	at org.springframework.security.web.FilterChainProxy$VirtualFilterChain.doFilter(FilterChainProxy.java:380)
	at org.springframework.security.web.authentication.logout.LogoutFilter.doFilter(LogoutFilter.java:110)
	at org.springframework.security.web.authentication.logout.LogoutFilter.doFilter(LogoutFilter.java:96)
	at org.springframework.security.web.FilterChainProxy$VirtualFilterChain.doFilter(FilterChainProxy.java:380)
	at org.springframework.web.filter.CorsFilter.doFilterInternal(CorsFilter.java:91)
	at org.springframework.web.filter.OncePerRequestFilter.doFilter(OncePerRequestFilter.java:116)
	at org.springframework.security.web.FilterChainProxy$VirtualFilterChain.doFilter(FilterChainProxy.java:380)
	at org.springframework.security.web.header.HeaderWriterFilter.doHeadersAfter(HeaderWriterFilter.java:90)
	at org.springframework.security.web.header.HeaderWriterFilter.doFilterInternal(HeaderWriterFilter.java:75)
	at org.springframework.web.filter.OncePerRequestFilter.doFilter(OncePerRequestFilter.java:116)
	at org.springframework.security.web.FilterChainProxy$VirtualFilterChain.doFilter(FilterChainProxy.java:380)
	at org.springframework.security.web.context.SecurityContextHolderFilter.doFilter(SecurityContextHolderFilter.java:82)
	at org.springframework.security.web.context.SecurityContextHolderFilter.doFilter(SecurityContextHolderFilter.java:69)
	at org.springframework.security.web.FilterChainProxy$VirtualFilterChain.doFilter(FilterChainProxy.java:380)
	at org.springframework.security.web.context.request.async.WebAsyncManagerIntegrationFilter.doFilterInternal(WebAsyncManagerIntegrationFilter.java:62)
	at org.springframework.web.filter.OncePerRequestFilter.doFilter(OncePerRequestFilter.java:116)
	at org.springframework.security.web.FilterChainProxy$VirtualFilterChain.doFilter(FilterChainProxy.java:380)
	at org.springframework.security.web.session.DisableEncodeUrlFilter.doFilterInternal(DisableEncodeUrlFilter.java:42)
	at org.springframework.web.filter.OncePerRequestFilter.doFilter(OncePerRequestFilter.java:116)
	at org.springframework.security.web.FilterChainProxy$VirtualFilterChain.doFilter(FilterChainProxy.java:380)
	at org.springframework.security.web.FilterChainProxy.doFilterInternal(FilterChainProxy.java:237)
	at org.springframework.security.web.FilterChainProxy.doFilter(FilterChainProxy.java:195)
	at org.springframework.web.filter.CompositeFilter$VirtualFilterChain.doFilter(CompositeFilter.java:113)
	at org.springframework.web.filter.ServletRequestPathFilter.doFilter(ServletRequestPathFilter.java:52)
	at org.springframework.web.filter.CompositeFilter$VirtualFilterChain.doFilter(CompositeFilter.java:113)
	at org.springframework.web.filter.CompositeFilter.doFilter(CompositeFilter.java:74)
	at org.springframework.security.config.annotation.web.configuration.WebSecurityConfiguration$CompositeFilterChainProxy.doFilter(WebSecurityConfiguration.java:317)
	at org.springframework.web.filter.DelegatingFilterProxy.invokeDelegate(DelegatingFilterProxy.java:355)
	at org.springframework.web.filter.DelegatingFilterProxy.doFilter(DelegatingFilterProxy.java:272)
	at org.apache.catalina.core.ApplicationFilterChain.doFilter(ApplicationFilterChain.java:107)
	at org.springframework.web.filter.RequestContextFilter.doFilterInternal(RequestContextFilter.java:100)
	at org.springframework.web.filter.OncePerRequestFilter.doFilter(OncePerRequestFilter.java:116)
	at org.apache.catalina.core.ApplicationFilterChain.doFilter(ApplicationFilterChain.java:107)
	at org.springframework.web.filter.FormContentFilter.doFilterInternal(FormContentFilter.java:93)
	at org.springframework.web.filter.OncePerRequestFilter.doFilter(OncePerRequestFilter.java:116)
	at org.apache.catalina.core.ApplicationFilterChain.doFilter(ApplicationFilterChain.java:107)
	at org.springframework.web.filter.CharacterEncodingFilter.doFilterInternal(CharacterEncodingFilter.java:199)
	at org.springframework.web.filter.OncePerRequestFilter.doFilter(OncePerRequestFilter.java:116)
	at org.apache.catalina.core.ApplicationFilterChain.doFilter(ApplicationFilterChain.java:107)
	at org.apache.catalina.core.StandardWrapperValve.invoke(StandardWrapperValve.java:165)
	at org.apache.catalina.core.StandardContextValve.invoke(StandardContextValve.java:77)
	at org.apache.catalina.authenticator.AuthenticatorBase.invoke(AuthenticatorBase.java:492)
	at org.apache.catalina.core.StandardHostValve.invoke(StandardHostValve.java:113)
	at org.apache.catalina.valves.ErrorReportValve.invoke(ErrorReportValve.java:83)
	at org.apache.catalina.core.StandardEngineValve.invoke(StandardEngineValve.java:72)
	at org.apache.catalina.connector.CoyoteAdapter.service(CoyoteAdapter.java:341)
	at org.apache.coyote.http11.Http11Processor.service(Http11Processor.java:397)
	at org.apache.coyote.AbstractProcessorLight.process(AbstractProcessorLight.java:63)
	at org.apache.coyote.AbstractProtocol$ConnectionHandler.process(AbstractProtocol.java:903)
	at org.apache.tomcat.util.net.NioEndpoint$SocketProcessor.doRun(NioEndpoint.java:1779)
	at org.apache.tomcat.util.net.SocketProcessorBase.run(SocketProcessorBase.java:52)
	at org.apache.tomcat.util.threads.ThreadPoolExecutor.runWorker(ThreadPoolExecutor.java:946)
	at org.apache.tomcat.util.threads.ThreadPoolExecutor$Worker.run(ThreadPoolExecutor.java:480)
	at org.apache.tomcat.util.threads.TaskThread$WrappingRunnable.run(TaskThread.java:57)
	at java.base/java.lang.Thread.run(Thread.java:840)
2026-04-11 11:46:14.266 [http-nio-8080-exec-10] DEBUG o.s.w.s.m.m.a.HttpEntityMethodProcessor - Using 'application/json', given [application/json, text/plain, */*] and supported [application/json, application/*+json]
2026-04-11 11:46:14.266 [http-nio-8080-exec-3] DEBUG o.s.w.s.m.m.a.HttpEntityMethodProcessor - Using 'application/json', given [application/json, text/plain, */*] and supported [application/json, application/*+json]
2026-04-11 11:46:14.266 [http-nio-8080-exec-1] DEBUG o.s.w.s.m.m.a.HttpEntityMethodProcessor - Using 'application/json', given [application/json, text/plain, */*] and supported [application/json, application/*+json]
2026-04-11 11:46:14.266 [http-nio-8080-exec-10] DEBUG o.s.w.s.m.m.a.HttpEntityMethodProcessor - Writing [{error=Внутренняя ошибка сервера}]
2026-04-11 11:46:14.266 [http-nio-8080-exec-9] DEBUG o.s.w.s.m.m.a.HttpEntityMethodProcessor - Using 'application/json', given [application/json, text/plain, */*] and supported [application/json, application/*+json]
2026-04-11 11:46:14.266 [http-nio-8080-exec-1] DEBUG o.s.w.s.m.m.a.HttpEntityMethodProcessor - Writing [[]]
2026-04-11 11:46:14.266 [http-nio-8080-exec-3] DEBUG o.s.w.s.m.m.a.HttpEntityMethodProcessor - Writing [[]]
2026-04-11 11:46:14.266 [http-nio-8080-exec-9] DEBUG o.s.w.s.m.m.a.HttpEntityMethodProcessor - Writing [[]]
2026-04-11 11:46:14.266 [http-nio-8080-exec-5] DEBUG org.hibernate.SQL - 
    select
        t1_0.student_id,
        t1_1.id,
        t1_1.about,
        t1_1.avatar,
        t1_1.birthday,
        t1_1.city,
        t1_1.created_at,
        t1_1.email,
        t1_1.full_name,
        t1_1.is_active,
        t1_1.password_hash,
        t1_1.phone,
        t1_1.role 
    from
        student_tutor t1_0 
    join
        tutor t1_1 
            on t1_1.id=t1_0.tutor_id 
    where
        t1_0.student_id=?
2026-04-11 11:46:14.266 [http-nio-8080-exec-8] DEBUG org.hibernate.SQL - 
    select
        t1_0.student_id,
        t1_1.id,
        t1_1.about,
        t1_1.avatar,
        t1_1.birthday,
        t1_1.city,
        t1_1.created_at,
        t1_1.email,
        t1_1.full_name,
        t1_1.is_active,
        t1_1.password_hash,
        t1_1.phone,
        t1_1.role 
    from
        student_tutor t1_0 
    join
        tutor t1_1 
            on t1_1.id=t1_0.tutor_id 
    where
        t1_0.student_id=?
2026-04-11 11:46:14.267 [http-nio-8080-exec-10] DEBUG o.s.w.s.m.m.a.ExceptionHandlerExceptionResolver - Resolved [java.lang.NullPointerException]
2026-04-11 11:46:14.267 [http-nio-8080-exec-1] DEBUG o.s.web.servlet.DispatcherServlet - Completed 200 OK
2026-04-11 11:46:14.267 [http-nio-8080-exec-10] DEBUG o.s.web.servlet.DispatcherServlet - Completed 500 INTERNAL_SERVER_ERROR
2026-04-11 11:46:14.267 [http-nio-8080-exec-3] DEBUG o.s.web.servlet.DispatcherServlet - Completed 200 OK
2026-04-11 11:46:14.267 [http-nio-8080-exec-9] DEBUG o.s.web.servlet.DispatcherServlet - Completed 200 OK
2026-04-11 11:46:14.268 [http-nio-8080-exec-8] DEBUG org.hibernate.SQL - 
    select
        r1_0.student_id,
        r1_0.id,
        r1_0.rate_per_lesson,
        r1_0.tutor_id,
        t1_0.id,
        t1_0.about,
        t1_0.avatar,
        t1_0.birthday,
        t1_0.city,
        t1_0.created_at,
        t1_0.email,
        t1_0.full_name,
        t1_0.is_active,
        t1_0.password_hash,
        t1_0.phone,
        t1_0.role 
    from
        student_rate r1_0 
    left join
        tutor t1_0 
            on t1_0.id=r1_0.tutor_id 
    where
        r1_0.student_id=?
2026-04-11 11:46:14.268 [http-nio-8080-exec-5] DEBUG org.hibernate.SQL - 
    select
        r1_0.student_id,
        r1_0.id,
        r1_0.rate_per_lesson,
        r1_0.tutor_id,
        t1_0.id,
        t1_0.about,
        t1_0.avatar,
        t1_0.birthday,
        t1_0.city,
        t1_0.created_at,
        t1_0.email,
        t1_0.full_name,
        t1_0.is_active,
        t1_0.password_hash,
        t1_0.phone,
        t1_0.role 
    from
        student_rate r1_0 
    left join
        tutor t1_0 
            on t1_0.id=r1_0.tutor_id 
    where
        r1_0.student_id=?
2026-04-11 11:46:14.270 [http-nio-8080-exec-8] DEBUG o.s.w.s.m.m.a.HttpEntityMethodProcessor - Using 'application/json', given [application/json, text/plain, */*] and supported [application/json, application/*+json]
2026-04-11 11:46:14.270 [http-nio-8080-exec-5] DEBUG o.s.w.s.m.m.a.HttpEntityMethodProcessor - Using 'application/json', given [application/json, text/plain, */*] and supported [application/json, application/*+json]
2026-04-11 11:46:14.270 [http-nio-8080-exec-8] DEBUG o.s.w.s.m.m.a.HttpEntityMethodProcessor - Writing [[com.example.demo.entity.Student@ee1cff2]]
2026-04-11 11:46:14.270 [http-nio-8080-exec-5] DEBUG o.s.w.s.m.m.a.HttpEntityMethodProcessor - Writing [[com.example.demo.entity.Student@5294f357]]
2026-04-11 11:46:14.271 [http-nio-8080-exec-8] DEBUG o.s.web.servlet.DispatcherServlet - Completed 200 OK
2026-04-11 11:46:14.271 [http-nio-8080-exec-5] DEBUG o.s.web.servlet.DispatcherServlet - Completed 200 OK
2026-04-11 12:21:15.788 [HikariPool-1:housekeeper] WARN  com.zaxxer.hikari.pool.HikariPool - HikariPool-1 - Thread starvation or clock leap detected (housekeeper delta=34m10s274ms937µs200ns).
2026-04-11 14:23:14.700 [HikariPool-1:housekeeper] WARN  com.zaxxer.hikari.pool.HikariPool - HikariPool-1 - Thread starvation or clock leap detected (housekeeper delta=1m56s943ms808µs).
2026-04-11 18:04:19.987 [HikariPool-1:housekeeper] WARN  com.zaxxer.hikari.pool.HikariPool - HikariPool-1 - Thread starvation or clock leap detected (housekeeper delta=4m29s987ms801µs).
2026-04-11 19:28:01.837 [HikariPool-1:housekeeper] WARN  com.zaxxer.hikari.pool.HikariPool - HikariPool-1 - Thread starvation or clock leap detected (housekeeper delta=1m58s461ms392µs400ns).
2026-04-11 20:07:41.906 [http-nio-8080-exec-3] DEBUG o.s.security.web.FilterChainProxy - Securing OPTIONS /api/lessons/all?tutorId=3
2026-04-11 20:07:41.906 [http-nio-8080-exec-5] DEBUG o.s.security.web.FilterChainProxy - Securing OPTIONS /api/lessons/all?tutorId=3
2026-04-11 20:07:41.906 [http-nio-8080-exec-10] DEBUG o.s.security.web.FilterChainProxy - Securing OPTIONS /api/tutors/3/avatar
2026-04-11 20:07:41.906 [http-nio-8080-exec-4] DEBUG o.s.security.web.FilterChainProxy - Securing OPTIONS /api/lessons/all?tutorId=3
2026-04-11 20:07:41.906 [http-nio-8080-exec-8] DEBUG o.s.security.web.FilterChainProxy - Securing OPTIONS /api/lessons/all?tutorId=3
2026-04-11 20:07:41.941 [http-nio-8080-exec-2] DEBUG o.s.security.web.FilterChainProxy - Securing GET /api/lessons/all?tutorId=3
2026-04-11 20:07:41.941 [http-nio-8080-exec-7] DEBUG o.s.security.web.FilterChainProxy - Securing GET /api/lessons/all?tutorId=3
2026-04-11 20:07:41.941 [http-nio-8080-exec-1] DEBUG o.s.security.web.FilterChainProxy - Securing GET /api/tutors/3/avatar
2026-04-11 20:07:41.941 [http-nio-8080-exec-6] DEBUG o.s.security.web.FilterChainProxy - Securing GET /api/lessons/all?tutorId=3
2026-04-11 20:07:41.941 [http-nio-8080-exec-9] DEBUG o.s.security.web.FilterChainProxy - Securing GET /api/lessons/all?tutorId=3
2026-04-11 20:07:41.989 [http-nio-8080-exec-2] DEBUG o.s.security.web.FilterChainProxy - Secured GET /api/lessons/all?tutorId=3
2026-04-11 20:07:41.989 [http-nio-8080-exec-6] DEBUG o.s.security.web.FilterChainProxy - Secured GET /api/lessons/all?tutorId=3
2026-04-11 20:07:41.989 [http-nio-8080-exec-7] DEBUG o.s.security.web.FilterChainProxy - Secured GET /api/lessons/all?tutorId=3
2026-04-11 20:07:41.989 [http-nio-8080-exec-1] DEBUG o.s.security.web.FilterChainProxy - Secured GET /api/tutors/3/avatar
2026-04-11 20:07:41.989 [http-nio-8080-exec-9] DEBUG o.s.security.web.FilterChainProxy - Secured GET /api/lessons/all?tutorId=3
2026-04-11 20:07:41.993 [http-nio-8080-exec-1] DEBUG o.s.web.servlet.DispatcherServlet - GET "/api/tutors/3/avatar", parameters={}
2026-04-11 20:07:41.993 [http-nio-8080-exec-9] DEBUG o.s.web.servlet.DispatcherServlet - GET "/api/lessons/all?tutorId=3", parameters={masked}
2026-04-11 20:07:41.993 [http-nio-8080-exec-7] DEBUG o.s.web.servlet.DispatcherServlet - GET "/api/lessons/all?tutorId=3", parameters={masked}
2026-04-11 20:07:41.993 [http-nio-8080-exec-2] DEBUG o.s.web.servlet.DispatcherServlet - GET "/api/lessons/all?tutorId=3", parameters={masked}
2026-04-11 20:07:41.993 [http-nio-8080-exec-6] DEBUG o.s.web.servlet.DispatcherServlet - GET "/api/lessons/all?tutorId=3", parameters={masked}
2026-04-11 20:07:42.001 [http-nio-8080-exec-7] DEBUG o.s.w.s.m.m.a.RequestMappingHandlerMapping - Mapped to com.example.demo.controller.LessonController#getAllLessons(Long, Long)
2026-04-11 20:07:42.001 [http-nio-8080-exec-6] DEBUG o.s.w.s.m.m.a.RequestMappingHandlerMapping - Mapped to com.example.demo.controller.LessonController#getAllLessons(Long, Long)
2026-04-11 20:07:42.001 [http-nio-8080-exec-2] DEBUG o.s.w.s.m.m.a.RequestMappingHandlerMapping - Mapped to com.example.demo.controller.LessonController#getAllLessons(Long, Long)
2026-04-11 20:07:42.001 [http-nio-8080-exec-9] DEBUG o.s.w.s.m.m.a.RequestMappingHandlerMapping - Mapped to com.example.demo.controller.LessonController#getAllLessons(Long, Long)
2026-04-11 20:07:42.004 [http-nio-8080-exec-1] DEBUG o.s.w.s.m.m.a.RequestMappingHandlerMapping - Mapped to com.example.demo.controller.TutorController#getAvatar(Long)
2026-04-11 20:07:42.043 [http-nio-8080-exec-9] DEBUG o.s.s.a.m.AuthorizationManagerBeforeMethodInterceptor - Authorizing method invocation ReflectiveMethodInvocation: public org.springframework.http.ResponseEntity com.example.demo.controller.LessonController.getAllLessons(java.lang.Long,java.lang.Long); target is of class [com.example.demo.controller.LessonController]
2026-04-11 20:07:42.043 [http-nio-8080-exec-2] DEBUG o.s.s.a.m.AuthorizationManagerBeforeMethodInterceptor - Authorizing method invocation ReflectiveMethodInvocation: public org.springframework.http.ResponseEntity com.example.demo.controller.LessonController.getAllLessons(java.lang.Long,java.lang.Long); target is of class [com.example.demo.controller.LessonController]
2026-04-11 20:07:42.043 [http-nio-8080-exec-6] DEBUG o.s.s.a.m.AuthorizationManagerBeforeMethodInterceptor - Authorizing method invocation ReflectiveMethodInvocation: public org.springframework.http.ResponseEntity com.example.demo.controller.LessonController.getAllLessons(java.lang.Long,java.lang.Long); target is of class [com.example.demo.controller.LessonController]
2026-04-11 20:07:42.043 [http-nio-8080-exec-7] DEBUG o.s.s.a.m.AuthorizationManagerBeforeMethodInterceptor - Authorizing method invocation ReflectiveMethodInvocation: public org.springframework.http.ResponseEntity com.example.demo.controller.LessonController.getAllLessons(java.lang.Long,java.lang.Long); target is of class [com.example.demo.controller.LessonController]
2026-04-11 20:07:42.056 [http-nio-8080-exec-6] DEBUG o.s.s.a.m.AuthorizationManagerBeforeMethodInterceptor - Authorized method invocation ReflectiveMethodInvocation: public org.springframework.http.ResponseEntity com.example.demo.controller.LessonController.getAllLessons(java.lang.Long,java.lang.Long); target is of class [com.example.demo.controller.LessonController]
2026-04-11 20:07:42.056 [http-nio-8080-exec-9] DEBUG o.s.s.a.m.AuthorizationManagerBeforeMethodInterceptor - Authorized method invocation ReflectiveMethodInvocation: public org.springframework.http.ResponseEntity com.example.demo.controller.LessonController.getAllLessons(java.lang.Long,java.lang.Long); target is of class [com.example.demo.controller.LessonController]
2026-04-11 20:07:42.056 [http-nio-8080-exec-7] DEBUG o.s.s.a.m.AuthorizationManagerBeforeMethodInterceptor - Authorized method invocation ReflectiveMethodInvocation: public org.springframework.http.ResponseEntity com.example.demo.controller.LessonController.getAllLessons(java.lang.Long,java.lang.Long); target is of class [com.example.demo.controller.LessonController]
2026-04-11 20:07:42.056 [http-nio-8080-exec-2] DEBUG o.s.s.a.m.AuthorizationManagerBeforeMethodInterceptor - Authorized method invocation ReflectiveMethodInvocation: public org.springframework.http.ResponseEntity com.example.demo.controller.LessonController.getAllLessons(java.lang.Long,java.lang.Long); target is of class [com.example.demo.controller.LessonController]
2026-04-11 20:07:42.084 [http-nio-8080-exec-1] DEBUG org.hibernate.SQL - 
    select
        t1_0.id,
        t1_0.about,
        t1_0.avatar,
        t1_0.birthday,
        t1_0.city,
        t1_0.created_at,
        t1_0.email,
        t1_0.full_name,
        t1_0.is_active,
        t1_0.password_hash,
        t1_0.phone,
        t1_0.role 
    from
        tutor t1_0 
    where
        t1_0.id=?
2026-04-11 20:07:42.101 [http-nio-8080-exec-6] DEBUG org.hibernate.SQL - 
    select
        l1_0.id,
        l1_0.completed_at,
        l1_0.course_id,
        l1_0.created_at,
        l1_0.end_time,
        l1_0.lesson_date,
        l1_0.next_lesson_plan,
        l1_0.notes,
        l1_0.original_lesson_id,
        l1_0.paid_at,
        l1_0.start_time,
        l1_0.status,
        l1_0.student_id,
        l1_0.tutor_id,
        l1_0.updated_at 
    from
        lesson l1_0 
    where
        l1_0.tutor_id=? 
    order by
        l1_0.lesson_date,
        l1_0.start_time
2026-04-11 20:07:42.101 [http-nio-8080-exec-7] DEBUG org.hibernate.SQL - 
    select
        l1_0.id,
        l1_0.completed_at,
        l1_0.course_id,
        l1_0.created_at,
        l1_0.end_time,
        l1_0.lesson_date,
        l1_0.next_lesson_plan,
        l1_0.notes,
        l1_0.original_lesson_id,
        l1_0.paid_at,
        l1_0.start_time,
        l1_0.status,
        l1_0.student_id,
        l1_0.tutor_id,
        l1_0.updated_at 
    from
        lesson l1_0 
    where
        l1_0.tutor_id=? 
    order by
        l1_0.lesson_date,
        l1_0.start_time
2026-04-11 20:07:42.101 [http-nio-8080-exec-2] DEBUG org.hibernate.SQL - 
    select
        l1_0.id,
        l1_0.completed_at,
        l1_0.course_id,
        l1_0.created_at,
        l1_0.end_time,
        l1_0.lesson_date,
        l1_0.next_lesson_plan,
        l1_0.notes,
        l1_0.original_lesson_id,
        l1_0.paid_at,
        l1_0.start_time,
        l1_0.status,
        l1_0.student_id,
        l1_0.tutor_id,
        l1_0.updated_at 
    from
        lesson l1_0 
    where
        l1_0.tutor_id=? 
    order by
        l1_0.lesson_date,
        l1_0.start_time
2026-04-11 20:07:42.101 [http-nio-8080-exec-9] DEBUG org.hibernate.SQL - 
    select
        l1_0.id,
        l1_0.completed_at,
        l1_0.course_id,
        l1_0.created_at,
        l1_0.end_time,
        l1_0.lesson_date,
        l1_0.next_lesson_plan,
        l1_0.notes,
        l1_0.original_lesson_id,
        l1_0.paid_at,
        l1_0.start_time,
        l1_0.status,
        l1_0.student_id,
        l1_0.tutor_id,
        l1_0.updated_at 
    from
        lesson l1_0 
    where
        l1_0.tutor_id=? 
    order by
        l1_0.lesson_date,
        l1_0.start_time
2026-04-11 20:07:42.122 [http-nio-8080-exec-9] DEBUG o.s.w.s.m.m.a.HttpEntityMethodProcessor - Using 'application/json', given [application/json, text/plain, */*] and supported [application/json, application/*+json]
2026-04-11 20:07:42.122 [http-nio-8080-exec-2] DEBUG o.s.w.s.m.m.a.HttpEntityMethodProcessor - Using 'application/json', given [application/json, text/plain, */*] and supported [application/json, application/*+json]
2026-04-11 20:07:42.122 [http-nio-8080-exec-6] DEBUG o.s.w.s.m.m.a.HttpEntityMethodProcessor - Using 'application/json', given [application/json, text/plain, */*] and supported [application/json, application/*+json]
2026-04-11 20:07:42.122 [http-nio-8080-exec-7] DEBUG o.s.w.s.m.m.a.HttpEntityMethodProcessor - Using 'application/json', given [application/json, text/plain, */*] and supported [application/json, application/*+json]
2026-04-11 20:07:42.126 [http-nio-8080-exec-7] DEBUG o.s.w.s.m.m.a.HttpEntityMethodProcessor - Writing [[]]
2026-04-11 20:07:42.126 [http-nio-8080-exec-6] DEBUG o.s.w.s.m.m.a.HttpEntityMethodProcessor - Writing [[]]
2026-04-11 20:07:42.126 [http-nio-8080-exec-2] DEBUG o.s.w.s.m.m.a.HttpEntityMethodProcessor - Writing [[]]
2026-04-11 20:07:42.126 [http-nio-8080-exec-9] DEBUG o.s.w.s.m.m.a.HttpEntityMethodProcessor - Writing [[]]
2026-04-11 20:07:42.133 [http-nio-8080-exec-1] DEBUG o.s.w.s.m.m.a.ExceptionHandlerExceptionResolver - Using @ExceptionHandler com.example.demo.exception.GlobalExceptionHandler#handleRuntimeException(RuntimeException)
2026-04-11 20:07:42.134 [http-nio-8080-exec-1] ERROR c.e.d.e.GlobalExceptionHandler - Ошибка выполнения: null
java.lang.NullPointerException
	at java.base/java.util.Objects.requireNonNull(Objects.java:209)
	at java.base/java.util.ImmutableCollections$Map1.<init>(ImmutableCollections.java:1105)
	at java.base/java.util.Map.of(Map.java:1353)
	at com.example.demo.controller.TutorController.getAvatar(TutorController.java:93)
	at jdk.internal.reflect.GeneratedMethodAccessor82.invoke(Unknown Source)
	at java.base/jdk.internal.reflect.DelegatingMethodAccessorImpl.invoke(DelegatingMethodAccessorImpl.java:43)
	at java.base/java.lang.reflect.Method.invoke(Method.java:569)
	at org.springframework.web.method.support.InvocableHandlerMethod.doInvoke(InvocableHandlerMethod.java:252)
	at org.springframework.web.method.support.InvocableHandlerMethod.invokeForRequest(InvocableHandlerMethod.java:184)
	at org.springframework.web.servlet.mvc.method.annotation.ServletInvocableHandlerMethod.invokeAndHandle(ServletInvocableHandlerMethod.java:117)
	at org.springframework.web.servlet.mvc.method.annotation.RequestMappingHandlerAdapter.invokeHandlerMethod(RequestMappingHandlerAdapter.java:934)
	at org.springframework.web.servlet.mvc.method.annotation.RequestMappingHandlerAdapter.handleInternal(RequestMappingHandlerAdapter.java:853)
	at org.springframework.web.servlet.mvc.method.AbstractHandlerMethodAdapter.handle(AbstractHandlerMethodAdapter.java:86)
	at org.springframework.web.servlet.DispatcherServlet.doDispatch(DispatcherServlet.java:963)
	at org.springframework.web.servlet.DispatcherServlet.doService(DispatcherServlet.java:866)
	at org.springframework.web.servlet.FrameworkServlet.processRequest(FrameworkServlet.java:1000)
	at org.springframework.web.servlet.FrameworkServlet.doGet(FrameworkServlet.java:892)
	at jakarta.servlet.http.HttpServlet.service(HttpServlet.java:622)
	at org.springframework.web.servlet.FrameworkServlet.service(FrameworkServlet.java:874)
	at jakarta.servlet.http.HttpServlet.service(HttpServlet.java:710)
	at org.apache.catalina.core.ApplicationFilterChain.doFilter(ApplicationFilterChain.java:128)
	at org.apache.tomcat.websocket.server.WsFilter.doFilter(WsFilter.java:53)
	at org.apache.catalina.core.ApplicationFilterChain.doFilter(ApplicationFilterChain.java:107)
	at org.springframework.web.filter.OncePerRequestFilter.doFilter(OncePerRequestFilter.java:110)
	at org.apache.catalina.core.ApplicationFilterChain.doFilter(ApplicationFilterChain.java:107)
	at org.springframework.web.filter.CompositeFilter$VirtualFilterChain.doFilter(CompositeFilter.java:108)
	at org.springframework.security.web.FilterChainProxy.lambda$doFilterInternal$3(FilterChainProxy.java:235)
	at org.springframework.security.web.FilterChainProxy$VirtualFilterChain.doFilter(FilterChainProxy.java:371)
	at org.springframework.security.web.access.intercept.AuthorizationFilter.doFilter(AuthorizationFilter.java:101)
	at org.springframework.security.web.FilterChainProxy$VirtualFilterChain.doFilter(FilterChainProxy.java:380)
	at org.springframework.security.web.access.ExceptionTranslationFilter.doFilter(ExceptionTranslationFilter.java:126)
	at org.springframework.security.web.access.ExceptionTranslationFilter.doFilter(ExceptionTranslationFilter.java:120)
	at org.springframework.security.web.FilterChainProxy$VirtualFilterChain.doFilter(FilterChainProxy.java:380)
	at org.springframework.security.web.session.SessionManagementFilter.doFilter(SessionManagementFilter.java:132)
	at org.springframework.security.web.session.SessionManagementFilter.doFilter(SessionManagementFilter.java:86)
	at org.springframework.security.web.FilterChainProxy$VirtualFilterChain.doFilter(FilterChainProxy.java:380)
	at org.springframework.security.web.authentication.AnonymousAuthenticationFilter.doFilter(AnonymousAuthenticationFilter.java:100)
	at org.springframework.security.web.FilterChainProxy$VirtualFilterChain.doFilter(FilterChainProxy.java:380)
	at org.springframework.security.web.servletapi.SecurityContextHolderAwareRequestFilter.doFilter(SecurityContextHolderAwareRequestFilter.java:181)
	at org.springframework.security.web.FilterChainProxy$VirtualFilterChain.doFilter(FilterChainProxy.java:380)
	at org.springframework.security.web.savedrequest.RequestCacheAwareFilter.doFilter(RequestCacheAwareFilter.java:63)
	at org.springframework.security.web.FilterChainProxy$VirtualFilterChain.doFilter(FilterChainProxy.java:380)
	at com.example.demo.config.AuthTokenFilter.doFilterInternal(AuthTokenFilter.java:59)
	at org.springframework.web.filter.OncePerRequestFilter.doFilter(OncePerRequestFilter.java:116)
	at org.springframework.security.web.FilterChainProxy$VirtualFilterChain.doFilter(FilterChainProxy.java:380)
	at org.springframework.security.web.authentication.logout.LogoutFilter.doFilter(LogoutFilter.java:110)
	at org.springframework.security.web.authentication.logout.LogoutFilter.doFilter(LogoutFilter.java:96)
	at org.springframework.security.web.FilterChainProxy$VirtualFilterChain.doFilter(FilterChainProxy.java:380)
	at org.springframework.web.filter.CorsFilter.doFilterInternal(CorsFilter.java:91)
	at org.springframework.web.filter.OncePerRequestFilter.doFilter(OncePerRequestFilter.java:116)
	at org.springframework.security.web.FilterChainProxy$VirtualFilterChain.doFilter(FilterChainProxy.java:380)
	at org.springframework.security.web.header.HeaderWriterFilter.doHeadersAfter(HeaderWriterFilter.java:90)
	at org.springframework.security.web.header.HeaderWriterFilter.doFilterInternal(HeaderWriterFilter.java:75)
	at org.springframework.web.filter.OncePerRequestFilter.doFilter(OncePerRequestFilter.java:116)
	at org.springframework.security.web.FilterChainProxy$VirtualFilterChain.doFilter(FilterChainProxy.java:380)
	at org.springframework.security.web.context.SecurityContextHolderFilter.doFilter(SecurityContextHolderFilter.java:82)
	at org.springframework.security.web.context.SecurityContextHolderFilter.doFilter(SecurityContextHolderFilter.java:69)
	at org.springframework.security.web.FilterChainProxy$VirtualFilterChain.doFilter(FilterChainProxy.java:380)
	at org.springframework.security.web.context.request.async.WebAsyncManagerIntegrationFilter.doFilterInternal(WebAsyncManagerIntegrationFilter.java:62)
	at org.springframework.web.filter.OncePerRequestFilter.doFilter(OncePerRequestFilter.java:116)
	at org.springframework.security.web.FilterChainProxy$VirtualFilterChain.doFilter(FilterChainProxy.java:380)
	at org.springframework.security.web.session.DisableEncodeUrlFilter.doFilterInternal(DisableEncodeUrlFilter.java:42)
	at org.springframework.web.filter.OncePerRequestFilter.doFilter(OncePerRequestFilter.java:116)
	at org.springframework.security.web.FilterChainProxy$VirtualFilterChain.doFilter(FilterChainProxy.java:380)
	at org.springframework.security.web.FilterChainProxy.doFilterInternal(FilterChainProxy.java:237)
	at org.springframework.security.web.FilterChainProxy.doFilter(FilterChainProxy.java:195)
	at org.springframework.web.filter.CompositeFilter$VirtualFilterChain.doFilter(CompositeFilter.java:113)
	at org.springframework.web.filter.ServletRequestPathFilter.doFilter(ServletRequestPathFilter.java:52)
	at org.springframework.web.filter.CompositeFilter$VirtualFilterChain.doFilter(CompositeFilter.java:113)
	at org.springframework.web.filter.CompositeFilter.doFilter(CompositeFilter.java:74)
	at org.springframework.security.config.annotation.web.configuration.WebSecurityConfiguration$CompositeFilterChainProxy.doFilter(WebSecurityConfiguration.java:317)
	at org.springframework.web.filter.DelegatingFilterProxy.invokeDelegate(DelegatingFilterProxy.java:355)
	at org.springframework.web.filter.DelegatingFilterProxy.doFilter(DelegatingFilterProxy.java:272)
	at org.apache.catalina.core.ApplicationFilterChain.doFilter(ApplicationFilterChain.java:107)
	at org.springframework.web.filter.RequestContextFilter.doFilterInternal(RequestContextFilter.java:100)
	at org.springframework.web.filter.OncePerRequestFilter.doFilter(OncePerRequestFilter.java:116)
	at org.apache.catalina.core.ApplicationFilterChain.doFilter(ApplicationFilterChain.java:107)
	at org.springframework.web.filter.FormContentFilter.doFilterInternal(FormContentFilter.java:93)
	at org.springframework.web.filter.OncePerRequestFilter.doFilter(OncePerRequestFilter.java:116)
	at org.apache.catalina.core.ApplicationFilterChain.doFilter(ApplicationFilterChain.java:107)
	at org.springframework.web.filter.CharacterEncodingFilter.doFilterInternal(CharacterEncodingFilter.java:199)
	at org.springframework.web.filter.OncePerRequestFilter.doFilter(OncePerRequestFilter.java:116)
	at org.apache.catalina.core.ApplicationFilterChain.doFilter(ApplicationFilterChain.java:107)
	at org.apache.catalina.core.StandardWrapperValve.invoke(StandardWrapperValve.java:165)
	at org.apache.catalina.core.StandardContextValve.invoke(StandardContextValve.java:77)
	at org.apache.catalina.authenticator.AuthenticatorBase.invoke(AuthenticatorBase.java:492)
	at org.apache.catalina.core.StandardHostValve.invoke(StandardHostValve.java:113)
	at org.apache.catalina.valves.ErrorReportValve.invoke(ErrorReportValve.java:83)
	at org.apache.catalina.core.StandardEngineValve.invoke(StandardEngineValve.java:72)
	at org.apache.catalina.connector.CoyoteAdapter.service(CoyoteAdapter.java:341)
	at org.apache.coyote.http11.Http11Processor.service(Http11Processor.java:397)
	at org.apache.coyote.AbstractProcessorLight.process(AbstractProcessorLight.java:63)
	at org.apache.coyote.AbstractProtocol$ConnectionHandler.process(AbstractProtocol.java:903)
	at org.apache.tomcat.util.net.NioEndpoint$SocketProcessor.doRun(NioEndpoint.java:1779)
	at org.apache.tomcat.util.net.SocketProcessorBase.run(SocketProcessorBase.java:52)
	at org.apache.tomcat.util.threads.ThreadPoolExecutor.runWorker(ThreadPoolExecutor.java:946)
	at org.apache.tomcat.util.threads.ThreadPoolExecutor$Worker.run(ThreadPoolExecutor.java:480)
	at org.apache.tomcat.util.threads.TaskThread$WrappingRunnable.run(TaskThread.java:57)
	at java.base/java.lang.Thread.run(Thread.java:840)
2026-04-11 20:07:42.140 [http-nio-8080-exec-1] DEBUG o.s.w.s.m.m.a.HttpEntityMethodProcessor - Using 'application/json', given [application/json, text/plain, */*] and supported [application/json, application/*+json]
2026-04-11 20:07:42.141 [http-nio-8080-exec-1] DEBUG o.s.w.s.m.m.a.HttpEntityMethodProcessor - Writing [{error=Внутренняя ошибка сервера}]
2026-04-11 20:07:42.146 [http-nio-8080-exec-1] DEBUG o.s.w.s.m.m.a.ExceptionHandlerExceptionResolver - Resolved [java.lang.NullPointerException]
2026-04-11 20:07:42.148 [http-nio-8080-exec-6] DEBUG o.s.web.servlet.DispatcherServlet - Completed 200 OK
2026-04-11 20:07:42.148 [http-nio-8080-exec-9] DEBUG o.s.web.servlet.DispatcherServlet - Completed 200 OK
2026-04-11 20:07:42.148 [http-nio-8080-exec-1] DEBUG o.s.web.servlet.DispatcherServlet - Completed 500 INTERNAL_SERVER_ERROR
2026-04-11 20:07:42.148 [http-nio-8080-exec-2] DEBUG o.s.web.servlet.DispatcherServlet - Completed 200 OK
2026-04-11 20:07:42.148 [http-nio-8080-exec-7] DEBUG o.s.web.servlet.DispatcherServlet - Completed 200 OK
2026-04-11 20:07:48.561 [http-nio-8080-exec-3] DEBUG o.s.security.web.FilterChainProxy - Securing GET /api/tutors/3/avatar
2026-04-11 20:07:48.565 [http-nio-8080-exec-4] DEBUG o.s.security.web.FilterChainProxy - Securing GET /api/lessons/all?tutorId=3
2026-04-11 20:07:48.569 [http-nio-8080-exec-10] DEBUG o.s.security.web.FilterChainProxy - Securing GET /api/lessons/all?tutorId=3
2026-04-11 20:07:48.574 [http-nio-8080-exec-4] DEBUG o.s.security.web.FilterChainProxy - Secured GET /api/lessons/all?tutorId=3
2026-04-11 20:07:48.574 [http-nio-8080-exec-4] DEBUG o.s.web.servlet.DispatcherServlet - GET "/api/lessons/all?tutorId=3", parameters={masked}
2026-04-11 20:07:48.575 [http-nio-8080-exec-4] DEBUG o.s.w.s.m.m.a.RequestMappingHandlerMapping - Mapped to com.example.demo.controller.LessonController#getAllLessons(Long, Long)
2026-04-11 20:07:48.576 [http-nio-8080-exec-3] DEBUG o.s.security.web.FilterChainProxy - Secured GET /api/tutors/3/avatar
2026-04-11 20:07:48.576 [http-nio-8080-exec-3] DEBUG o.s.web.servlet.DispatcherServlet - GET "/api/tutors/3/avatar", parameters={}
2026-04-11 20:07:48.576 [http-nio-8080-exec-10] DEBUG o.s.security.web.FilterChainProxy - Secured GET /api/lessons/all?tutorId=3
2026-04-11 20:07:48.576 [http-nio-8080-exec-5] DEBUG o.s.security.web.FilterChainProxy - Securing OPTIONS /api/subscriptions/tutor/3
2026-04-11 20:07:48.576 [http-nio-8080-exec-10] DEBUG o.s.web.servlet.DispatcherServlet - GET "/api/lessons/all?tutorId=3", parameters={masked}
2026-04-11 20:07:48.576 [http-nio-8080-exec-8] DEBUG o.s.security.web.FilterChainProxy - Securing OPTIONS /api/students/tutor/3
2026-04-11 20:07:48.577 [http-nio-8080-exec-10] DEBUG o.s.w.s.m.m.a.RequestMappingHandlerMapping - Mapped to com.example.demo.controller.LessonController#getAllLessons(Long, Long)
2026-04-11 20:07:48.577 [http-nio-8080-exec-4] DEBUG o.s.s.a.m.AuthorizationManagerBeforeMethodInterceptor - Authorizing method invocation ReflectiveMethodInvocation: public org.springframework.http.ResponseEntity com.example.demo.controller.LessonController.getAllLessons(java.lang.Long,java.lang.Long); target is of class [com.example.demo.controller.LessonController]
2026-04-11 20:07:48.577 [http-nio-8080-exec-3] DEBUG o.s.w.s.m.m.a.RequestMappingHandlerMapping - Mapped to com.example.demo.controller.TutorController#getAvatar(Long)
2026-04-11 20:07:48.577 [http-nio-8080-exec-4] DEBUG o.s.s.a.m.AuthorizationManagerBeforeMethodInterceptor - Authorized method invocation ReflectiveMethodInvocation: public org.springframework.http.ResponseEntity com.example.demo.controller.LessonController.getAllLessons(java.lang.Long,java.lang.Long); target is of class [com.example.demo.controller.LessonController]
2026-04-11 20:07:48.578 [http-nio-8080-exec-10] DEBUG o.s.s.a.m.AuthorizationManagerBeforeMethodInterceptor - Authorizing method invocation ReflectiveMethodInvocation: public org.springframework.http.ResponseEntity com.example.demo.controller.LessonController.getAllLessons(java.lang.Long,java.lang.Long); target is of class [com.example.demo.controller.LessonController]
2026-04-11 20:07:48.578 [http-nio-8080-exec-10] DEBUG o.s.s.a.m.AuthorizationManagerBeforeMethodInterceptor - Authorized method invocation ReflectiveMethodInvocation: public org.springframework.http.ResponseEntity com.example.demo.controller.LessonController.getAllLessons(java.lang.Long,java.lang.Long); target is of class [com.example.demo.controller.LessonController]
2026-04-11 20:07:48.578 [http-nio-8080-exec-2] DEBUG o.s.security.web.FilterChainProxy - Securing OPTIONS /api/students/tutor/3
2026-04-11 20:07:48.579 [http-nio-8080-exec-4] DEBUG org.hibernate.SQL - 
    select
        l1_0.id,
        l1_0.completed_at,
        l1_0.course_id,
        l1_0.created_at,
        l1_0.end_time,
        l1_0.lesson_date,
        l1_0.next_lesson_plan,
        l1_0.notes,
        l1_0.original_lesson_id,
        l1_0.paid_at,
        l1_0.start_time,
        l1_0.status,
        l1_0.student_id,
        l1_0.tutor_id,
        l1_0.updated_at 
    from
        lesson l1_0 
    where
        l1_0.tutor_id=? 
    order by
        l1_0.lesson_date,
        l1_0.start_time
2026-04-11 20:07:48.579 [http-nio-8080-exec-3] DEBUG org.hibernate.SQL - 
    select
        t1_0.id,
        t1_0.about,
        t1_0.avatar,
        t1_0.birthday,
        t1_0.city,
        t1_0.created_at,
        t1_0.email,
        t1_0.full_name,
        t1_0.is_active,
        t1_0.password_hash,
        t1_0.phone,
        t1_0.role 
    from
        tutor t1_0 
    where
        t1_0.id=?
2026-04-11 20:07:48.579 [http-nio-8080-exec-10] DEBUG org.hibernate.SQL - 
    select
        l1_0.id,
        l1_0.completed_at,
        l1_0.course_id,
        l1_0.created_at,
        l1_0.end_time,
        l1_0.lesson_date,
        l1_0.next_lesson_plan,
        l1_0.notes,
        l1_0.original_lesson_id,
        l1_0.paid_at,
        l1_0.start_time,
        l1_0.status,
        l1_0.student_id,
        l1_0.tutor_id,
        l1_0.updated_at 
    from
        lesson l1_0 
    where
        l1_0.tutor_id=? 
    order by
        l1_0.lesson_date,
        l1_0.start_time
2026-04-11 20:07:48.579 [http-nio-8080-exec-9] DEBUG o.s.security.web.FilterChainProxy - Securing OPTIONS /api/subscriptions/tutor/3
2026-04-11 20:07:48.581 [http-nio-8080-exec-4] DEBUG o.s.w.s.m.m.a.HttpEntityMethodProcessor - Using 'application/json', given [application/json, text/plain, */*] and supported [application/json, application/*+json]
2026-04-11 20:07:48.581 [http-nio-8080-exec-10] DEBUG o.s.w.s.m.m.a.HttpEntityMethodProcessor - Using 'application/json', given [application/json, text/plain, */*] and supported [application/json, application/*+json]
2026-04-11 20:07:48.581 [http-nio-8080-exec-4] DEBUG o.s.w.s.m.m.a.HttpEntityMethodProcessor - Writing [[]]
2026-04-11 20:07:48.581 [http-nio-8080-exec-10] DEBUG o.s.w.s.m.m.a.HttpEntityMethodProcessor - Writing [[]]
2026-04-11 20:07:48.582 [http-nio-8080-exec-3] DEBUG o.s.w.s.m.m.a.ExceptionHandlerExceptionResolver - Using @ExceptionHandler com.example.demo.exception.GlobalExceptionHandler#handleRuntimeException(RuntimeException)
2026-04-11 20:07:48.582 [http-nio-8080-exec-4] DEBUG o.s.web.servlet.DispatcherServlet - Completed 200 OK
2026-04-11 20:07:48.582 [http-nio-8080-exec-10] DEBUG o.s.web.servlet.DispatcherServlet - Completed 200 OK
2026-04-11 20:07:48.582 [http-nio-8080-exec-3] ERROR c.e.d.e.GlobalExceptionHandler - Ошибка выполнения: null
java.lang.NullPointerException
	at java.base/java.util.Objects.requireNonNull(Objects.java:209)
	at java.base/java.util.ImmutableCollections$Map1.<init>(ImmutableCollections.java:1105)
	at java.base/java.util.Map.of(Map.java:1353)
	at com.example.demo.controller.TutorController.getAvatar(TutorController.java:93)
	at jdk.internal.reflect.GeneratedMethodAccessor82.invoke(Unknown Source)
	at java.base/jdk.internal.reflect.DelegatingMethodAccessorImpl.invoke(DelegatingMethodAccessorImpl.java:43)
	at java.base/java.lang.reflect.Method.invoke(Method.java:569)
	at org.springframework.web.method.support.InvocableHandlerMethod.doInvoke(InvocableHandlerMethod.java:252)
	at org.springframework.web.method.support.InvocableHandlerMethod.invokeForRequest(InvocableHandlerMethod.java:184)
	at org.springframework.web.servlet.mvc.method.annotation.ServletInvocableHandlerMethod.invokeAndHandle(ServletInvocableHandlerMethod.java:117)
	at org.springframework.web.servlet.mvc.method.annotation.RequestMappingHandlerAdapter.invokeHandlerMethod(RequestMappingHandlerAdapter.java:934)
	at org.springframework.web.servlet.mvc.method.annotation.RequestMappingHandlerAdapter.handleInternal(RequestMappingHandlerAdapter.java:853)
	at org.springframework.web.servlet.mvc.method.AbstractHandlerMethodAdapter.handle(AbstractHandlerMethodAdapter.java:86)
	at org.springframework.web.servlet.DispatcherServlet.doDispatch(DispatcherServlet.java:963)
	at org.springframework.web.servlet.DispatcherServlet.doService(DispatcherServlet.java:866)
	at org.springframework.web.servlet.FrameworkServlet.processRequest(FrameworkServlet.java:1000)
	at org.springframework.web.servlet.FrameworkServlet.doGet(FrameworkServlet.java:892)
	at jakarta.servlet.http.HttpServlet.service(HttpServlet.java:622)
	at org.springframework.web.servlet.FrameworkServlet.service(FrameworkServlet.java:874)
	at jakarta.servlet.http.HttpServlet.service(HttpServlet.java:710)
	at org.apache.catalina.core.ApplicationFilterChain.doFilter(ApplicationFilterChain.java:128)
	at org.apache.tomcat.websocket.server.WsFilter.doFilter(WsFilter.java:53)
	at org.apache.catalina.core.ApplicationFilterChain.doFilter(ApplicationFilterChain.java:107)
	at org.springframework.web.filter.OncePerRequestFilter.doFilter(OncePerRequestFilter.java:110)
	at org.apache.catalina.core.ApplicationFilterChain.doFilter(ApplicationFilterChain.java:107)
	at org.springframework.web.filter.CompositeFilter$VirtualFilterChain.doFilter(CompositeFilter.java:108)
	at org.springframework.security.web.FilterChainProxy.lambda$doFilterInternal$3(FilterChainProxy.java:235)
	at org.springframework.security.web.FilterChainProxy$VirtualFilterChain.doFilter(FilterChainProxy.java:371)
	at org.springframework.security.web.access.intercept.AuthorizationFilter.doFilter(AuthorizationFilter.java:101)
	at org.springframework.security.web.FilterChainProxy$VirtualFilterChain.doFilter(FilterChainProxy.java:380)
	at org.springframework.security.web.access.ExceptionTranslationFilter.doFilter(ExceptionTranslationFilter.java:126)
	at org.springframework.security.web.access.ExceptionTranslationFilter.doFilter(ExceptionTranslationFilter.java:120)
	at org.springframework.security.web.FilterChainProxy$VirtualFilterChain.doFilter(FilterChainProxy.java:380)
	at org.springframework.security.web.session.SessionManagementFilter.doFilter(SessionManagementFilter.java:132)
	at org.springframework.security.web.session.SessionManagementFilter.doFilter(SessionManagementFilter.java:86)
	at org.springframework.security.web.FilterChainProxy$VirtualFilterChain.doFilter(FilterChainProxy.java:380)
	at org.springframework.security.web.authentication.AnonymousAuthenticationFilter.doFilter(AnonymousAuthenticationFilter.java:100)
	at org.springframework.security.web.FilterChainProxy$VirtualFilterChain.doFilter(FilterChainProxy.java:380)
	at org.springframework.security.web.servletapi.SecurityContextHolderAwareRequestFilter.doFilter(SecurityContextHolderAwareRequestFilter.java:181)
	at org.springframework.security.web.FilterChainProxy$VirtualFilterChain.doFilter(FilterChainProxy.java:380)
	at org.springframework.security.web.savedrequest.RequestCacheAwareFilter.doFilter(RequestCacheAwareFilter.java:63)
	at org.springframework.security.web.FilterChainProxy$VirtualFilterChain.doFilter(FilterChainProxy.java:380)
	at com.example.demo.config.AuthTokenFilter.doFilterInternal(AuthTokenFilter.java:59)
	at org.springframework.web.filter.OncePerRequestFilter.doFilter(OncePerRequestFilter.java:116)
	at org.springframework.security.web.FilterChainProxy$VirtualFilterChain.doFilter(FilterChainProxy.java:380)
	at org.springframework.security.web.authentication.logout.LogoutFilter.doFilter(LogoutFilter.java:110)
	at org.springframework.security.web.authentication.logout.LogoutFilter.doFilter(LogoutFilter.java:96)
	at org.springframework.security.web.FilterChainProxy$VirtualFilterChain.doFilter(FilterChainProxy.java:380)
	at org.springframework.web.filter.CorsFilter.doFilterInternal(CorsFilter.java:91)
	at org.springframework.web.filter.OncePerRequestFilter.doFilter(OncePerRequestFilter.java:116)
	at org.springframework.security.web.FilterChainProxy$VirtualFilterChain.doFilter(FilterChainProxy.java:380)
	at org.springframework.security.web.header.HeaderWriterFilter.doHeadersAfter(HeaderWriterFilter.java:90)
	at org.springframework.security.web.header.HeaderWriterFilter.doFilterInternal(HeaderWriterFilter.java:75)
	at org.springframework.web.filter.OncePerRequestFilter.doFilter(OncePerRequestFilter.java:116)
	at org.springframework.security.web.FilterChainProxy$VirtualFilterChain.doFilter(FilterChainProxy.java:380)
	at org.springframework.security.web.context.SecurityContextHolderFilter.doFilter(SecurityContextHolderFilter.java:82)
	at org.springframework.security.web.context.SecurityContextHolderFilter.doFilter(SecurityContextHolderFilter.java:69)
	at org.springframework.security.web.FilterChainProxy$VirtualFilterChain.doFilter(FilterChainProxy.java:380)
	at org.springframework.security.web.context.request.async.WebAsyncManagerIntegrationFilter.doFilterInternal(WebAsyncManagerIntegrationFilter.java:62)
	at org.springframework.web.filter.OncePerRequestFilter.doFilter(OncePerRequestFilter.java:116)
	at org.springframework.security.web.FilterChainProxy$VirtualFilterChain.doFilter(FilterChainProxy.java:380)
	at org.springframework.security.web.session.DisableEncodeUrlFilter.doFilterInternal(DisableEncodeUrlFilter.java:42)
	at org.springframework.web.filter.OncePerRequestFilter.doFilter(OncePerRequestFilter.java:116)
	at org.springframework.security.web.FilterChainProxy$VirtualFilterChain.doFilter(FilterChainProxy.java:380)
	at org.springframework.security.web.FilterChainProxy.doFilterInternal(FilterChainProxy.java:237)
	at org.springframework.security.web.FilterChainProxy.doFilter(FilterChainProxy.java:195)
	at org.springframework.web.filter.CompositeFilter$VirtualFilterChain.doFilter(CompositeFilter.java:113)
	at org.springframework.web.filter.ServletRequestPathFilter.doFilter(ServletRequestPathFilter.java:52)
	at org.springframework.web.filter.CompositeFilter$VirtualFilterChain.doFilter(CompositeFilter.java:113)
	at org.springframework.web.filter.CompositeFilter.doFilter(CompositeFilter.java:74)
	at org.springframework.security.config.annotation.web.configuration.WebSecurityConfiguration$CompositeFilterChainProxy.doFilter(WebSecurityConfiguration.java:317)
	at org.springframework.web.filter.DelegatingFilterProxy.invokeDelegate(DelegatingFilterProxy.java:355)
	at org.springframework.web.filter.DelegatingFilterProxy.doFilter(DelegatingFilterProxy.java:272)
	at org.apache.catalina.core.ApplicationFilterChain.doFilter(ApplicationFilterChain.java:107)
	at org.springframework.web.filter.RequestContextFilter.doFilterInternal(RequestContextFilter.java:100)
	at org.springframework.web.filter.OncePerRequestFilter.doFilter(OncePerRequestFilter.java:116)
	at org.apache.catalina.core.ApplicationFilterChain.doFilter(ApplicationFilterChain.java:107)
	at org.springframework.web.filter.FormContentFilter.doFilterInternal(FormContentFilter.java:93)
	at org.springframework.web.filter.OncePerRequestFilter.doFilter(OncePerRequestFilter.java:116)
	at org.apache.catalina.core.ApplicationFilterChain.doFilter(ApplicationFilterChain.java:107)
	at org.springframework.web.filter.CharacterEncodingFilter.doFilterInternal(CharacterEncodingFilter.java:199)
	at org.springframework.web.filter.OncePerRequestFilter.doFilter(OncePerRequestFilter.java:116)
	at org.apache.catalina.core.ApplicationFilterChain.doFilter(ApplicationFilterChain.java:107)
	at org.apache.catalina.core.StandardWrapperValve.invoke(StandardWrapperValve.java:165)
	at org.apache.catalina.core.StandardContextValve.invoke(StandardContextValve.java:77)
	at org.apache.catalina.authenticator.AuthenticatorBase.invoke(AuthenticatorBase.java:492)
	at org.apache.catalina.core.StandardHostValve.invoke(StandardHostValve.java:113)
	at org.apache.catalina.valves.ErrorReportValve.invoke(ErrorReportValve.java:83)
	at org.apache.catalina.core.StandardEngineValve.invoke(StandardEngineValve.java:72)
	at org.apache.catalina.connector.CoyoteAdapter.service(CoyoteAdapter.java:341)
	at org.apache.coyote.http11.Http11Processor.service(Http11Processor.java:397)
	at org.apache.coyote.AbstractProcessorLight.process(AbstractProcessorLight.java:63)
	at org.apache.coyote.AbstractProtocol$ConnectionHandler.process(AbstractProtocol.java:903)
	at org.apache.tomcat.util.net.NioEndpoint$SocketProcessor.doRun(NioEndpoint.java:1779)
	at org.apache.tomcat.util.net.SocketProcessorBase.run(SocketProcessorBase.java:52)
	at org.apache.tomcat.util.threads.ThreadPoolExecutor.runWorker(ThreadPoolExecutor.java:946)
	at org.apache.tomcat.util.threads.ThreadPoolExecutor$Worker.run(ThreadPoolExecutor.java:480)
	at org.apache.tomcat.util.threads.TaskThread$WrappingRunnable.run(TaskThread.java:57)
	at java.base/java.lang.Thread.run(Thread.java:840)
2026-04-11 20:07:48.584 [http-nio-8080-exec-3] DEBUG o.s.w.s.m.m.a.HttpEntityMethodProcessor - Using 'application/json', given [application/json, text/plain, */*] and supported [application/json, application/*+json]
2026-04-11 20:07:48.584 [http-nio-8080-exec-3] DEBUG o.s.w.s.m.m.a.HttpEntityMethodProcessor - Writing [{error=Внутренняя ошибка сервера}]
2026-04-11 20:07:48.586 [http-nio-8080-exec-3] DEBUG o.s.w.s.m.m.a.ExceptionHandlerExceptionResolver - Resolved [java.lang.NullPointerException]
2026-04-11 20:07:48.586 [http-nio-8080-exec-3] DEBUG o.s.web.servlet.DispatcherServlet - Completed 500 INTERNAL_SERVER_ERROR
2026-04-11 20:07:48.586 [http-nio-8080-exec-5] DEBUG o.s.security.web.FilterChainProxy - Securing GET /api/subscriptions/tutor/3
2026-04-11 20:07:48.586 [http-nio-8080-exec-1] DEBUG o.s.security.web.FilterChainProxy - Securing GET /api/students/tutor/3
2026-04-11 20:07:48.586 [http-nio-8080-exec-7] DEBUG o.s.security.web.FilterChainProxy - Securing GET /api/subscriptions/tutor/3
2026-04-11 20:07:48.588 [http-nio-8080-exec-6] DEBUG o.s.security.web.FilterChainProxy - Securing GET /api/students/tutor/3
2026-04-11 20:07:48.596 [http-nio-8080-exec-5] DEBUG o.s.security.web.FilterChainProxy - Secured GET /api/subscriptions/tutor/3
2026-04-11 20:07:48.596 [http-nio-8080-exec-5] DEBUG o.s.web.servlet.DispatcherServlet - GET "/api/subscriptions/tutor/3", parameters={}
2026-04-11 20:07:48.596 [http-nio-8080-exec-6] DEBUG o.s.security.web.FilterChainProxy - Secured GET /api/students/tutor/3
2026-04-11 20:07:48.597 [http-nio-8080-exec-1] DEBUG o.s.security.web.FilterChainProxy - Secured GET /api/students/tutor/3
2026-04-11 20:07:48.597 [http-nio-8080-exec-6] DEBUG o.s.web.servlet.DispatcherServlet - GET "/api/students/tutor/3", parameters={}
2026-04-11 20:07:48.597 [http-nio-8080-exec-1] DEBUG o.s.web.servlet.DispatcherServlet - GET "/api/students/tutor/3", parameters={}
2026-04-11 20:07:48.597 [http-nio-8080-exec-7] DEBUG o.s.security.web.FilterChainProxy - Secured GET /api/subscriptions/tutor/3
2026-04-11 20:07:48.597 [http-nio-8080-exec-7] DEBUG o.s.web.servlet.DispatcherServlet - GET "/api/subscriptions/tutor/3", parameters={}
2026-04-11 20:07:48.597 [http-nio-8080-exec-6] DEBUG o.s.w.s.m.m.a.RequestMappingHandlerMapping - Mapped to com.example.demo.controller.StudentController#getStudentsByTutor(Long, Long, String)
2026-04-11 20:07:48.597 [http-nio-8080-exec-1] DEBUG o.s.w.s.m.m.a.RequestMappingHandlerMapping - Mapped to com.example.demo.controller.StudentController#getStudentsByTutor(Long, Long, String)
2026-04-11 20:07:48.597 [http-nio-8080-exec-5] DEBUG o.s.w.s.m.m.a.RequestMappingHandlerMapping - Mapped to com.example.demo.controller.SubscriptionController#getSubscriptionsByTutor(Long)
2026-04-11 20:07:48.597 [http-nio-8080-exec-7] DEBUG o.s.w.s.m.m.a.RequestMappingHandlerMapping - Mapped to com.example.demo.controller.SubscriptionController#getSubscriptionsByTutor(Long)
2026-04-11 20:07:48.598 [http-nio-8080-exec-5] DEBUG o.s.s.a.m.AuthorizationManagerBeforeMethodInterceptor - Authorizing method invocation ReflectiveMethodInvocation: public org.springframework.http.ResponseEntity com.example.demo.controller.SubscriptionController.getSubscriptionsByTutor(java.lang.Long); target is of class [com.example.demo.controller.SubscriptionController]
2026-04-11 20:07:48.598 [http-nio-8080-exec-7] DEBUG o.s.s.a.m.AuthorizationManagerBeforeMethodInterceptor - Authorizing method invocation ReflectiveMethodInvocation: public org.springframework.http.ResponseEntity com.example.demo.controller.SubscriptionController.getSubscriptionsByTutor(java.lang.Long); target is of class [com.example.demo.controller.SubscriptionController]
2026-04-11 20:07:48.599 [http-nio-8080-exec-6] DEBUG o.s.s.a.m.AuthorizationManagerBeforeMethodInterceptor - Authorizing method invocation ReflectiveMethodInvocation: public org.springframework.http.ResponseEntity com.example.demo.controller.StudentController.getStudentsByTutor(java.lang.Long,java.lang.Long,java.lang.String); target is of class [com.example.demo.controller.StudentController]
2026-04-11 20:07:48.599 [http-nio-8080-exec-1] DEBUG o.s.s.a.m.AuthorizationManagerBeforeMethodInterceptor - Authorizing method invocation ReflectiveMethodInvocation: public org.springframework.http.ResponseEntity com.example.demo.controller.StudentController.getStudentsByTutor(java.lang.Long,java.lang.Long,java.lang.String); target is of class [com.example.demo.controller.StudentController]
2026-04-11 20:07:48.599 [http-nio-8080-exec-7] DEBUG o.s.s.a.m.AuthorizationManagerBeforeMethodInterceptor - Authorized method invocation ReflectiveMethodInvocation: public org.springframework.http.ResponseEntity com.example.demo.controller.SubscriptionController.getSubscriptionsByTutor(java.lang.Long); target is of class [com.example.demo.controller.SubscriptionController]
2026-04-11 20:07:48.599 [http-nio-8080-exec-5] DEBUG o.s.s.a.m.AuthorizationManagerBeforeMethodInterceptor - Authorized method invocation ReflectiveMethodInvocation: public org.springframework.http.ResponseEntity com.example.demo.controller.SubscriptionController.getSubscriptionsByTutor(java.lang.Long); target is of class [com.example.demo.controller.SubscriptionController]
2026-04-11 20:07:48.599 [http-nio-8080-exec-6] DEBUG o.s.s.a.m.AuthorizationManagerBeforeMethodInterceptor - Authorized method invocation ReflectiveMethodInvocation: public org.springframework.http.ResponseEntity com.example.demo.controller.StudentController.getStudentsByTutor(java.lang.Long,java.lang.Long,java.lang.String); target is of class [com.example.demo.controller.StudentController]
2026-04-11 20:07:48.599 [http-nio-8080-exec-1] DEBUG o.s.s.a.m.AuthorizationManagerBeforeMethodInterceptor - Authorized method invocation ReflectiveMethodInvocation: public org.springframework.http.ResponseEntity com.example.demo.controller.StudentController.getStudentsByTutor(java.lang.Long,java.lang.Long,java.lang.String); target is of class [com.example.demo.controller.StudentController]
2026-04-11 20:07:48.602 [http-nio-8080-exec-7] DEBUG org.hibernate.SQL - 
    select
        s1_0.id,
        s1_0.created_at,
        s1_0.end_date,
        s1_0.lessons_count,
        s1_0.lessons_used,
        s1_0.paid_at,
        s1_0.price,
        s1_0.start_date,
        s1_0.status,
        s1_0.student_id,
        s1_0.tutor_id 
    from
        subscription s1_0 
    where
        s1_0.tutor_id=? 
    order by
        s1_0.start_date desc
2026-04-11 20:07:48.602 [http-nio-8080-exec-5] DEBUG org.hibernate.SQL - 
    select
        s1_0.id,
        s1_0.created_at,
        s1_0.end_date,
        s1_0.lessons_count,
        s1_0.lessons_used,
        s1_0.paid_at,
        s1_0.price,
        s1_0.start_date,
        s1_0.status,
        s1_0.student_id,
        s1_0.tutor_id 
    from
        subscription s1_0 
    where
        s1_0.tutor_id=? 
    order by
        s1_0.start_date desc
2026-04-11 20:07:48.605 [http-nio-8080-exec-7] DEBUG o.s.w.s.m.m.a.HttpEntityMethodProcessor - Using 'application/json', given [application/json, text/plain, */*] and supported [application/json, application/*+json]
2026-04-11 20:07:48.605 [http-nio-8080-exec-5] DEBUG o.s.w.s.m.m.a.HttpEntityMethodProcessor - Using 'application/json', given [application/json, text/plain, */*] and supported [application/json, application/*+json]
2026-04-11 20:07:48.606 [http-nio-8080-exec-5] DEBUG o.s.w.s.m.m.a.HttpEntityMethodProcessor - Writing [[]]
2026-04-11 20:07:48.606 [http-nio-8080-exec-7] DEBUG o.s.w.s.m.m.a.HttpEntityMethodProcessor - Writing [[]]
2026-04-11 20:07:48.607 [http-nio-8080-exec-5] DEBUG o.s.web.servlet.DispatcherServlet - Completed 200 OK
2026-04-11 20:07:48.607 [http-nio-8080-exec-7] DEBUG o.s.web.servlet.DispatcherServlet - Completed 200 OK
2026-04-11 20:07:48.630 [http-nio-8080-exec-1] DEBUG org.hibernate.SQL - 
    select
        s1_0.id,
        s1_0.birthday,
        s1_0.created_at,
        s1_0.email,
        s1_0.full_name,
        s1_0.parent_id,
        s1_0.parent_name,
        s1_0.parent_phone,
        s1_0.password_hash,
        s1_0.payment_type,
        s1_0.phone,
        s1_0.role 
    from
        student s1_0
2026-04-11 20:07:48.630 [http-nio-8080-exec-6] DEBUG org.hibernate.SQL - 
    select
        s1_0.id,
        s1_0.birthday,
        s1_0.created_at,
        s1_0.email,
        s1_0.full_name,
        s1_0.parent_id,
        s1_0.parent_name,
        s1_0.parent_phone,
        s1_0.password_hash,
        s1_0.payment_type,
        s1_0.phone,
        s1_0.role 
    from
        student s1_0
2026-04-11 20:07:48.636 [http-nio-8080-exec-6] DEBUG org.hibernate.SQL - 
    select
        p1_0.id,
        p1_0.created_at,
        p1_0.email,
        p1_0.full_name,
        p1_0.password_hash,
        p1_0.phone,
        p1_0.role 
    from
        parent p1_0 
    where
        p1_0.id=?
2026-04-11 20:07:48.636 [http-nio-8080-exec-1] DEBUG org.hibernate.SQL - 
    select
        p1_0.id,
        p1_0.created_at,
        p1_0.email,
        p1_0.full_name,
        p1_0.password_hash,
        p1_0.phone,
        p1_0.role 
    from
        parent p1_0 
    where
        p1_0.id=?
2026-04-11 20:07:48.642 [http-nio-8080-exec-6] DEBUG org.hibernate.SQL - 
    select
        t1_0.student_id,
        t1_1.id,
        t1_1.about,
        t1_1.avatar,
        t1_1.birthday,
        t1_1.city,
        t1_1.created_at,
        t1_1.email,
        t1_1.full_name,
        t1_1.is_active,
        t1_1.password_hash,
        t1_1.phone,
        t1_1.role 
    from
        student_tutor t1_0 
    join
        tutor t1_1 
            on t1_1.id=t1_0.tutor_id 
    where
        t1_0.student_id=?
2026-04-11 20:07:48.642 [http-nio-8080-exec-1] DEBUG org.hibernate.SQL - 
    select
        t1_0.student_id,
        t1_1.id,
        t1_1.about,
        t1_1.avatar,
        t1_1.birthday,
        t1_1.city,
        t1_1.created_at,
        t1_1.email,
        t1_1.full_name,
        t1_1.is_active,
        t1_1.password_hash,
        t1_1.phone,
        t1_1.role 
    from
        student_tutor t1_0 
    join
        tutor t1_1 
            on t1_1.id=t1_0.tutor_id 
    where
        t1_0.student_id=?
2026-04-11 20:07:48.649 [http-nio-8080-exec-1] DEBUG org.hibernate.SQL - 
    select
        r1_0.student_id,
        r1_0.id,
        r1_0.rate_per_lesson,
        r1_0.tutor_id,
        t1_0.id,
        t1_0.about,
        t1_0.avatar,
        t1_0.birthday,
        t1_0.city,
        t1_0.created_at,
        t1_0.email,
        t1_0.full_name,
        t1_0.is_active,
        t1_0.password_hash,
        t1_0.phone,
        t1_0.role 
    from
        student_rate r1_0 
    left join
        tutor t1_0 
            on t1_0.id=r1_0.tutor_id 
    where
        r1_0.student_id=?
2026-04-11 20:07:48.649 [http-nio-8080-exec-6] DEBUG org.hibernate.SQL - 
    select
        r1_0.student_id,
        r1_0.id,
        r1_0.rate_per_lesson,
        r1_0.tutor_id,
        t1_0.id,
        t1_0.about,
        t1_0.avatar,
        t1_0.birthday,
        t1_0.city,
        t1_0.created_at,
        t1_0.email,
        t1_0.full_name,
        t1_0.is_active,
        t1_0.password_hash,
        t1_0.phone,
        t1_0.role 
    from
        student_rate r1_0 
    left join
        tutor t1_0 
            on t1_0.id=r1_0.tutor_id 
    where
        r1_0.student_id=?
2026-04-11 20:07:48.656 [http-nio-8080-exec-6] DEBUG o.s.w.s.m.m.a.HttpEntityMethodProcessor - Using 'application/json', given [application/json, text/plain, */*] and supported [application/json, application/*+json]
2026-04-11 20:07:48.656 [http-nio-8080-exec-1] DEBUG o.s.w.s.m.m.a.HttpEntityMethodProcessor - Using 'application/json', given [application/json, text/plain, */*] and supported [application/json, application/*+json]
2026-04-11 20:07:48.656 [http-nio-8080-exec-6] DEBUG o.s.w.s.m.m.a.HttpEntityMethodProcessor - Writing [[com.example.demo.entity.Student@5a4029a6]]
2026-04-11 20:07:48.656 [http-nio-8080-exec-1] DEBUG o.s.w.s.m.m.a.HttpEntityMethodProcessor - Writing [[com.example.demo.entity.Student@fcfc363]]
2026-04-11 20:07:48.663 [http-nio-8080-exec-1] DEBUG o.s.web.servlet.DispatcherServlet - Completed 200 OK
2026-04-11 20:07:48.665 [http-nio-8080-exec-6] DEBUG o.s.web.servlet.DispatcherServlet - Completed 200 OK
2026-04-11 20:07:54.811 [http-nio-8080-exec-8] DEBUG o.s.security.web.FilterChainProxy - Securing GET /api/tutors/3/avatar
2026-04-11 20:07:54.812 [http-nio-8080-exec-9] DEBUG o.s.security.web.FilterChainProxy - Securing GET /api/lessons/all?tutorId=3
2026-04-11 20:07:54.812 [http-nio-8080-exec-2] DEBUG o.s.security.web.FilterChainProxy - Securing GET /api/students/tutor/3
2026-04-11 20:07:54.816 [http-nio-8080-exec-4] DEBUG o.s.security.web.FilterChainProxy - Securing GET /api/students/tutor/3
2026-04-11 20:07:54.817 [http-nio-8080-exec-10] DEBUG o.s.security.web.FilterChainProxy - Securing GET /api/lessons/all?tutorId=3
2026-04-11 20:07:54.821 [http-nio-8080-exec-8] DEBUG o.s.security.web.FilterChainProxy - Secured GET /api/tutors/3/avatar
2026-04-11 20:07:54.822 [http-nio-8080-exec-2] DEBUG o.s.security.web.FilterChainProxy - Secured GET /api/students/tutor/3
2026-04-11 20:07:54.822 [http-nio-8080-exec-2] DEBUG o.s.web.servlet.DispatcherServlet - GET "/api/students/tutor/3", parameters={}
2026-04-11 20:07:54.823 [http-nio-8080-exec-9] DEBUG o.s.security.web.FilterChainProxy - Secured GET /api/lessons/all?tutorId=3
2026-04-11 20:07:54.823 [http-nio-8080-exec-9] DEBUG o.s.web.servlet.DispatcherServlet - GET "/api/lessons/all?tutorId=3", parameters={masked}
2026-04-11 20:07:54.823 [http-nio-8080-exec-2] DEBUG o.s.w.s.m.m.a.RequestMappingHandlerMapping - Mapped to com.example.demo.controller.StudentController#getStudentsByTutor(Long, Long, String)
2026-04-11 20:07:54.823 [http-nio-8080-exec-9] DEBUG o.s.w.s.m.m.a.RequestMappingHandlerMapping - Mapped to com.example.demo.controller.LessonController#getAllLessons(Long, Long)
2026-04-11 20:07:54.824 [http-nio-8080-exec-2] DEBUG o.s.s.a.m.AuthorizationManagerBeforeMethodInterceptor - Authorizing method invocation ReflectiveMethodInvocation: public org.springframework.http.ResponseEntity com.example.demo.controller.StudentController.getStudentsByTutor(java.lang.Long,java.lang.Long,java.lang.String); target is of class [com.example.demo.controller.StudentController]
2026-04-11 20:07:54.824 [http-nio-8080-exec-4] DEBUG o.s.security.web.FilterChainProxy - Secured GET /api/students/tutor/3
2026-04-11 20:07:54.824 [http-nio-8080-exec-4] DEBUG o.s.web.servlet.DispatcherServlet - GET "/api/students/tutor/3", parameters={}
2026-04-11 20:07:54.824 [http-nio-8080-exec-2] DEBUG o.s.s.a.m.AuthorizationManagerBeforeMethodInterceptor - Authorized method invocation ReflectiveMethodInvocation: public org.springframework.http.ResponseEntity com.example.demo.controller.StudentController.getStudentsByTutor(java.lang.Long,java.lang.Long,java.lang.String); target is of class [com.example.demo.controller.StudentController]
2026-04-11 20:07:54.824 [http-nio-8080-exec-9] DEBUG o.s.s.a.m.AuthorizationManagerBeforeMethodInterceptor - Authorizing method invocation ReflectiveMethodInvocation: public org.springframework.http.ResponseEntity com.example.demo.controller.LessonController.getAllLessons(java.lang.Long,java.lang.Long); target is of class [com.example.demo.controller.LessonController]
2026-04-11 20:07:54.824 [http-nio-8080-exec-4] DEBUG o.s.w.s.m.m.a.RequestMappingHandlerMapping - Mapped to com.example.demo.controller.StudentController#getStudentsByTutor(Long, Long, String)
2026-04-11 20:07:54.825 [http-nio-8080-exec-9] DEBUG o.s.s.a.m.AuthorizationManagerBeforeMethodInterceptor - Authorized method invocation ReflectiveMethodInvocation: public org.springframework.http.ResponseEntity com.example.demo.controller.LessonController.getAllLessons(java.lang.Long,java.lang.Long); target is of class [com.example.demo.controller.LessonController]
2026-04-11 20:07:54.825 [http-nio-8080-exec-4] DEBUG o.s.s.a.m.AuthorizationManagerBeforeMethodInterceptor - Authorizing method invocation ReflectiveMethodInvocation: public org.springframework.http.ResponseEntity com.example.demo.controller.StudentController.getStudentsByTutor(java.lang.Long,java.lang.Long,java.lang.String); target is of class [com.example.demo.controller.StudentController]
2026-04-11 20:07:54.825 [http-nio-8080-exec-4] DEBUG o.s.s.a.m.AuthorizationManagerBeforeMethodInterceptor - Authorized method invocation ReflectiveMethodInvocation: public org.springframework.http.ResponseEntity com.example.demo.controller.StudentController.getStudentsByTutor(java.lang.Long,java.lang.Long,java.lang.String); target is of class [com.example.demo.controller.StudentController]
2026-04-11 20:07:54.826 [http-nio-8080-exec-8] DEBUG o.s.web.servlet.DispatcherServlet - GET "/api/tutors/3/avatar", parameters={}
2026-04-11 20:07:54.827 [http-nio-8080-exec-9] DEBUG org.hibernate.SQL - 
    select
        l1_0.id,
        l1_0.completed_at,
        l1_0.course_id,
        l1_0.created_at,
        l1_0.end_time,
        l1_0.lesson_date,
        l1_0.next_lesson_plan,
        l1_0.notes,
        l1_0.original_lesson_id,
        l1_0.paid_at,
        l1_0.start_time,
        l1_0.status,
        l1_0.student_id,
        l1_0.tutor_id,
        l1_0.updated_at 
    from
        lesson l1_0 
    where
        l1_0.tutor_id=? 
    order by
        l1_0.lesson_date,
        l1_0.start_time
2026-04-11 20:07:54.827 [http-nio-8080-exec-8] DEBUG o.s.w.s.m.m.a.RequestMappingHandlerMapping - Mapped to com.example.demo.controller.TutorController#getAvatar(Long)
2026-04-11 20:07:54.828 [http-nio-8080-exec-4] DEBUG org.hibernate.SQL - 
    select
        s1_0.id,
        s1_0.birthday,
        s1_0.created_at,
        s1_0.email,
        s1_0.full_name,
        s1_0.parent_id,
        s1_0.parent_name,
        s1_0.parent_phone,
        s1_0.password_hash,
        s1_0.payment_type,
        s1_0.phone,
        s1_0.role 
    from
        student s1_0
2026-04-11 20:07:54.828 [http-nio-8080-exec-2] DEBUG org.hibernate.SQL - 
    select
        s1_0.id,
        s1_0.birthday,
        s1_0.created_at,
        s1_0.email,
        s1_0.full_name,
        s1_0.parent_id,
        s1_0.parent_name,
        s1_0.parent_phone,
        s1_0.password_hash,
        s1_0.payment_type,
        s1_0.phone,
        s1_0.role 
    from
        student s1_0
2026-04-11 20:07:54.828 [http-nio-8080-exec-9] DEBUG o.s.w.s.m.m.a.HttpEntityMethodProcessor - Using 'application/json', given [application/json, text/plain, */*] and supported [application/json, application/*+json]
2026-04-11 20:07:54.828 [http-nio-8080-exec-8] DEBUG org.hibernate.SQL - 
    select
        t1_0.id,
        t1_0.about,
        t1_0.avatar,
        t1_0.birthday,
        t1_0.city,
        t1_0.created_at,
        t1_0.email,
        t1_0.full_name,
        t1_0.is_active,
        t1_0.password_hash,
        t1_0.phone,
        t1_0.role 
    from
        tutor t1_0 
    where
        t1_0.id=?
2026-04-11 20:07:54.828 [http-nio-8080-exec-9] DEBUG o.s.w.s.m.m.a.HttpEntityMethodProcessor - Writing [[]]
2026-04-11 20:07:54.829 [http-nio-8080-exec-10] DEBUG o.s.security.web.FilterChainProxy - Secured GET /api/lessons/all?tutorId=3
2026-04-11 20:07:54.829 [http-nio-8080-exec-10] DEBUG o.s.web.servlet.DispatcherServlet - GET "/api/lessons/all?tutorId=3", parameters={masked}
2026-04-11 20:07:54.829 [http-nio-8080-exec-10] DEBUG o.s.w.s.m.m.a.RequestMappingHandlerMapping - Mapped to com.example.demo.controller.LessonController#getAllLessons(Long, Long)
2026-04-11 20:07:54.829 [http-nio-8080-exec-9] DEBUG o.s.web.servlet.DispatcherServlet - Completed 200 OK
2026-04-11 20:07:54.830 [http-nio-8080-exec-10] DEBUG o.s.s.a.m.AuthorizationManagerBeforeMethodInterceptor - Authorizing method invocation ReflectiveMethodInvocation: public org.springframework.http.ResponseEntity com.example.demo.controller.LessonController.getAllLessons(java.lang.Long,java.lang.Long); target is of class [com.example.demo.controller.LessonController]
2026-04-11 20:07:54.830 [http-nio-8080-exec-4] DEBUG org.hibernate.SQL - 
    select
        p1_0.id,
        p1_0.created_at,
        p1_0.email,
        p1_0.full_name,
        p1_0.password_hash,
        p1_0.phone,
        p1_0.role 
    from
        parent p1_0 
    where
        p1_0.id=?
2026-04-11 20:07:54.830 [http-nio-8080-exec-10] DEBUG o.s.s.a.m.AuthorizationManagerBeforeMethodInterceptor - Authorized method invocation ReflectiveMethodInvocation: public org.springframework.http.ResponseEntity com.example.demo.controller.LessonController.getAllLessons(java.lang.Long,java.lang.Long); target is of class [com.example.demo.controller.LessonController]
2026-04-11 20:07:54.831 [http-nio-8080-exec-10] DEBUG org.hibernate.SQL - 
    select
        l1_0.id,
        l1_0.completed_at,
        l1_0.course_id,
        l1_0.created_at,
        l1_0.end_time,
        l1_0.lesson_date,
        l1_0.next_lesson_plan,
        l1_0.notes,
        l1_0.original_lesson_id,
        l1_0.paid_at,
        l1_0.start_time,
        l1_0.status,
        l1_0.student_id,
        l1_0.tutor_id,
        l1_0.updated_at 
    from
        lesson l1_0 
    where
        l1_0.tutor_id=? 
    order by
        l1_0.lesson_date,
        l1_0.start_time
2026-04-11 20:07:54.832 [http-nio-8080-exec-2] DEBUG org.hibernate.SQL - 
    select
        p1_0.id,
        p1_0.created_at,
        p1_0.email,
        p1_0.full_name,
        p1_0.password_hash,
        p1_0.phone,
        p1_0.role 
    from
        parent p1_0 
    where
        p1_0.id=?
2026-04-11 20:07:54.832 [http-nio-8080-exec-4] DEBUG org.hibernate.SQL - 
    select
        t1_0.student_id,
        t1_1.id,
        t1_1.about,
        t1_1.avatar,
        t1_1.birthday,
        t1_1.city,
        t1_1.created_at,
        t1_1.email,
        t1_1.full_name,
        t1_1.is_active,
        t1_1.password_hash,
        t1_1.phone,
        t1_1.role 
    from
        student_tutor t1_0 
    join
        tutor t1_1 
            on t1_1.id=t1_0.tutor_id 
    where
        t1_0.student_id=?
2026-04-11 20:07:54.833 [http-nio-8080-exec-10] DEBUG o.s.w.s.m.m.a.HttpEntityMethodProcessor - Using 'application/json', given [application/json, text/plain, */*] and supported [application/json, application/*+json]
2026-04-11 20:07:54.833 [http-nio-8080-exec-10] DEBUG o.s.w.s.m.m.a.HttpEntityMethodProcessor - Writing [[]]
2026-04-11 20:07:54.834 [http-nio-8080-exec-10] DEBUG o.s.web.servlet.DispatcherServlet - Completed 200 OK
2026-04-11 20:07:54.835 [http-nio-8080-exec-4] DEBUG org.hibernate.SQL - 
    select
        r1_0.student_id,
        r1_0.id,
        r1_0.rate_per_lesson,
        r1_0.tutor_id,
        t1_0.id,
        t1_0.about,
        t1_0.avatar,
        t1_0.birthday,
        t1_0.city,
        t1_0.created_at,
        t1_0.email,
        t1_0.full_name,
        t1_0.is_active,
        t1_0.password_hash,
        t1_0.phone,
        t1_0.role 
    from
        student_rate r1_0 
    left join
        tutor t1_0 
            on t1_0.id=r1_0.tutor_id 
    where
        r1_0.student_id=?
2026-04-11 20:07:54.836 [http-nio-8080-exec-8] DEBUG o.s.w.s.m.m.a.ExceptionHandlerExceptionResolver - Using @ExceptionHandler com.example.demo.exception.GlobalExceptionHandler#handleRuntimeException(RuntimeException)
2026-04-11 20:07:54.837 [http-nio-8080-exec-2] DEBUG org.hibernate.SQL - 
    select
        t1_0.student_id,
        t1_1.id,
        t1_1.about,
        t1_1.avatar,
        t1_1.birthday,
        t1_1.city,
        t1_1.created_at,
        t1_1.email,
        t1_1.full_name,
        t1_1.is_active,
        t1_1.password_hash,
        t1_1.phone,
        t1_1.role 
    from
        student_tutor t1_0 
    join
        tutor t1_1 
            on t1_1.id=t1_0.tutor_id 
    where
        t1_0.student_id=?
2026-04-11 20:07:54.836 [http-nio-8080-exec-8] ERROR c.e.d.e.GlobalExceptionHandler - Ошибка выполнения: null
java.lang.NullPointerException
	at java.base/java.util.Objects.requireNonNull(Objects.java:209)
	at java.base/java.util.ImmutableCollections$Map1.<init>(ImmutableCollections.java:1105)
	at java.base/java.util.Map.of(Map.java:1353)
	at com.example.demo.controller.TutorController.getAvatar(TutorController.java:93)
	at jdk.internal.reflect.GeneratedMethodAccessor82.invoke(Unknown Source)
	at java.base/jdk.internal.reflect.DelegatingMethodAccessorImpl.invoke(DelegatingMethodAccessorImpl.java:43)
	at java.base/java.lang.reflect.Method.invoke(Method.java:569)
	at org.springframework.web.method.support.InvocableHandlerMethod.doInvoke(InvocableHandlerMethod.java:252)
	at org.springframework.web.method.support.InvocableHandlerMethod.invokeForRequest(InvocableHandlerMethod.java:184)
	at org.springframework.web.servlet.mvc.method.annotation.ServletInvocableHandlerMethod.invokeAndHandle(ServletInvocableHandlerMethod.java:117)
	at org.springframework.web.servlet.mvc.method.annotation.RequestMappingHandlerAdapter.invokeHandlerMethod(RequestMappingHandlerAdapter.java:934)
	at org.springframework.web.servlet.mvc.method.annotation.RequestMappingHandlerAdapter.handleInternal(RequestMappingHandlerAdapter.java:853)
	at org.springframework.web.servlet.mvc.method.AbstractHandlerMethodAdapter.handle(AbstractHandlerMethodAdapter.java:86)
	at org.springframework.web.servlet.DispatcherServlet.doDispatch(DispatcherServlet.java:963)
	at org.springframework.web.servlet.DispatcherServlet.doService(DispatcherServlet.java:866)
	at org.springframework.web.servlet.FrameworkServlet.processRequest(FrameworkServlet.java:1000)
	at org.springframework.web.servlet.FrameworkServlet.doGet(FrameworkServlet.java:892)
	at jakarta.servlet.http.HttpServlet.service(HttpServlet.java:622)
	at org.springframework.web.servlet.FrameworkServlet.service(FrameworkServlet.java:874)
	at jakarta.servlet.http.HttpServlet.service(HttpServlet.java:710)
	at org.apache.catalina.core.ApplicationFilterChain.doFilter(ApplicationFilterChain.java:128)
	at org.apache.tomcat.websocket.server.WsFilter.doFilter(WsFilter.java:53)
	at org.apache.catalina.core.ApplicationFilterChain.doFilter(ApplicationFilterChain.java:107)
	at org.springframework.web.filter.OncePerRequestFilter.doFilter(OncePerRequestFilter.java:110)
	at org.apache.catalina.core.ApplicationFilterChain.doFilter(ApplicationFilterChain.java:107)
	at org.springframework.web.filter.CompositeFilter$VirtualFilterChain.doFilter(CompositeFilter.java:108)
	at org.springframework.security.web.FilterChainProxy.lambda$doFilterInternal$3(FilterChainProxy.java:235)
	at org.springframework.security.web.FilterChainProxy$VirtualFilterChain.doFilter(FilterChainProxy.java:371)
	at org.springframework.security.web.access.intercept.AuthorizationFilter.doFilter(AuthorizationFilter.java:101)
	at org.springframework.security.web.FilterChainProxy$VirtualFilterChain.doFilter(FilterChainProxy.java:380)
	at org.springframework.security.web.access.ExceptionTranslationFilter.doFilter(ExceptionTranslationFilter.java:126)
	at org.springframework.security.web.access.ExceptionTranslationFilter.doFilter(ExceptionTranslationFilter.java:120)
	at org.springframework.security.web.FilterChainProxy$VirtualFilterChain.doFilter(FilterChainProxy.java:380)
	at org.springframework.security.web.session.SessionManagementFilter.doFilter(SessionManagementFilter.java:132)
	at org.springframework.security.web.session.SessionManagementFilter.doFilter(SessionManagementFilter.java:86)
	at org.springframework.security.web.FilterChainProxy$VirtualFilterChain.doFilter(FilterChainProxy.java:380)
	at org.springframework.security.web.authentication.AnonymousAuthenticationFilter.doFilter(AnonymousAuthenticationFilter.java:100)
	at org.springframework.security.web.FilterChainProxy$VirtualFilterChain.doFilter(FilterChainProxy.java:380)
	at org.springframework.security.web.servletapi.SecurityContextHolderAwareRequestFilter.doFilter(SecurityContextHolderAwareRequestFilter.java:181)
	at org.springframework.security.web.FilterChainProxy$VirtualFilterChain.doFilter(FilterChainProxy.java:380)
	at org.springframework.security.web.savedrequest.RequestCacheAwareFilter.doFilter(RequestCacheAwareFilter.java:63)
	at org.springframework.security.web.FilterChainProxy$VirtualFilterChain.doFilter(FilterChainProxy.java:380)
	at com.example.demo.config.AuthTokenFilter.doFilterInternal(AuthTokenFilter.java:59)
	at org.springframework.web.filter.OncePerRequestFilter.doFilter(OncePerRequestFilter.java:116)
	at org.springframework.security.web.FilterChainProxy$VirtualFilterChain.doFilter(FilterChainProxy.java:380)
	at org.springframework.security.web.authentication.logout.LogoutFilter.doFilter(LogoutFilter.java:110)
	at org.springframework.security.web.authentication.logout.LogoutFilter.doFilter(LogoutFilter.java:96)
	at org.springframework.security.web.FilterChainProxy$VirtualFilterChain.doFilter(FilterChainProxy.java:380)
	at org.springframework.web.filter.CorsFilter.doFilterInternal(CorsFilter.java:91)
	at org.springframework.web.filter.OncePerRequestFilter.doFilter(OncePerRequestFilter.java:116)
	at org.springframework.security.web.FilterChainProxy$VirtualFilterChain.doFilter(FilterChainProxy.java:380)
	at org.springframework.security.web.header.HeaderWriterFilter.doHeadersAfter(HeaderWriterFilter.java:90)
	at org.springframework.security.web.header.HeaderWriterFilter.doFilterInternal(HeaderWriterFilter.java:75)
	at org.springframework.web.filter.OncePerRequestFilter.doFilter(OncePerRequestFilter.java:116)
	at org.springframework.security.web.FilterChainProxy$VirtualFilterChain.doFilter(FilterChainProxy.java:380)
	at org.springframework.security.web.context.SecurityContextHolderFilter.doFilter(SecurityContextHolderFilter.java:82)
	at org.springframework.security.web.context.SecurityContextHolderFilter.doFilter(SecurityContextHolderFilter.java:69)
	at org.springframework.security.web.FilterChainProxy$VirtualFilterChain.doFilter(FilterChainProxy.java:380)
	at org.springframework.security.web.context.request.async.WebAsyncManagerIntegrationFilter.doFilterInternal(WebAsyncManagerIntegrationFilter.java:62)
	at org.springframework.web.filter.OncePerRequestFilter.doFilter(OncePerRequestFilter.java:116)
	at org.springframework.security.web.FilterChainProxy$VirtualFilterChain.doFilter(FilterChainProxy.java:380)
	at org.springframework.security.web.session.DisableEncodeUrlFilter.doFilterInternal(DisableEncodeUrlFilter.java:42)
	at org.springframework.web.filter.OncePerRequestFilter.doFilter(OncePerRequestFilter.java:116)
	at org.springframework.security.web.FilterChainProxy$VirtualFilterChain.doFilter(FilterChainProxy.java:380)
	at org.springframework.security.web.FilterChainProxy.doFilterInternal(FilterChainProxy.java:237)
	at org.springframework.security.web.FilterChainProxy.doFilter(FilterChainProxy.java:195)
	at org.springframework.web.filter.CompositeFilter$VirtualFilterChain.doFilter(CompositeFilter.java:113)
	at org.springframework.web.filter.ServletRequestPathFilter.doFilter(ServletRequestPathFilter.java:52)
	at org.springframework.web.filter.CompositeFilter$VirtualFilterChain.doFilter(CompositeFilter.java:113)
	at org.springframework.web.filter.CompositeFilter.doFilter(CompositeFilter.java:74)
	at org.springframework.security.config.annotation.web.configuration.WebSecurityConfiguration$CompositeFilterChainProxy.doFilter(WebSecurityConfiguration.java:317)
	at org.springframework.web.filter.DelegatingFilterProxy.invokeDelegate(DelegatingFilterProxy.java:355)
	at org.springframework.web.filter.DelegatingFilterProxy.doFilter(DelegatingFilterProxy.java:272)
	at org.apache.catalina.core.ApplicationFilterChain.doFilter(ApplicationFilterChain.java:107)
	at org.springframework.web.filter.RequestContextFilter.doFilterInternal(RequestContextFilter.java:100)
	at org.springframework.web.filter.OncePerRequestFilter.doFilter(OncePerRequestFilter.java:116)
	at org.apache.catalina.core.ApplicationFilterChain.doFilter(ApplicationFilterChain.java:107)
	at org.springframework.web.filter.FormContentFilter.doFilterInternal(FormContentFilter.java:93)
	at org.springframework.web.filter.OncePerRequestFilter.doFilter(OncePerRequestFilter.java:116)
	at org.apache.catalina.core.ApplicationFilterChain.doFilter(ApplicationFilterChain.java:107)
	at org.springframework.web.filter.CharacterEncodingFilter.doFilterInternal(CharacterEncodingFilter.java:199)
	at org.springframework.web.filter.OncePerRequestFilter.doFilter(OncePerRequestFilter.java:116)
	at org.apache.catalina.core.ApplicationFilterChain.doFilter(ApplicationFilterChain.java:107)
	at org.apache.catalina.core.StandardWrapperValve.invoke(StandardWrapperValve.java:165)
	at org.apache.catalina.core.StandardContextValve.invoke(StandardContextValve.java:77)
	at org.apache.catalina.authenticator.AuthenticatorBase.invoke(AuthenticatorBase.java:492)
	at org.apache.catalina.core.StandardHostValve.invoke(StandardHostValve.java:113)
	at org.apache.catalina.valves.ErrorReportValve.invoke(ErrorReportValve.java:83)
	at org.apache.catalina.core.StandardEngineValve.invoke(StandardEngineValve.java:72)
	at org.apache.catalina.connector.CoyoteAdapter.service(CoyoteAdapter.java:341)
	at org.apache.coyote.http11.Http11Processor.service(Http11Processor.java:397)
	at org.apache.coyote.AbstractProcessorLight.process(AbstractProcessorLight.java:63)
	at org.apache.coyote.AbstractProtocol$ConnectionHandler.process(AbstractProtocol.java:903)
	at org.apache.tomcat.util.net.NioEndpoint$SocketProcessor.doRun(NioEndpoint.java:1779)
	at org.apache.tomcat.util.net.SocketProcessorBase.run(SocketProcessorBase.java:52)
	at org.apache.tomcat.util.threads.ThreadPoolExecutor.runWorker(ThreadPoolExecutor.java:946)
	at org.apache.tomcat.util.threads.ThreadPoolExecutor$Worker.run(ThreadPoolExecutor.java:480)
	at org.apache.tomcat.util.threads.TaskThread$WrappingRunnable.run(TaskThread.java:57)
	at java.base/java.lang.Thread.run(Thread.java:840)
2026-04-11 20:07:54.838 [http-nio-8080-exec-4] DEBUG o.s.w.s.m.m.a.HttpEntityMethodProcessor - Using 'application/json', given [application/json, text/plain, */*] and supported [application/json, application/*+json]
2026-04-11 20:07:54.838 [http-nio-8080-exec-4] DEBUG o.s.w.s.m.m.a.HttpEntityMethodProcessor - Writing [[com.example.demo.entity.Student@63fd09c4]]
2026-04-11 20:07:54.838 [http-nio-8080-exec-8] DEBUG o.s.w.s.m.m.a.HttpEntityMethodProcessor - Using 'application/json', given [application/json, text/plain, */*] and supported [application/json, application/*+json]
2026-04-11 20:07:54.838 [http-nio-8080-exec-8] DEBUG o.s.w.s.m.m.a.HttpEntityMethodProcessor - Writing [{error=Внутренняя ошибка сервера}]
2026-04-11 20:07:54.839 [http-nio-8080-exec-8] DEBUG o.s.w.s.m.m.a.ExceptionHandlerExceptionResolver - Resolved [java.lang.NullPointerException]
2026-04-11 20:07:54.839 [http-nio-8080-exec-4] DEBUG o.s.web.servlet.DispatcherServlet - Completed 200 OK
2026-04-11 20:07:54.839 [http-nio-8080-exec-8] DEBUG o.s.web.servlet.DispatcherServlet - Completed 500 INTERNAL_SERVER_ERROR
2026-04-11 20:07:54.844 [http-nio-8080-exec-3] DEBUG o.s.security.web.FilterChainProxy - Securing OPTIONS /api/courses/tutor/3
2026-04-11 20:07:54.845 [http-nio-8080-exec-3] DEBUG o.s.security.web.FilterChainProxy - Securing OPTIONS /api/payments/tutor/3
2026-04-11 20:07:54.846 [http-nio-8080-exec-7] DEBUG o.s.security.web.FilterChainProxy - Securing OPTIONS /api/courses/tutor/3
2026-04-11 20:07:54.846 [http-nio-8080-exec-5] DEBUG o.s.security.web.FilterChainProxy - Securing OPTIONS /api/payments/tutor/3
2026-04-11 20:07:54.847 [http-nio-8080-exec-2] DEBUG org.hibernate.SQL - 
    select
        r1_0.student_id,
        r1_0.id,
        r1_0.rate_per_lesson,
        r1_0.tutor_id,
        t1_0.id,
        t1_0.about,
        t1_0.avatar,
        t1_0.birthday,
        t1_0.city,
        t1_0.created_at,
        t1_0.email,
        t1_0.full_name,
        t1_0.is_active,
        t1_0.password_hash,
        t1_0.phone,
        t1_0.role 
    from
        student_rate r1_0 
    left join
        tutor t1_0 
            on t1_0.id=r1_0.tutor_id 
    where
        r1_0.student_id=?
2026-04-11 20:07:54.850 [http-nio-8080-exec-6] DEBUG o.s.security.web.FilterChainProxy - Securing GET /api/courses/tutor/3
2026-04-11 20:07:54.852 [http-nio-8080-exec-4] DEBUG o.s.security.web.FilterChainProxy - Securing GET /api/courses/tutor/3
2026-04-11 20:07:54.852 [http-nio-8080-exec-10] DEBUG o.s.security.web.FilterChainProxy - Securing GET /api/payments/tutor/3
2026-04-11 20:07:54.852 [http-nio-8080-exec-9] DEBUG o.s.security.web.FilterChainProxy - Securing GET /api/payments/tutor/3
2026-04-11 20:07:54.853 [http-nio-8080-exec-2] DEBUG o.s.w.s.m.m.a.HttpEntityMethodProcessor - Using 'application/json', given [application/json, text/plain, */*] and supported [application/json, application/*+json]
2026-04-11 20:07:54.853 [http-nio-8080-exec-2] DEBUG o.s.w.s.m.m.a.HttpEntityMethodProcessor - Writing [[com.example.demo.entity.Student@8e890f7]]
2026-04-11 20:07:54.854 [http-nio-8080-exec-2] DEBUG o.s.web.servlet.DispatcherServlet - Completed 200 OK
2026-04-11 20:07:54.860 [http-nio-8080-exec-4] DEBUG o.s.security.web.FilterChainProxy - Secured GET /api/courses/tutor/3
2026-04-11 20:07:54.860 [http-nio-8080-exec-10] DEBUG o.s.security.web.FilterChainProxy - Secured GET /api/payments/tutor/3
2026-04-11 20:07:54.860 [http-nio-8080-exec-6] DEBUG o.s.security.web.FilterChainProxy - Secured GET /api/courses/tutor/3
2026-04-11 20:07:54.861 [http-nio-8080-exec-4] DEBUG o.s.web.servlet.DispatcherServlet - GET "/api/courses/tutor/3", parameters={}
2026-04-11 20:07:54.861 [http-nio-8080-exec-6] DEBUG o.s.web.servlet.DispatcherServlet - GET "/api/courses/tutor/3", parameters={}
2026-04-11 20:07:54.861 [http-nio-8080-exec-9] DEBUG o.s.security.web.FilterChainProxy - Secured GET /api/payments/tutor/3
2026-04-11 20:07:54.861 [http-nio-8080-exec-9] DEBUG o.s.web.servlet.DispatcherServlet - GET "/api/payments/tutor/3", parameters={}
2026-04-11 20:07:54.861 [http-nio-8080-exec-10] DEBUG o.s.web.servlet.DispatcherServlet - GET "/api/payments/tutor/3", parameters={}
2026-04-11 20:07:54.861 [http-nio-8080-exec-4] DEBUG o.s.w.s.m.m.a.RequestMappingHandlerMapping - Mapped to com.example.demo.controller.CourseController#getCoursesByTutor(Long)
2026-04-11 20:07:54.861 [http-nio-8080-exec-9] DEBUG o.s.w.s.m.m.a.RequestMappingHandlerMapping - Mapped to com.example.demo.controller.PaymentController#getPaymentsByTutor(Long)
2026-04-11 20:07:54.861 [http-nio-8080-exec-6] DEBUG o.s.w.s.m.m.a.RequestMappingHandlerMapping - Mapped to com.example.demo.controller.CourseController#getCoursesByTutor(Long)
2026-04-11 20:07:54.861 [http-nio-8080-exec-10] DEBUG o.s.w.s.m.m.a.RequestMappingHandlerMapping - Mapped to com.example.demo.controller.PaymentController#getPaymentsByTutor(Long)
2026-04-11 20:07:54.866 [http-nio-8080-exec-4] DEBUG org.hibernate.SQL - 
    select
        c1_0.id,
        c1_0.color,
        c1_0.created_at,
        c1_0.description,
        c1_0.name,
        c1_0.tutor_id 
    from
        course c1_0 
    where
        c1_0.tutor_id=?
2026-04-11 20:07:54.866 [http-nio-8080-exec-10] DEBUG org.hibernate.SQL - 
    select
        p1_0.id,
        p1_0.amount,
        p1_0.confirmed_by_parent,
        p1_0.course_name,
        p1_0.created_at,
        p1_0.lesson_id,
        p1_0.lesson_date,
        p1_0.notes,
        p1_0.payment_date,
        p1_0.payment_type,
        p1_0.status,
        p1_0.student_id,
        p1_0.subscription_id,
        p1_0.tutor_id,
        p1_0.tutor_name 
    from
        payment p1_0 
    where
        p1_0.tutor_id=?
2026-04-11 20:07:54.866 [http-nio-8080-exec-6] DEBUG org.hibernate.SQL - 
    select
        c1_0.id,
        c1_0.color,
        c1_0.created_at,
        c1_0.description,
        c1_0.name,
        c1_0.tutor_id 
    from
        course c1_0 
    where
        c1_0.tutor_id=?
2026-04-11 20:07:54.866 [http-nio-8080-exec-9] DEBUG org.hibernate.SQL - 
    select
        p1_0.id,
        p1_0.amount,
        p1_0.confirmed_by_parent,
        p1_0.course_name,
        p1_0.created_at,
        p1_0.lesson_id,
        p1_0.lesson_date,
        p1_0.notes,
        p1_0.payment_date,
        p1_0.payment_type,
        p1_0.status,
        p1_0.student_id,
        p1_0.subscription_id,
        p1_0.tutor_id,
        p1_0.tutor_name 
    from
        payment p1_0 
    where
        p1_0.tutor_id=?
2026-04-11 20:07:54.870 [http-nio-8080-exec-6] DEBUG o.s.w.s.m.m.a.HttpEntityMethodProcessor - Using 'application/json', given [application/json, text/plain, */*] and supported [application/json, application/*+json]
2026-04-11 20:07:54.870 [http-nio-8080-exec-10] DEBUG o.s.w.s.m.m.a.HttpEntityMethodProcessor - Using 'application/json', given [application/json, text/plain, */*] and supported [application/json, application/*+json]
2026-04-11 20:07:54.870 [http-nio-8080-exec-9] DEBUG o.s.w.s.m.m.a.HttpEntityMethodProcessor - Using 'application/json', given [application/json, text/plain, */*] and supported [application/json, application/*+json]
2026-04-11 20:07:54.871 [http-nio-8080-exec-10] DEBUG o.s.w.s.m.m.a.HttpEntityMethodProcessor - Writing [[]]
2026-04-11 20:07:54.871 [http-nio-8080-exec-9] DEBUG o.s.w.s.m.m.a.HttpEntityMethodProcessor - Writing [[]]
2026-04-11 20:07:54.870 [http-nio-8080-exec-4] DEBUG o.s.w.s.m.m.a.HttpEntityMethodProcessor - Using 'application/json', given [application/json, text/plain, */*] and supported [application/json, application/*+json]
2026-04-11 20:07:54.871 [http-nio-8080-exec-6] DEBUG o.s.w.s.m.m.a.HttpEntityMethodProcessor - Writing [[]]
2026-04-11 20:07:54.871 [http-nio-8080-exec-4] DEBUG o.s.w.s.m.m.a.HttpEntityMethodProcessor - Writing [[]]
2026-04-11 20:07:54.872 [http-nio-8080-exec-10] DEBUG o.s.web.servlet.DispatcherServlet - Completed 200 OK
2026-04-11 20:07:54.872 [http-nio-8080-exec-9] DEBUG o.s.web.servlet.DispatcherServlet - Completed 200 OK
2026-04-11 20:07:54.872 [http-nio-8080-exec-4] DEBUG o.s.web.servlet.DispatcherServlet - Completed 200 OK
2026-04-11 20:07:54.872 [http-nio-8080-exec-6] DEBUG o.s.web.servlet.DispatcherServlet - Completed 200 OK
2026-04-11 20:07:55.866 [http-nio-8080-exec-8] DEBUG o.s.security.web.FilterChainProxy - Securing GET /api/tutors/3/avatar
2026-04-11 20:07:55.866 [http-nio-8080-exec-3] DEBUG o.s.security.web.FilterChainProxy - Securing GET /api/lessons/all?tutorId=3
2026-04-11 20:07:55.867 [http-nio-8080-exec-1] DEBUG o.s.security.web.FilterChainProxy - Securing GET /api/students/tutor/3
2026-04-11 20:07:55.867 [http-nio-8080-exec-5] DEBUG o.s.security.web.FilterChainProxy - Securing GET /api/courses/tutor/3
2026-04-11 20:07:55.869 [http-nio-8080-exec-7] DEBUG o.s.security.web.FilterChainProxy - Securing GET /api/lessons/all?tutorId=3
2026-04-11 20:07:55.870 [http-nio-8080-exec-2] DEBUG o.s.security.web.FilterChainProxy - Securing GET /api/students/tutor/3
2026-04-11 20:07:55.872 [http-nio-8080-exec-10] DEBUG o.s.security.web.FilterChainProxy - Securing GET /api/courses/tutor/3
2026-04-11 20:07:55.875 [http-nio-8080-exec-5] DEBUG o.s.security.web.FilterChainProxy - Secured GET /api/courses/tutor/3
2026-04-11 20:07:55.875 [http-nio-8080-exec-5] DEBUG o.s.web.servlet.DispatcherServlet - GET "/api/courses/tutor/3", parameters={}
2026-04-11 20:07:55.876 [http-nio-8080-exec-5] DEBUG o.s.w.s.m.m.a.RequestMappingHandlerMapping - Mapped to com.example.demo.controller.CourseController#getCoursesByTutor(Long)
2026-04-11 20:07:55.878 [http-nio-8080-exec-8] DEBUG o.s.security.web.FilterChainProxy - Secured GET /api/tutors/3/avatar
2026-04-11 20:07:55.878 [http-nio-8080-exec-8] DEBUG o.s.web.servlet.DispatcherServlet - GET "/api/tutors/3/avatar", parameters={}
2026-04-11 20:07:55.878 [http-nio-8080-exec-1] DEBUG o.s.security.web.FilterChainProxy - Secured GET /api/students/tutor/3
2026-04-11 20:07:55.878 [http-nio-8080-exec-1] DEBUG o.s.web.servlet.DispatcherServlet - GET "/api/students/tutor/3", parameters={}
2026-04-11 20:07:55.878 [http-nio-8080-exec-3] DEBUG o.s.security.web.FilterChainProxy - Secured GET /api/lessons/all?tutorId=3
2026-04-11 20:07:55.878 [http-nio-8080-exec-8] DEBUG o.s.w.s.m.m.a.RequestMappingHandlerMapping - Mapped to com.example.demo.controller.TutorController#getAvatar(Long)
2026-04-11 20:07:55.879 [http-nio-8080-exec-3] DEBUG o.s.web.servlet.DispatcherServlet - GET "/api/lessons/all?tutorId=3", parameters={masked}
2026-04-11 20:07:55.879 [http-nio-8080-exec-1] DEBUG o.s.w.s.m.m.a.RequestMappingHandlerMapping - Mapped to com.example.demo.controller.StudentController#getStudentsByTutor(Long, Long, String)
2026-04-11 20:07:55.879 [http-nio-8080-exec-3] DEBUG o.s.w.s.m.m.a.RequestMappingHandlerMapping - Mapped to com.example.demo.controller.LessonController#getAllLessons(Long, Long)
2026-04-11 20:07:55.880 [http-nio-8080-exec-7] DEBUG o.s.security.web.FilterChainProxy - Secured GET /api/lessons/all?tutorId=3
2026-04-11 20:07:55.880 [http-nio-8080-exec-3] DEBUG o.s.s.a.m.AuthorizationManagerBeforeMethodInterceptor - Authorizing method invocation ReflectiveMethodInvocation: public org.springframework.http.ResponseEntity com.example.demo.controller.LessonController.getAllLessons(java.lang.Long,java.lang.Long); target is of class [com.example.demo.controller.LessonController]
2026-04-11 20:07:55.880 [http-nio-8080-exec-7] DEBUG o.s.web.servlet.DispatcherServlet - GET "/api/lessons/all?tutorId=3", parameters={masked}
2026-04-11 20:07:55.880 [http-nio-8080-exec-5] DEBUG org.hibernate.SQL - 
    select
        c1_0.id,
        c1_0.color,
        c1_0.created_at,
        c1_0.description,
        c1_0.name,
        c1_0.tutor_id 
    from
        course c1_0 
    where
        c1_0.tutor_id=?
2026-04-11 20:07:55.880 [http-nio-8080-exec-7] DEBUG o.s.w.s.m.m.a.RequestMappingHandlerMapping - Mapped to com.example.demo.controller.LessonController#getAllLessons(Long, Long)
2026-04-11 20:07:55.880 [http-nio-8080-exec-3] DEBUG o.s.s.a.m.AuthorizationManagerBeforeMethodInterceptor - Authorized method invocation ReflectiveMethodInvocation: public org.springframework.http.ResponseEntity com.example.demo.controller.LessonController.getAllLessons(java.lang.Long,java.lang.Long); target is of class [com.example.demo.controller.LessonController]
2026-04-11 20:07:55.880 [http-nio-8080-exec-2] DEBUG o.s.security.web.FilterChainProxy - Secured GET /api/students/tutor/3
2026-04-11 20:07:55.880 [http-nio-8080-exec-2] DEBUG o.s.web.servlet.DispatcherServlet - GET "/api/students/tutor/3", parameters={}
2026-04-11 20:07:55.880 [http-nio-8080-exec-10] DEBUG o.s.security.web.FilterChainProxy - Secured GET /api/courses/tutor/3
2026-04-11 20:07:55.880 [http-nio-8080-exec-10] DEBUG o.s.web.servlet.DispatcherServlet - GET "/api/courses/tutor/3", parameters={}
2026-04-11 20:07:55.881 [http-nio-8080-exec-7] DEBUG o.s.s.a.m.AuthorizationManagerBeforeMethodInterceptor - Authorizing method invocation ReflectiveMethodInvocation: public org.springframework.http.ResponseEntity com.example.demo.controller.LessonController.getAllLessons(java.lang.Long,java.lang.Long); target is of class [com.example.demo.controller.LessonController]
2026-04-11 20:07:55.881 [http-nio-8080-exec-10] DEBUG o.s.w.s.m.m.a.RequestMappingHandlerMapping - Mapped to com.example.demo.controller.CourseController#getCoursesByTutor(Long)
2026-04-11 20:07:55.881 [http-nio-8080-exec-2] DEBUG o.s.w.s.m.m.a.RequestMappingHandlerMapping - Mapped to com.example.demo.controller.StudentController#getStudentsByTutor(Long, Long, String)
2026-04-11 20:07:55.881 [http-nio-8080-exec-7] DEBUG o.s.s.a.m.AuthorizationManagerBeforeMethodInterceptor - Authorized method invocation ReflectiveMethodInvocation: public org.springframework.http.ResponseEntity com.example.demo.controller.LessonController.getAllLessons(java.lang.Long,java.lang.Long); target is of class [com.example.demo.controller.LessonController]
2026-04-11 20:07:55.881 [http-nio-8080-exec-3] DEBUG org.hibernate.SQL - 
    select
        l1_0.id,
        l1_0.completed_at,
        l1_0.course_id,
        l1_0.created_at,
        l1_0.end_time,
        l1_0.lesson_date,
        l1_0.next_lesson_plan,
        l1_0.notes,
        l1_0.original_lesson_id,
        l1_0.paid_at,
        l1_0.start_time,
        l1_0.status,
        l1_0.student_id,
        l1_0.tutor_id,
        l1_0.updated_at 
    from
        lesson l1_0 
    where
        l1_0.tutor_id=? 
    order by
        l1_0.lesson_date,
        l1_0.start_time
2026-04-11 20:07:55.881 [http-nio-8080-exec-1] DEBUG o.s.s.a.m.AuthorizationManagerBeforeMethodInterceptor - Authorizing method invocation ReflectiveMethodInvocation: public org.springframework.http.ResponseEntity com.example.demo.controller.StudentController.getStudentsByTutor(java.lang.Long,java.lang.Long,java.lang.String); target is of class [com.example.demo.controller.StudentController]
2026-04-11 20:07:55.881 [http-nio-8080-exec-2] DEBUG o.s.s.a.m.AuthorizationManagerBeforeMethodInterceptor - Authorizing method invocation ReflectiveMethodInvocation: public org.springframework.http.ResponseEntity com.example.demo.controller.StudentController.getStudentsByTutor(java.lang.Long,java.lang.Long,java.lang.String); target is of class [com.example.demo.controller.StudentController]
2026-04-11 20:07:55.881 [http-nio-8080-exec-8] DEBUG org.hibernate.SQL - 
    select
        t1_0.id,
        t1_0.about,
        t1_0.avatar,
        t1_0.birthday,
        t1_0.city,
        t1_0.created_at,
        t1_0.email,
        t1_0.full_name,
        t1_0.is_active,
        t1_0.password_hash,
        t1_0.phone,
        t1_0.role 
    from
        tutor t1_0 
    where
        t1_0.id=?
2026-04-11 20:07:55.881 [http-nio-8080-exec-1] DEBUG o.s.s.a.m.AuthorizationManagerBeforeMethodInterceptor - Authorized method invocation ReflectiveMethodInvocation: public org.springframework.http.ResponseEntity com.example.demo.controller.StudentController.getStudentsByTutor(java.lang.Long,java.lang.Long,java.lang.String); target is of class [com.example.demo.controller.StudentController]
2026-04-11 20:07:55.881 [http-nio-8080-exec-2] DEBUG o.s.s.a.m.AuthorizationManagerBeforeMethodInterceptor - Authorized method invocation ReflectiveMethodInvocation: public org.springframework.http.ResponseEntity com.example.demo.controller.StudentController.getStudentsByTutor(java.lang.Long,java.lang.Long,java.lang.String); target is of class [com.example.demo.controller.StudentController]
2026-04-11 20:07:55.881 [http-nio-8080-exec-10] DEBUG org.hibernate.SQL - 
    select
        c1_0.id,
        c1_0.color,
        c1_0.created_at,
        c1_0.description,
        c1_0.name,
        c1_0.tutor_id 
    from
        course c1_0 
    where
        c1_0.tutor_id=?
2026-04-11 20:07:55.881 [http-nio-8080-exec-7] DEBUG org.hibernate.SQL - 
    select
        l1_0.id,
        l1_0.completed_at,
        l1_0.course_id,
        l1_0.created_at,
        l1_0.end_time,
        l1_0.lesson_date,
        l1_0.next_lesson_plan,
        l1_0.notes,
        l1_0.original_lesson_id,
        l1_0.paid_at,
        l1_0.start_time,
        l1_0.status,
        l1_0.student_id,
        l1_0.tutor_id,
        l1_0.updated_at 
    from
        lesson l1_0 
    where
        l1_0.tutor_id=? 
    order by
        l1_0.lesson_date,
        l1_0.start_time
2026-04-11 20:07:55.882 [http-nio-8080-exec-5] DEBUG o.s.w.s.m.m.a.HttpEntityMethodProcessor - Using 'application/json', given [application/json, text/plain, */*] and supported [application/json, application/*+json]
2026-04-11 20:07:55.882 [http-nio-8080-exec-5] DEBUG o.s.w.s.m.m.a.HttpEntityMethodProcessor - Writing [[]]
2026-04-11 20:07:55.883 [http-nio-8080-exec-5] DEBUG o.s.web.servlet.DispatcherServlet - Completed 200 OK
2026-04-11 20:07:55.883 [http-nio-8080-exec-2] DEBUG org.hibernate.SQL - 
    select
        s1_0.id,
        s1_0.birthday,
        s1_0.created_at,
        s1_0.email,
        s1_0.full_name,
        s1_0.parent_id,
        s1_0.parent_name,
        s1_0.parent_phone,
        s1_0.password_hash,
        s1_0.payment_type,
        s1_0.phone,
        s1_0.role 
    from
        student s1_0
2026-04-11 20:07:55.884 [http-nio-8080-exec-8] DEBUG o.s.w.s.m.m.a.ExceptionHandlerExceptionResolver - Using @ExceptionHandler com.example.demo.exception.GlobalExceptionHandler#handleRuntimeException(RuntimeException)
2026-04-11 20:07:55.884 [http-nio-8080-exec-1] DEBUG org.hibernate.SQL - 
    select
        s1_0.id,
        s1_0.birthday,
        s1_0.created_at,
        s1_0.email,
        s1_0.full_name,
        s1_0.parent_id,
        s1_0.parent_name,
        s1_0.parent_phone,
        s1_0.password_hash,
        s1_0.payment_type,
        s1_0.phone,
        s1_0.role 
    from
        student s1_0
2026-04-11 20:07:55.884 [http-nio-8080-exec-8] ERROR c.e.d.e.GlobalExceptionHandler - Ошибка выполнения: null
java.lang.NullPointerException
	at java.base/java.util.Objects.requireNonNull(Objects.java:209)
	at java.base/java.util.ImmutableCollections$Map1.<init>(ImmutableCollections.java:1105)
	at java.base/java.util.Map.of(Map.java:1353)
	at com.example.demo.controller.TutorController.getAvatar(TutorController.java:93)
	at jdk.internal.reflect.GeneratedMethodAccessor82.invoke(Unknown Source)
	at java.base/jdk.internal.reflect.DelegatingMethodAccessorImpl.invoke(DelegatingMethodAccessorImpl.java:43)
	at java.base/java.lang.reflect.Method.invoke(Method.java:569)
	at org.springframework.web.method.support.InvocableHandlerMethod.doInvoke(InvocableHandlerMethod.java:252)
	at org.springframework.web.method.support.InvocableHandlerMethod.invokeForRequest(InvocableHandlerMethod.java:184)
	at org.springframework.web.servlet.mvc.method.annotation.ServletInvocableHandlerMethod.invokeAndHandle(ServletInvocableHandlerMethod.java:117)
	at org.springframework.web.servlet.mvc.method.annotation.RequestMappingHandlerAdapter.invokeHandlerMethod(RequestMappingHandlerAdapter.java:934)
	at org.springframework.web.servlet.mvc.method.annotation.RequestMappingHandlerAdapter.handleInternal(RequestMappingHandlerAdapter.java:853)
	at org.springframework.web.servlet.mvc.method.AbstractHandlerMethodAdapter.handle(AbstractHandlerMethodAdapter.java:86)
	at org.springframework.web.servlet.DispatcherServlet.doDispatch(DispatcherServlet.java:963)
	at org.springframework.web.servlet.DispatcherServlet.doService(DispatcherServlet.java:866)
	at org.springframework.web.servlet.FrameworkServlet.processRequest(FrameworkServlet.java:1000)
	at org.springframework.web.servlet.FrameworkServlet.doGet(FrameworkServlet.java:892)
	at jakarta.servlet.http.HttpServlet.service(HttpServlet.java:622)
	at org.springframework.web.servlet.FrameworkServlet.service(FrameworkServlet.java:874)
	at jakarta.servlet.http.HttpServlet.service(HttpServlet.java:710)
	at org.apache.catalina.core.ApplicationFilterChain.doFilter(ApplicationFilterChain.java:128)
	at org.apache.tomcat.websocket.server.WsFilter.doFilter(WsFilter.java:53)
	at org.apache.catalina.core.ApplicationFilterChain.doFilter(ApplicationFilterChain.java:107)
	at org.springframework.web.filter.OncePerRequestFilter.doFilter(OncePerRequestFilter.java:110)
	at org.apache.catalina.core.ApplicationFilterChain.doFilter(ApplicationFilterChain.java:107)
	at org.springframework.web.filter.CompositeFilter$VirtualFilterChain.doFilter(CompositeFilter.java:108)
	at org.springframework.security.web.FilterChainProxy.lambda$doFilterInternal$3(FilterChainProxy.java:235)
	at org.springframework.security.web.FilterChainProxy$VirtualFilterChain.doFilter(FilterChainProxy.java:371)
	at org.springframework.security.web.access.intercept.AuthorizationFilter.doFilter(AuthorizationFilter.java:101)
	at org.springframework.security.web.FilterChainProxy$VirtualFilterChain.doFilter(FilterChainProxy.java:380)
	at org.springframework.security.web.access.ExceptionTranslationFilter.doFilter(ExceptionTranslationFilter.java:126)
	at org.springframework.security.web.access.ExceptionTranslationFilter.doFilter(ExceptionTranslationFilter.java:120)
	at org.springframework.security.web.FilterChainProxy$VirtualFilterChain.doFilter(FilterChainProxy.java:380)
	at org.springframework.security.web.session.SessionManagementFilter.doFilter(SessionManagementFilter.java:132)
	at org.springframework.security.web.session.SessionManagementFilter.doFilter(SessionManagementFilter.java:86)
	at org.springframework.security.web.FilterChainProxy$VirtualFilterChain.doFilter(FilterChainProxy.java:380)
	at org.springframework.security.web.authentication.AnonymousAuthenticationFilter.doFilter(AnonymousAuthenticationFilter.java:100)
	at org.springframework.security.web.FilterChainProxy$VirtualFilterChain.doFilter(FilterChainProxy.java:380)
	at org.springframework.security.web.servletapi.SecurityContextHolderAwareRequestFilter.doFilter(SecurityContextHolderAwareRequestFilter.java:181)
	at org.springframework.security.web.FilterChainProxy$VirtualFilterChain.doFilter(FilterChainProxy.java:380)
	at org.springframework.security.web.savedrequest.RequestCacheAwareFilter.doFilter(RequestCacheAwareFilter.java:63)
	at org.springframework.security.web.FilterChainProxy$VirtualFilterChain.doFilter(FilterChainProxy.java:380)
	at com.example.demo.config.AuthTokenFilter.doFilterInternal(AuthTokenFilter.java:59)
	at org.springframework.web.filter.OncePerRequestFilter.doFilter(OncePerRequestFilter.java:116)
	at org.springframework.security.web.FilterChainProxy$VirtualFilterChain.doFilter(FilterChainProxy.java:380)
	at org.springframework.security.web.authentication.logout.LogoutFilter.doFilter(LogoutFilter.java:110)
	at org.springframework.security.web.authentication.logout.LogoutFilter.doFilter(LogoutFilter.java:96)
	at org.springframework.security.web.FilterChainProxy$VirtualFilterChain.doFilter(FilterChainProxy.java:380)
	at org.springframework.web.filter.CorsFilter.doFilterInternal(CorsFilter.java:91)
	at org.springframework.web.filter.OncePerRequestFilter.doFilter(OncePerRequestFilter.java:116)
	at org.springframework.security.web.FilterChainProxy$VirtualFilterChain.doFilter(FilterChainProxy.java:380)
	at org.springframework.security.web.header.HeaderWriterFilter.doHeadersAfter(HeaderWriterFilter.java:90)
	at org.springframework.security.web.header.HeaderWriterFilter.doFilterInternal(HeaderWriterFilter.java:75)
	at org.springframework.web.filter.OncePerRequestFilter.doFilter(OncePerRequestFilter.java:116)
	at org.springframework.security.web.FilterChainProxy$VirtualFilterChain.doFilter(FilterChainProxy.java:380)
	at org.springframework.security.web.context.SecurityContextHolderFilter.doFilter(SecurityContextHolderFilter.java:82)
	at org.springframework.security.web.context.SecurityContextHolderFilter.doFilter(SecurityContextHolderFilter.java:69)
	at org.springframework.security.web.FilterChainProxy$VirtualFilterChain.doFilter(FilterChainProxy.java:380)
	at org.springframework.security.web.context.request.async.WebAsyncManagerIntegrationFilter.doFilterInternal(WebAsyncManagerIntegrationFilter.java:62)
	at org.springframework.web.filter.OncePerRequestFilter.doFilter(OncePerRequestFilter.java:116)
	at org.springframework.security.web.FilterChainProxy$VirtualFilterChain.doFilter(FilterChainProxy.java:380)
	at org.springframework.security.web.session.DisableEncodeUrlFilter.doFilterInternal(DisableEncodeUrlFilter.java:42)
	at org.springframework.web.filter.OncePerRequestFilter.doFilter(OncePerRequestFilter.java:116)
	at org.springframework.security.web.FilterChainProxy$VirtualFilterChain.doFilter(FilterChainProxy.java:380)
	at org.springframework.security.web.FilterChainProxy.doFilterInternal(FilterChainProxy.java:237)
	at org.springframework.security.web.FilterChainProxy.doFilter(FilterChainProxy.java:195)
	at org.springframework.web.filter.CompositeFilter$VirtualFilterChain.doFilter(CompositeFilter.java:113)
	at org.springframework.web.filter.ServletRequestPathFilter.doFilter(ServletRequestPathFilter.java:52)
	at org.springframework.web.filter.CompositeFilter$VirtualFilterChain.doFilter(CompositeFilter.java:113)
	at org.springframework.web.filter.CompositeFilter.doFilter(CompositeFilter.java:74)
	at org.springframework.security.config.annotation.web.configuration.WebSecurityConfiguration$CompositeFilterChainProxy.doFilter(WebSecurityConfiguration.java:317)
	at org.springframework.web.filter.DelegatingFilterProxy.invokeDelegate(DelegatingFilterProxy.java:355)
	at org.springframework.web.filter.DelegatingFilterProxy.doFilter(DelegatingFilterProxy.java:272)
	at org.apache.catalina.core.ApplicationFilterChain.doFilter(ApplicationFilterChain.java:107)
	at org.springframework.web.filter.RequestContextFilter.doFilterInternal(RequestContextFilter.java:100)
	at org.springframework.web.filter.OncePerRequestFilter.doFilter(OncePerRequestFilter.java:116)
	at org.apache.catalina.core.ApplicationFilterChain.doFilter(ApplicationFilterChain.java:107)
	at org.springframework.web.filter.FormContentFilter.doFilterInternal(FormContentFilter.java:93)
	at org.springframework.web.filter.OncePerRequestFilter.doFilter(OncePerRequestFilter.java:116)
	at org.apache.catalina.core.ApplicationFilterChain.doFilter(ApplicationFilterChain.java:107)
	at org.springframework.web.filter.CharacterEncodingFilter.doFilterInternal(CharacterEncodingFilter.java:199)
	at org.springframework.web.filter.OncePerRequestFilter.doFilter(OncePerRequestFilter.java:116)
	at org.apache.catalina.core.ApplicationFilterChain.doFilter(ApplicationFilterChain.java:107)
	at org.apache.catalina.core.StandardWrapperValve.invoke(StandardWrapperValve.java:165)
	at org.apache.catalina.core.StandardContextValve.invoke(StandardContextValve.java:77)
	at org.apache.catalina.authenticator.AuthenticatorBase.invoke(AuthenticatorBase.java:492)
	at org.apache.catalina.core.StandardHostValve.invoke(StandardHostValve.java:113)
	at org.apache.catalina.valves.ErrorReportValve.invoke(ErrorReportValve.java:83)
	at org.apache.catalina.core.StandardEngineValve.invoke(StandardEngineValve.java:72)
	at org.apache.catalina.connector.CoyoteAdapter.service(CoyoteAdapter.java:341)
	at org.apache.coyote.http11.Http11Processor.service(Http11Processor.java:397)
	at org.apache.coyote.AbstractProcessorLight.process(AbstractProcessorLight.java:63)
	at org.apache.coyote.AbstractProtocol$ConnectionHandler.process(AbstractProtocol.java:903)
	at org.apache.tomcat.util.net.NioEndpoint$SocketProcessor.doRun(NioEndpoint.java:1779)
	at org.apache.tomcat.util.net.SocketProcessorBase.run(SocketProcessorBase.java:52)
	at org.apache.tomcat.util.threads.ThreadPoolExecutor.runWorker(ThreadPoolExecutor.java:946)
	at org.apache.tomcat.util.threads.ThreadPoolExecutor$Worker.run(ThreadPoolExecutor.java:480)
	at org.apache.tomcat.util.threads.TaskThread$WrappingRunnable.run(TaskThread.java:57)
	at java.base/java.lang.Thread.run(Thread.java:840)
2026-04-11 20:07:55.886 [http-nio-8080-exec-8] DEBUG o.s.w.s.m.m.a.HttpEntityMethodProcessor - Using 'application/json', given [application/json, text/plain, */*] and supported [application/json, application/*+json]
2026-04-11 20:07:55.886 [http-nio-8080-exec-2] DEBUG org.hibernate.SQL - 
    select
        p1_0.id,
        p1_0.created_at,
        p1_0.email,
        p1_0.full_name,
        p1_0.password_hash,
        p1_0.phone,
        p1_0.role 
    from
        parent p1_0 
    where
        p1_0.id=?
2026-04-11 20:07:55.886 [http-nio-8080-exec-8] DEBUG o.s.w.s.m.m.a.HttpEntityMethodProcessor - Writing [{error=Внутренняя ошибка сервера}]
2026-04-11 20:07:55.886 [http-nio-8080-exec-10] DEBUG o.s.w.s.m.m.a.HttpEntityMethodProcessor - Using 'application/json', given [application/json, text/plain, */*] and supported [application/json, application/*+json]
2026-04-11 20:07:55.886 [http-nio-8080-exec-3] DEBUG o.s.w.s.m.m.a.HttpEntityMethodProcessor - Using 'application/json', given [application/json, text/plain, */*] and supported [application/json, application/*+json]
2026-04-11 20:07:55.886 [http-nio-8080-exec-10] DEBUG o.s.w.s.m.m.a.HttpEntityMethodProcessor - Writing [[]]
2026-04-11 20:07:55.887 [http-nio-8080-exec-3] DEBUG o.s.w.s.m.m.a.HttpEntityMethodProcessor - Writing [[]]
2026-04-11 20:07:55.887 [http-nio-8080-exec-8] DEBUG o.s.w.s.m.m.a.ExceptionHandlerExceptionResolver - Resolved [java.lang.NullPointerException]
2026-04-11 20:07:55.887 [http-nio-8080-exec-8] DEBUG o.s.web.servlet.DispatcherServlet - Completed 500 INTERNAL_SERVER_ERROR
2026-04-11 20:07:55.887 [http-nio-8080-exec-3] DEBUG o.s.web.servlet.DispatcherServlet - Completed 200 OK
2026-04-11 20:07:55.887 [http-nio-8080-exec-10] DEBUG o.s.web.servlet.DispatcherServlet - Completed 200 OK
2026-04-11 20:07:55.889 [http-nio-8080-exec-4] DEBUG o.s.security.web.FilterChainProxy - Securing OPTIONS /api/weekly-template/tutor/3
2026-04-11 20:07:55.889 [http-nio-8080-exec-9] DEBUG o.s.security.web.FilterChainProxy - Securing OPTIONS /api/weekly-template/tutor/3
2026-04-11 20:07:55.890 [http-nio-8080-exec-1] DEBUG org.hibernate.SQL - 
    select
        p1_0.id,
        p1_0.created_at,
        p1_0.email,
        p1_0.full_name,
        p1_0.password_hash,
        p1_0.phone,
        p1_0.role 
    from
        parent p1_0 
    where
        p1_0.id=?
2026-04-11 20:07:55.891 [http-nio-8080-exec-2] DEBUG org.hibernate.SQL - 
    select
        t1_0.student_id,
        t1_1.id,
        t1_1.about,
        t1_1.avatar,
        t1_1.birthday,
        t1_1.city,
        t1_1.created_at,
        t1_1.email,
        t1_1.full_name,
        t1_1.is_active,
        t1_1.password_hash,
        t1_1.phone,
        t1_1.role 
    from
        student_tutor t1_0 
    join
        tutor t1_1 
            on t1_1.id=t1_0.tutor_id 
    where
        t1_0.student_id=?
2026-04-11 20:07:55.891 [http-nio-8080-exec-7] DEBUG o.s.w.s.m.m.a.HttpEntityMethodProcessor - Using 'application/json', given [application/json, text/plain, */*] and supported [application/json, application/*+json]
2026-04-11 20:07:55.891 [http-nio-8080-exec-7] DEBUG o.s.w.s.m.m.a.HttpEntityMethodProcessor - Writing [[]]
2026-04-11 20:07:55.893 [http-nio-8080-exec-7] DEBUG o.s.web.servlet.DispatcherServlet - Completed 200 OK
2026-04-11 20:07:55.894 [http-nio-8080-exec-2] DEBUG org.hibernate.SQL - 
    select
        r1_0.student_id,
        r1_0.id,
        r1_0.rate_per_lesson,
        r1_0.tutor_id,
        t1_0.id,
        t1_0.about,
        t1_0.avatar,
        t1_0.birthday,
        t1_0.city,
        t1_0.created_at,
        t1_0.email,
        t1_0.full_name,
        t1_0.is_active,
        t1_0.password_hash,
        t1_0.phone,
        t1_0.role 
    from
        student_rate r1_0 
    left join
        tutor t1_0 
            on t1_0.id=r1_0.tutor_id 
    where
        r1_0.student_id=?
2026-04-11 20:07:55.897 [http-nio-8080-exec-1] DEBUG org.hibernate.SQL - 
    select
        t1_0.student_id,
        t1_1.id,
        t1_1.about,
        t1_1.avatar,
        t1_1.birthday,
        t1_1.city,
        t1_1.created_at,
        t1_1.email,
        t1_1.full_name,
        t1_1.is_active,
        t1_1.password_hash,
        t1_1.phone,
        t1_1.role 
    from
        student_tutor t1_0 
    join
        tutor t1_1 
            on t1_1.id=t1_0.tutor_id 
    where
        t1_0.student_id=?
2026-04-11 20:07:55.898 [http-nio-8080-exec-2] DEBUG o.s.w.s.m.m.a.HttpEntityMethodProcessor - Using 'application/json', given [application/json, text/plain, */*] and supported [application/json, application/*+json]
2026-04-11 20:07:55.898 [http-nio-8080-exec-2] DEBUG o.s.w.s.m.m.a.HttpEntityMethodProcessor - Writing [[com.example.demo.entity.Student@e955690]]
2026-04-11 20:07:55.898 [http-nio-8080-exec-6] DEBUG o.s.security.web.FilterChainProxy - Securing GET /api/weekly-template/tutor/3
2026-04-11 20:07:55.898 [http-nio-8080-exec-5] DEBUG o.s.security.web.FilterChainProxy - Securing GET /api/weekly-template/tutor/3
2026-04-11 20:07:55.899 [http-nio-8080-exec-2] DEBUG o.s.web.servlet.DispatcherServlet - Completed 200 OK
2026-04-11 20:07:55.902 [http-nio-8080-exec-1] DEBUG org.hibernate.SQL - 
    select
        r1_0.student_id,
        r1_0.id,
        r1_0.rate_per_lesson,
        r1_0.tutor_id,
        t1_0.id,
        t1_0.about,
        t1_0.avatar,
        t1_0.birthday,
        t1_0.city,
        t1_0.created_at,
        t1_0.email,
        t1_0.full_name,
        t1_0.is_active,
        t1_0.password_hash,
        t1_0.phone,
        t1_0.role 
    from
        student_rate r1_0 
    left join
        tutor t1_0 
            on t1_0.id=r1_0.tutor_id 
    where
        r1_0.student_id=?
2026-04-11 20:07:55.905 [http-nio-8080-exec-5] DEBUG o.s.security.web.FilterChainProxy - Secured GET /api/weekly-template/tutor/3
2026-04-11 20:07:55.905 [http-nio-8080-exec-5] DEBUG o.s.web.servlet.DispatcherServlet - GET "/api/weekly-template/tutor/3", parameters={}
2026-04-11 20:07:55.905 [http-nio-8080-exec-6] DEBUG o.s.security.web.FilterChainProxy - Secured GET /api/weekly-template/tutor/3
2026-04-11 20:07:55.906 [http-nio-8080-exec-6] DEBUG o.s.web.servlet.DispatcherServlet - GET "/api/weekly-template/tutor/3", parameters={}
2026-04-11 20:07:55.906 [http-nio-8080-exec-5] DEBUG o.s.w.s.m.m.a.RequestMappingHandlerMapping - Mapped to com.example.demo.controller.WeeklyTemplateController#getTemplates(Long)
2026-04-11 20:07:55.906 [http-nio-8080-exec-6] DEBUG o.s.w.s.m.m.a.RequestMappingHandlerMapping - Mapped to com.example.demo.controller.WeeklyTemplateController#getTemplates(Long)
2026-04-11 20:07:55.911 [http-nio-8080-exec-1] DEBUG o.s.w.s.m.m.a.HttpEntityMethodProcessor - Using 'application/json', given [application/json, text/plain, */*] and supported [application/json, application/*+json]
2026-04-11 20:07:55.911 [http-nio-8080-exec-5] DEBUG org.hibernate.SQL - 
    select
        wt1_0.id,
        wt1_0.course_id,
        wt1_0.created_at,
        wt1_0.day_of_week,
        wt1_0.end_time,
        wt1_0.start_time,
        wt1_0.status,
        wt1_0.student_id,
        wt1_0.tutor_id 
    from
        weekly_template wt1_0 
    where
        wt1_0.tutor_id=?
2026-04-11 20:07:55.912 [http-nio-8080-exec-1] DEBUG o.s.w.s.m.m.a.HttpEntityMethodProcessor - Writing [[com.example.demo.entity.Student@3d216c07]]
2026-04-11 20:07:55.912 [http-nio-8080-exec-6] DEBUG org.hibernate.SQL - 
    select
        wt1_0.id,
        wt1_0.course_id,
        wt1_0.created_at,
        wt1_0.day_of_week,
        wt1_0.end_time,
        wt1_0.start_time,
        wt1_0.status,
        wt1_0.student_id,
        wt1_0.tutor_id 
    from
        weekly_template wt1_0 
    where
        wt1_0.tutor_id=?
2026-04-11 20:07:55.914 [http-nio-8080-exec-1] DEBUG o.s.web.servlet.DispatcherServlet - Completed 200 OK
2026-04-11 20:07:55.917 [http-nio-8080-exec-6] DEBUG o.s.w.s.m.m.a.HttpEntityMethodProcessor - Using 'application/json', given [application/json, text/plain, */*] and supported [application/json, application/*+json]
2026-04-11 20:07:55.917 [http-nio-8080-exec-5] DEBUG o.s.w.s.m.m.a.HttpEntityMethodProcessor - Using 'application/json', given [application/json, text/plain, */*] and supported [application/json, application/*+json]
2026-04-11 20:07:55.917 [http-nio-8080-exec-6] DEBUG o.s.w.s.m.m.a.HttpEntityMethodProcessor - Writing [[]]
2026-04-11 20:07:55.917 [http-nio-8080-exec-5] DEBUG o.s.w.s.m.m.a.HttpEntityMethodProcessor - Writing [[]]
2026-04-11 20:07:55.918 [http-nio-8080-exec-6] DEBUG o.s.web.servlet.DispatcherServlet - Completed 200 OK
2026-04-11 20:07:55.918 [http-nio-8080-exec-5] DEBUG o.s.web.servlet.DispatcherServlet - Completed 200 OK
2026-04-11 20:07:57.584 [http-nio-8080-exec-3] DEBUG o.s.security.web.FilterChainProxy - Securing GET /api/tutors/3/avatar
2026-04-11 20:07:57.596 [http-nio-8080-exec-3] DEBUG o.s.security.web.FilterChainProxy - Secured GET /api/tutors/3/avatar
2026-04-11 20:07:57.596 [http-nio-8080-exec-3] DEBUG o.s.web.servlet.DispatcherServlet - GET "/api/tutors/3/avatar", parameters={}
2026-04-11 20:07:57.597 [http-nio-8080-exec-3] DEBUG o.s.w.s.m.m.a.RequestMappingHandlerMapping - Mapped to com.example.demo.controller.TutorController#getAvatar(Long)
2026-04-11 20:07:57.598 [http-nio-8080-exec-10] DEBUG o.s.security.web.FilterChainProxy - Securing GET /api/students/tutor/3
2026-04-11 20:07:57.600 [http-nio-8080-exec-3] DEBUG org.hibernate.SQL - 
    select
        t1_0.id,
        t1_0.about,
        t1_0.avatar,
        t1_0.birthday,
        t1_0.city,
        t1_0.created_at,
        t1_0.email,
        t1_0.full_name,
        t1_0.is_active,
        t1_0.password_hash,
        t1_0.phone,
        t1_0.role 
    from
        tutor t1_0 
    where
        t1_0.id=?
2026-04-11 20:07:57.601 [http-nio-8080-exec-8] DEBUG o.s.security.web.FilterChainProxy - Securing GET /api/courses/tutor/3
2026-04-11 20:07:57.602 [http-nio-8080-exec-4] DEBUG o.s.security.web.FilterChainProxy - Securing OPTIONS /api/integration/tasks/search
2026-04-11 20:07:57.604 [http-nio-8080-exec-3] DEBUG o.s.w.s.m.m.a.ExceptionHandlerExceptionResolver - Using @ExceptionHandler com.example.demo.exception.GlobalExceptionHandler#handleRuntimeException(RuntimeException)
2026-04-11 20:07:57.604 [http-nio-8080-exec-3] ERROR c.e.d.e.GlobalExceptionHandler - Ошибка выполнения: null
java.lang.NullPointerException
	at java.base/java.util.Objects.requireNonNull(Objects.java:209)
	at java.base/java.util.ImmutableCollections$Map1.<init>(ImmutableCollections.java:1105)
	at java.base/java.util.Map.of(Map.java:1353)
	at com.example.demo.controller.TutorController.getAvatar(TutorController.java:93)
	at jdk.internal.reflect.GeneratedMethodAccessor82.invoke(Unknown Source)
	at java.base/jdk.internal.reflect.DelegatingMethodAccessorImpl.invoke(DelegatingMethodAccessorImpl.java:43)
	at java.base/java.lang.reflect.Method.invoke(Method.java:569)
	at org.springframework.web.method.support.InvocableHandlerMethod.doInvoke(InvocableHandlerMethod.java:252)
	at org.springframework.web.method.support.InvocableHandlerMethod.invokeForRequest(InvocableHandlerMethod.java:184)
	at org.springframework.web.servlet.mvc.method.annotation.ServletInvocableHandlerMethod.invokeAndHandle(ServletInvocableHandlerMethod.java:117)
	at org.springframework.web.servlet.mvc.method.annotation.RequestMappingHandlerAdapter.invokeHandlerMethod(RequestMappingHandlerAdapter.java:934)
	at org.springframework.web.servlet.mvc.method.annotation.RequestMappingHandlerAdapter.handleInternal(RequestMappingHandlerAdapter.java:853)
	at org.springframework.web.servlet.mvc.method.AbstractHandlerMethodAdapter.handle(AbstractHandlerMethodAdapter.java:86)
	at org.springframework.web.servlet.DispatcherServlet.doDispatch(DispatcherServlet.java:963)
	at org.springframework.web.servlet.DispatcherServlet.doService(DispatcherServlet.java:866)
	at org.springframework.web.servlet.FrameworkServlet.processRequest(FrameworkServlet.java:1000)
	at org.springframework.web.servlet.FrameworkServlet.doGet(FrameworkServlet.java:892)
	at jakarta.servlet.http.HttpServlet.service(HttpServlet.java:622)
	at org.springframework.web.servlet.FrameworkServlet.service(FrameworkServlet.java:874)
	at jakarta.servlet.http.HttpServlet.service(HttpServlet.java:710)
	at org.apache.catalina.core.ApplicationFilterChain.doFilter(ApplicationFilterChain.java:128)
	at org.apache.tomcat.websocket.server.WsFilter.doFilter(WsFilter.java:53)
	at org.apache.catalina.core.ApplicationFilterChain.doFilter(ApplicationFilterChain.java:107)
	at org.springframework.web.filter.OncePerRequestFilter.doFilter(OncePerRequestFilter.java:110)
	at org.apache.catalina.core.ApplicationFilterChain.doFilter(ApplicationFilterChain.java:107)
	at org.springframework.web.filter.CompositeFilter$VirtualFilterChain.doFilter(CompositeFilter.java:108)
	at org.springframework.security.web.FilterChainProxy.lambda$doFilterInternal$3(FilterChainProxy.java:235)
	at org.springframework.security.web.FilterChainProxy$VirtualFilterChain.doFilter(FilterChainProxy.java:371)
	at org.springframework.security.web.access.intercept.AuthorizationFilter.doFilter(AuthorizationFilter.java:101)
	at org.springframework.security.web.FilterChainProxy$VirtualFilterChain.doFilter(FilterChainProxy.java:380)
	at org.springframework.security.web.access.ExceptionTranslationFilter.doFilter(ExceptionTranslationFilter.java:126)
	at org.springframework.security.web.access.ExceptionTranslationFilter.doFilter(ExceptionTranslationFilter.java:120)
	at org.springframework.security.web.FilterChainProxy$VirtualFilterChain.doFilter(FilterChainProxy.java:380)
	at org.springframework.security.web.session.SessionManagementFilter.doFilter(SessionManagementFilter.java:132)
	at org.springframework.security.web.session.SessionManagementFilter.doFilter(SessionManagementFilter.java:86)
	at org.springframework.security.web.FilterChainProxy$VirtualFilterChain.doFilter(FilterChainProxy.java:380)
	at org.springframework.security.web.authentication.AnonymousAuthenticationFilter.doFilter(AnonymousAuthenticationFilter.java:100)
	at org.springframework.security.web.FilterChainProxy$VirtualFilterChain.doFilter(FilterChainProxy.java:380)
	at org.springframework.security.web.servletapi.SecurityContextHolderAwareRequestFilter.doFilter(SecurityContextHolderAwareRequestFilter.java:181)
	at org.springframework.security.web.FilterChainProxy$VirtualFilterChain.doFilter(FilterChainProxy.java:380)
	at org.springframework.security.web.savedrequest.RequestCacheAwareFilter.doFilter(RequestCacheAwareFilter.java:63)
	at org.springframework.security.web.FilterChainProxy$VirtualFilterChain.doFilter(FilterChainProxy.java:380)
	at com.example.demo.config.AuthTokenFilter.doFilterInternal(AuthTokenFilter.java:59)
	at org.springframework.web.filter.OncePerRequestFilter.doFilter(OncePerRequestFilter.java:116)
	at org.springframework.security.web.FilterChainProxy$VirtualFilterChain.doFilter(FilterChainProxy.java:380)
	at org.springframework.security.web.authentication.logout.LogoutFilter.doFilter(LogoutFilter.java:110)
	at org.springframework.security.web.authentication.logout.LogoutFilter.doFilter(LogoutFilter.java:96)
	at org.springframework.security.web.FilterChainProxy$VirtualFilterChain.doFilter(FilterChainProxy.java:380)
	at org.springframework.web.filter.CorsFilter.doFilterInternal(CorsFilter.java:91)
	at org.springframework.web.filter.OncePerRequestFilter.doFilter(OncePerRequestFilter.java:116)
	at org.springframework.security.web.FilterChainProxy$VirtualFilterChain.doFilter(FilterChainProxy.java:380)
	at org.springframework.security.web.header.HeaderWriterFilter.doHeadersAfter(HeaderWriterFilter.java:90)
	at org.springframework.security.web.header.HeaderWriterFilter.doFilterInternal(HeaderWriterFilter.java:75)
	at org.springframework.web.filter.OncePerRequestFilter.doFilter(OncePerRequestFilter.java:116)
	at org.springframework.security.web.FilterChainProxy$VirtualFilterChain.doFilter(FilterChainProxy.java:380)
	at org.springframework.security.web.context.SecurityContextHolderFilter.doFilter(SecurityContextHolderFilter.java:82)
	at org.springframework.security.web.context.SecurityContextHolderFilter.doFilter(SecurityContextHolderFilter.java:69)
	at org.springframework.security.web.FilterChainProxy$VirtualFilterChain.doFilter(FilterChainProxy.java:380)
	at org.springframework.security.web.context.request.async.WebAsyncManagerIntegrationFilter.doFilterInternal(WebAsyncManagerIntegrationFilter.java:62)
	at org.springframework.web.filter.OncePerRequestFilter.doFilter(OncePerRequestFilter.java:116)
	at org.springframework.security.web.FilterChainProxy$VirtualFilterChain.doFilter(FilterChainProxy.java:380)
	at org.springframework.security.web.session.DisableEncodeUrlFilter.doFilterInternal(DisableEncodeUrlFilter.java:42)
	at org.springframework.web.filter.OncePerRequestFilter.doFilter(OncePerRequestFilter.java:116)
	at org.springframework.security.web.FilterChainProxy$VirtualFilterChain.doFilter(FilterChainProxy.java:380)
	at org.springframework.security.web.FilterChainProxy.doFilterInternal(FilterChainProxy.java:237)
	at org.springframework.security.web.FilterChainProxy.doFilter(FilterChainProxy.java:195)
	at org.springframework.web.filter.CompositeFilter$VirtualFilterChain.doFilter(CompositeFilter.java:113)
	at org.springframework.web.filter.ServletRequestPathFilter.doFilter(ServletRequestPathFilter.java:52)
	at org.springframework.web.filter.CompositeFilter$VirtualFilterChain.doFilter(CompositeFilter.java:113)
	at org.springframework.web.filter.CompositeFilter.doFilter(CompositeFilter.java:74)
	at org.springframework.security.config.annotation.web.configuration.WebSecurityConfiguration$CompositeFilterChainProxy.doFilter(WebSecurityConfiguration.java:317)
	at org.springframework.web.filter.DelegatingFilterProxy.invokeDelegate(DelegatingFilterProxy.java:355)
	at org.springframework.web.filter.DelegatingFilterProxy.doFilter(DelegatingFilterProxy.java:272)
	at org.apache.catalina.core.ApplicationFilterChain.doFilter(ApplicationFilterChain.java:107)
	at org.springframework.web.filter.RequestContextFilter.doFilterInternal(RequestContextFilter.java:100)
	at org.springframework.web.filter.OncePerRequestFilter.doFilter(OncePerRequestFilter.java:116)
	at org.apache.catalina.core.ApplicationFilterChain.doFilter(ApplicationFilterChain.java:107)
	at org.springframework.web.filter.FormContentFilter.doFilterInternal(FormContentFilter.java:93)
	at org.springframework.web.filter.OncePerRequestFilter.doFilter(OncePerRequestFilter.java:116)
	at org.apache.catalina.core.ApplicationFilterChain.doFilter(ApplicationFilterChain.java:107)
	at org.springframework.web.filter.CharacterEncodingFilter.doFilterInternal(CharacterEncodingFilter.java:199)
	at org.springframework.web.filter.OncePerRequestFilter.doFilter(OncePerRequestFilter.java:116)
	at org.apache.catalina.core.ApplicationFilterChain.doFilter(ApplicationFilterChain.java:107)
	at org.apache.catalina.core.StandardWrapperValve.invoke(StandardWrapperValve.java:165)
	at org.apache.catalina.core.StandardContextValve.invoke(StandardContextValve.java:77)
	at org.apache.catalina.authenticator.AuthenticatorBase.invoke(AuthenticatorBase.java:492)
	at org.apache.catalina.core.StandardHostValve.invoke(StandardHostValve.java:113)
	at org.apache.catalina.valves.ErrorReportValve.invoke(ErrorReportValve.java:83)
	at org.apache.catalina.core.StandardEngineValve.invoke(StandardEngineValve.java:72)
	at org.apache.catalina.connector.CoyoteAdapter.service(CoyoteAdapter.java:341)
	at org.apache.coyote.http11.Http11Processor.service(Http11Processor.java:397)
	at org.apache.coyote.AbstractProcessorLight.process(AbstractProcessorLight.java:63)
	at org.apache.coyote.AbstractProtocol$ConnectionHandler.process(AbstractProtocol.java:903)
	at org.apache.tomcat.util.net.NioEndpoint$SocketProcessor.doRun(NioEndpoint.java:1779)
	at org.apache.tomcat.util.net.SocketProcessorBase.run(SocketProcessorBase.java:52)
	at org.apache.tomcat.util.threads.ThreadPoolExecutor.runWorker(ThreadPoolExecutor.java:946)
	at org.apache.tomcat.util.threads.ThreadPoolExecutor$Worker.run(ThreadPoolExecutor.java:480)
	at org.apache.tomcat.util.threads.TaskThread$WrappingRunnable.run(TaskThread.java:57)
	at java.base/java.lang.Thread.run(Thread.java:840)
2026-04-11 20:07:57.605 [http-nio-8080-exec-3] DEBUG o.s.w.s.m.m.a.HttpEntityMethodProcessor - Using 'application/json', given [application/json, text/plain, */*] and supported [application/json, application/*+json]
2026-04-11 20:07:57.606 [http-nio-8080-exec-3] DEBUG o.s.w.s.m.m.a.HttpEntityMethodProcessor - Writing [{error=Внутренняя ошибка сервера}]
2026-04-11 20:07:57.605 [http-nio-8080-exec-9] DEBUG o.s.security.web.FilterChainProxy - Securing OPTIONS /api/variants
2026-04-11 20:07:57.606 [http-nio-8080-exec-10] DEBUG o.s.security.web.FilterChainProxy - Secured GET /api/students/tutor/3
2026-04-11 20:07:57.606 [http-nio-8080-exec-10] DEBUG o.s.web.servlet.DispatcherServlet - GET "/api/students/tutor/3", parameters={}
2026-04-11 20:07:57.606 [http-nio-8080-exec-3] DEBUG o.s.w.s.m.m.a.ExceptionHandlerExceptionResolver - Resolved [java.lang.NullPointerException]
2026-04-11 20:07:57.606 [http-nio-8080-exec-10] DEBUG o.s.w.s.m.m.a.RequestMappingHandlerMapping - Mapped to com.example.demo.controller.StudentController#getStudentsByTutor(Long, Long, String)
2026-04-11 20:07:57.607 [http-nio-8080-exec-3] DEBUG o.s.web.servlet.DispatcherServlet - Completed 500 INTERNAL_SERVER_ERROR
2026-04-11 20:07:57.607 [http-nio-8080-exec-10] DEBUG o.s.s.a.m.AuthorizationManagerBeforeMethodInterceptor - Authorizing method invocation ReflectiveMethodInvocation: public org.springframework.http.ResponseEntity com.example.demo.controller.StudentController.getStudentsByTutor(java.lang.Long,java.lang.Long,java.lang.String); target is of class [com.example.demo.controller.StudentController]
2026-04-11 20:07:57.607 [http-nio-8080-exec-10] DEBUG o.s.s.a.m.AuthorizationManagerBeforeMethodInterceptor - Authorized method invocation ReflectiveMethodInvocation: public org.springframework.http.ResponseEntity com.example.demo.controller.StudentController.getStudentsByTutor(java.lang.Long,java.lang.Long,java.lang.String); target is of class [com.example.demo.controller.StudentController]
2026-04-11 20:07:57.608 [http-nio-8080-exec-8] DEBUG o.s.security.web.FilterChainProxy - Secured GET /api/courses/tutor/3
2026-04-11 20:07:57.608 [http-nio-8080-exec-8] DEBUG o.s.web.servlet.DispatcherServlet - GET "/api/courses/tutor/3", parameters={}
2026-04-11 20:07:57.608 [http-nio-8080-exec-8] DEBUG o.s.w.s.m.m.a.RequestMappingHandlerMapping - Mapped to com.example.demo.controller.CourseController#getCoursesByTutor(Long)
2026-04-11 20:07:57.610 [http-nio-8080-exec-8] DEBUG org.hibernate.SQL - 
    select
        c1_0.id,
        c1_0.color,
        c1_0.created_at,
        c1_0.description,
        c1_0.name,
        c1_0.tutor_id 
    from
        course c1_0 
    where
        c1_0.tutor_id=?
2026-04-11 20:07:57.610 [http-nio-8080-exec-10] DEBUG org.hibernate.SQL - 
    select
        s1_0.id,
        s1_0.birthday,
        s1_0.created_at,
        s1_0.email,
        s1_0.full_name,
        s1_0.parent_id,
        s1_0.parent_name,
        s1_0.parent_phone,
        s1_0.password_hash,
        s1_0.payment_type,
        s1_0.phone,
        s1_0.role 
    from
        student s1_0
2026-04-11 20:07:57.613 [http-nio-8080-exec-2] DEBUG o.s.security.web.FilterChainProxy - Securing OPTIONS /api/lesson-plans
2026-04-11 20:07:57.613 [http-nio-8080-exec-10] DEBUG org.hibernate.SQL - 
    select
        p1_0.id,
        p1_0.created_at,
        p1_0.email,
        p1_0.full_name,
        p1_0.password_hash,
        p1_0.phone,
        p1_0.role 
    from
        parent p1_0 
    where
        p1_0.id=?
2026-04-11 20:07:57.613 [http-nio-8080-exec-7] DEBUG o.s.security.web.FilterChainProxy - Securing OPTIONS /api/stepik/status
2026-04-11 20:07:57.613 [http-nio-8080-exec-1] DEBUG o.s.security.web.FilterChainProxy - Securing GET /api/students/tutor/3
2026-04-11 20:07:57.613 [http-nio-8080-exec-8] DEBUG o.s.w.s.m.m.a.HttpEntityMethodProcessor - Using 'application/json', given [application/json, text/plain, */*] and supported [application/json, application/*+json]
2026-04-11 20:07:57.614 [http-nio-8080-exec-8] DEBUG o.s.w.s.m.m.a.HttpEntityMethodProcessor - Writing [[]]
2026-04-11 20:07:57.614 [http-nio-8080-exec-7] DEBUG o.s.security.web.FilterChainProxy - Securing GET /api/courses/tutor/3
2026-04-11 20:07:57.615 [http-nio-8080-exec-8] DEBUG o.s.web.servlet.DispatcherServlet - Completed 200 OK
2026-04-11 20:07:57.615 [http-nio-8080-exec-6] DEBUG o.s.security.web.FilterChainProxy - Securing GET /api/integration/tasks/search
2026-04-11 20:07:57.619 [http-nio-8080-exec-3] DEBUG o.s.security.web.FilterChainProxy - Securing OPTIONS /api/stepik/status
2026-04-11 20:07:57.619 [http-nio-8080-exec-10] DEBUG org.hibernate.SQL - 
    select
        t1_0.student_id,
        t1_1.id,
        t1_1.about,
        t1_1.avatar,
        t1_1.birthday,
        t1_1.city,
        t1_1.created_at,
        t1_1.email,
        t1_1.full_name,
        t1_1.is_active,
        t1_1.password_hash,
        t1_1.phone,
        t1_1.role 
    from
        student_tutor t1_0 
    join
        tutor t1_1 
            on t1_1.id=t1_0.tutor_id 
    where
        t1_0.student_id=?
2026-04-11 20:07:57.619 [http-nio-8080-exec-4] DEBUG o.s.security.web.FilterChainProxy - Securing OPTIONS /api/integration/tasks/search
2026-04-11 20:07:57.619 [http-nio-8080-exec-9] DEBUG o.s.security.web.FilterChainProxy - Securing OPTIONS /api/variants
2026-04-11 20:07:57.625 [http-nio-8080-exec-2] DEBUG o.s.security.web.FilterChainProxy - Securing OPTIONS /api/lesson-plans
2026-04-11 20:07:57.626 [http-nio-8080-exec-5] DEBUG o.s.security.web.FilterChainProxy - Securing GET /api/variants
2026-04-11 20:07:57.626 [http-nio-8080-exec-8] DEBUG o.s.security.web.FilterChainProxy - Securing GET /api/lesson-plans
2026-04-11 20:07:57.627 [http-nio-8080-exec-1] DEBUG o.s.security.web.FilterChainProxy - Secured GET /api/students/tutor/3
2026-04-11 20:07:57.627 [http-nio-8080-exec-7] DEBUG o.s.security.web.FilterChainProxy - Secured GET /api/courses/tutor/3
2026-04-11 20:07:57.627 [http-nio-8080-exec-3] DEBUG o.s.security.web.FilterChainProxy - Securing GET /api/stepik/status
2026-04-11 20:07:57.628 [http-nio-8080-exec-7] DEBUG o.s.web.servlet.DispatcherServlet - GET "/api/courses/tutor/3", parameters={}
2026-04-11 20:07:57.628 [http-nio-8080-exec-10] DEBUG org.hibernate.SQL - 
    select
        r1_0.student_id,
        r1_0.id,
        r1_0.rate_per_lesson,
        r1_0.tutor_id,
        t1_0.id,
        t1_0.about,
        t1_0.avatar,
        t1_0.birthday,
        t1_0.city,
        t1_0.created_at,
        t1_0.email,
        t1_0.full_name,
        t1_0.is_active,
        t1_0.password_hash,
        t1_0.phone,
        t1_0.role 
    from
        student_rate r1_0 
    left join
        tutor t1_0 
            on t1_0.id=r1_0.tutor_id 
    where
        r1_0.student_id=?
2026-04-11 20:07:57.628 [http-nio-8080-exec-7] DEBUG o.s.w.s.m.m.a.RequestMappingHandlerMapping - Mapped to com.example.demo.controller.CourseController#getCoursesByTutor(Long)
2026-04-11 20:07:57.628 [http-nio-8080-exec-1] DEBUG o.s.web.servlet.DispatcherServlet - GET "/api/students/tutor/3", parameters={}
2026-04-11 20:07:57.629 [http-nio-8080-exec-1] DEBUG o.s.w.s.m.m.a.RequestMappingHandlerMapping - Mapped to com.example.demo.controller.StudentController#getStudentsByTutor(Long, Long, String)
2026-04-11 20:07:57.629 [http-nio-8080-exec-7] DEBUG org.hibernate.SQL - 
    select
        c1_0.id,
        c1_0.color,
        c1_0.created_at,
        c1_0.description,
        c1_0.name,
        c1_0.tutor_id 
    from
        course c1_0 
    where
        c1_0.tutor_id=?
2026-04-11 20:07:57.630 [http-nio-8080-exec-1] DEBUG o.s.s.a.m.AuthorizationManagerBeforeMethodInterceptor - Authorizing method invocation ReflectiveMethodInvocation: public org.springframework.http.ResponseEntity com.example.demo.controller.StudentController.getStudentsByTutor(java.lang.Long,java.lang.Long,java.lang.String); target is of class [com.example.demo.controller.StudentController]
2026-04-11 20:07:57.630 [http-nio-8080-exec-1] DEBUG o.s.s.a.m.AuthorizationManagerBeforeMethodInterceptor - Authorized method invocation ReflectiveMethodInvocation: public org.springframework.http.ResponseEntity com.example.demo.controller.StudentController.getStudentsByTutor(java.lang.Long,java.lang.Long,java.lang.String); target is of class [com.example.demo.controller.StudentController]
2026-04-11 20:07:57.631 [http-nio-8080-exec-9] DEBUG o.s.security.web.FilterChainProxy - Securing GET /api/stepik/status
2026-04-11 20:07:57.632 [http-nio-8080-exec-4] DEBUG o.s.security.web.FilterChainProxy - Securing GET /api/variants
2026-04-11 20:07:57.633 [http-nio-8080-exec-3] DEBUG o.s.security.web.FilterChainProxy - Secured GET /api/stepik/status
2026-04-11 20:07:57.634 [http-nio-8080-exec-3] DEBUG o.s.web.servlet.DispatcherServlet - GET "/api/stepik/status", parameters={}
2026-04-11 20:07:57.634 [http-nio-8080-exec-3] DEBUG o.s.w.s.m.m.a.RequestMappingHandlerMapping - Mapped to com.example.demo.controller.StepikController#getStatus(Long)
2026-04-11 20:07:57.633 [http-nio-8080-exec-1] DEBUG org.hibernate.SQL - 
    select
        s1_0.id,
        s1_0.birthday,
        s1_0.created_at,
        s1_0.email,
        s1_0.full_name,
        s1_0.parent_id,
        s1_0.parent_name,
        s1_0.parent_phone,
        s1_0.password_hash,
        s1_0.payment_type,
        s1_0.phone,
        s1_0.role 
    from
        student s1_0
2026-04-11 20:07:57.635 [http-nio-8080-exec-3] DEBUG o.s.s.a.m.AuthorizationManagerBeforeMethodInterceptor - Authorizing method invocation ReflectiveMethodInvocation: public org.springframework.http.ResponseEntity com.example.demo.controller.StepikController.getStatus(java.lang.Long); target is of class [com.example.demo.controller.StepikController]
2026-04-11 20:07:57.636 [http-nio-8080-exec-3] DEBUG o.s.s.a.m.AuthorizationManagerBeforeMethodInterceptor - Authorized method invocation ReflectiveMethodInvocation: public org.springframework.http.ResponseEntity com.example.demo.controller.StepikController.getStatus(java.lang.Long); target is of class [com.example.demo.controller.StepikController]
2026-04-11 20:07:57.637 [http-nio-8080-exec-1] DEBUG org.hibernate.SQL - 
    select
        p1_0.id,
        p1_0.created_at,
        p1_0.email,
        p1_0.full_name,
        p1_0.password_hash,
        p1_0.phone,
        p1_0.role 
    from
        parent p1_0 
    where
        p1_0.id=?
2026-04-11 20:07:57.637 [http-nio-8080-exec-7] DEBUG o.s.w.s.m.m.a.HttpEntityMethodProcessor - Using 'application/json', given [application/json, text/plain, */*] and supported [application/json, application/*+json]
2026-04-11 20:07:57.637 [http-nio-8080-exec-7] DEBUG o.s.w.s.m.m.a.HttpEntityMethodProcessor - Writing [[]]
2026-04-11 20:07:57.637 [http-nio-8080-exec-8] DEBUG o.s.security.web.FilterChainProxy - Secured GET /api/lesson-plans
2026-04-11 20:07:57.638 [http-nio-8080-exec-5] DEBUG o.s.security.web.FilterChainProxy - Secured GET /api/variants
2026-04-11 20:07:57.638 [http-nio-8080-exec-8] DEBUG o.s.web.servlet.DispatcherServlet - GET "/api/lesson-plans", parameters={}
2026-04-11 20:07:57.638 [http-nio-8080-exec-10] DEBUG o.s.w.s.m.m.a.HttpEntityMethodProcessor - Using 'application/json', given [application/json, text/plain, */*] and supported [application/json, application/*+json]
2026-04-11 20:07:57.638 [http-nio-8080-exec-10] DEBUG o.s.w.s.m.m.a.HttpEntityMethodProcessor - Writing [[com.example.demo.entity.Student@da90a82]]
2026-04-11 20:07:57.638 [http-nio-8080-exec-8] DEBUG o.s.w.s.m.m.a.RequestMappingHandlerMapping - Mapped to com.example.demo.controller.LessonPlanController#getLessonPlans(Long)
2026-04-11 20:07:57.639 [http-nio-8080-exec-7] DEBUG o.s.web.servlet.DispatcherServlet - Completed 200 OK
2026-04-11 20:07:57.640 [http-nio-8080-exec-10] DEBUG o.s.web.servlet.DispatcherServlet - Completed 200 OK
2026-04-11 20:07:57.640 [http-nio-8080-exec-10] DEBUG o.s.security.web.FilterChainProxy - Securing GET /api/integration/tasks/search
2026-04-11 20:07:57.641 [http-nio-8080-exec-7] DEBUG o.s.security.web.FilterChainProxy - Securing GET /api/lesson-plans
2026-04-11 20:07:57.638 [http-nio-8080-exec-5] DEBUG o.s.web.servlet.DispatcherServlet - GET "/api/variants", parameters={}
2026-04-11 20:07:57.642 [http-nio-8080-exec-1] DEBUG org.hibernate.SQL - 
    select
        t1_0.student_id,
        t1_1.id,
        t1_1.about,
        t1_1.avatar,
        t1_1.birthday,
        t1_1.city,
        t1_1.created_at,
        t1_1.email,
        t1_1.full_name,
        t1_1.is_active,
        t1_1.password_hash,
        t1_1.phone,
        t1_1.role 
    from
        student_tutor t1_0 
    join
        tutor t1_1 
            on t1_1.id=t1_0.tutor_id 
    where
        t1_0.student_id=?
2026-04-11 20:07:57.642 [http-nio-8080-exec-5] DEBUG o.s.w.s.m.m.a.RequestMappingHandlerMapping - Mapped to com.example.demo.controller.VariantController#getVariants(Long, String)
2026-04-11 20:07:57.642 [http-nio-8080-exec-8] DEBUG o.s.s.a.m.AuthorizationManagerBeforeMethodInterceptor - Authorizing method invocation ReflectiveMethodInvocation: public org.springframework.http.ResponseEntity com.example.demo.controller.LessonPlanController.getLessonPlans(java.lang.Long); target is of class [com.example.demo.controller.LessonPlanController]
2026-04-11 20:07:57.642 [http-nio-8080-exec-8] DEBUG o.s.s.a.m.AuthorizationManagerBeforeMethodInterceptor - Authorized method invocation ReflectiveMethodInvocation: public org.springframework.http.ResponseEntity com.example.demo.controller.LessonPlanController.getLessonPlans(java.lang.Long); target is of class [com.example.demo.controller.LessonPlanController]
2026-04-11 20:07:57.642 [http-nio-8080-exec-4] DEBUG o.s.security.web.FilterChainProxy - Secured GET /api/variants
2026-04-11 20:07:57.644 [http-nio-8080-exec-4] DEBUG o.s.web.servlet.DispatcherServlet - GET "/api/variants", parameters={}
2026-04-11 20:07:57.644 [http-nio-8080-exec-1] DEBUG org.hibernate.SQL - 
    select
        r1_0.student_id,
        r1_0.id,
        r1_0.rate_per_lesson,
        r1_0.tutor_id,
        t1_0.id,
        t1_0.about,
        t1_0.avatar,
        t1_0.birthday,
        t1_0.city,
        t1_0.created_at,
        t1_0.email,
        t1_0.full_name,
        t1_0.is_active,
        t1_0.password_hash,
        t1_0.phone,
        t1_0.role 
    from
        student_rate r1_0 
    left join
        tutor t1_0 
            on t1_0.id=r1_0.tutor_id 
    where
        r1_0.student_id=?
2026-04-11 20:07:57.644 [http-nio-8080-exec-4] DEBUG o.s.w.s.m.m.a.RequestMappingHandlerMapping - Mapped to com.example.demo.controller.VariantController#getVariants(Long, String)
2026-04-11 20:07:57.645 [http-nio-8080-exec-9] DEBUG o.s.security.web.FilterChainProxy - Secured GET /api/stepik/status
2026-04-11 20:07:57.646 [http-nio-8080-exec-9] DEBUG o.s.web.servlet.DispatcherServlet - GET "/api/stepik/status", parameters={}
2026-04-11 20:07:57.646 [http-nio-8080-exec-4] DEBUG o.s.s.a.m.AuthorizationManagerBeforeMethodInterceptor - Authorizing method invocation ReflectiveMethodInvocation: public org.springframework.http.ResponseEntity com.example.demo.controller.VariantController.getVariants(java.lang.Long,java.lang.String); target is of class [com.example.demo.controller.VariantController]
2026-04-11 20:07:57.646 [http-nio-8080-exec-9] DEBUG o.s.w.s.m.m.a.RequestMappingHandlerMapping - Mapped to com.example.demo.controller.StepikController#getStatus(Long)
2026-04-11 20:07:57.646 [http-nio-8080-exec-6] DEBUG o.s.security.web.FilterChainProxy - Secured GET /api/integration/tasks/search
2026-04-11 20:07:57.646 [http-nio-8080-exec-8] DEBUG org.hibernate.SQL - 
    select
        lp1_0.id,
        lp1_0.course_id,
        lp1_0.created_at,
        lp1_0.description,
        lp1_0.difficulty_level,
        lp1_0.duration_minutes,
        lp1_0.homework_template,
        lp1_0.is_template,
        lp1_0.learning_objectives,
        lp1_0.lesson_structure,
        lp1_0.materials_needed,
        lp1_0.tags,
        lp1_0.title,
        lp1_0.topic,
        lp1_0.tutor_id,
        lp1_0.updated_at,
        lp1_0.usage_count 
    from
        lesson_plan lp1_0 
    where
        lp1_0.tutor_id=?
2026-04-11 20:07:57.646 [http-nio-8080-exec-6] DEBUG o.s.web.servlet.DispatcherServlet - GET "/api/integration/tasks/search", parameters={}
2026-04-11 20:07:57.646 [http-nio-8080-exec-4] DEBUG o.s.s.a.m.AuthorizationManagerBeforeMethodInterceptor - Authorized method invocation ReflectiveMethodInvocation: public org.springframework.http.ResponseEntity com.example.demo.controller.VariantController.getVariants(java.lang.Long,java.lang.String); target is of class [com.example.demo.controller.VariantController]
2026-04-11 20:07:57.646 [http-nio-8080-exec-6] DEBUG o.s.w.s.m.m.a.RequestMappingHandlerMapping - Mapped to com.example.demo.controller.IntegrationController#searchTasks(String, String, String, String)
2026-04-11 20:07:57.646 [http-nio-8080-exec-10] DEBUG o.s.security.web.FilterChainProxy - Secured GET /api/integration/tasks/search
2026-04-11 20:07:57.646 [http-nio-8080-exec-10] DEBUG o.s.web.servlet.DispatcherServlet - GET "/api/integration/tasks/search", parameters={}
2026-04-11 20:07:57.646 [http-nio-8080-exec-9] DEBUG o.s.s.a.m.AuthorizationManagerBeforeMethodInterceptor - Authorizing method invocation ReflectiveMethodInvocation: public org.springframework.http.ResponseEntity com.example.demo.controller.StepikController.getStatus(java.lang.Long); target is of class [com.example.demo.controller.StepikController]
2026-04-11 20:07:57.646 [http-nio-8080-exec-10] DEBUG o.s.w.s.m.m.a.RequestMappingHandlerMapping - Mapped to com.example.demo.controller.IntegrationController#searchTasks(String, String, String, String)
2026-04-11 20:07:57.646 [http-nio-8080-exec-5] DEBUG o.s.s.a.m.AuthorizationManagerBeforeMethodInterceptor - Authorizing method invocation ReflectiveMethodInvocation: public org.springframework.http.ResponseEntity com.example.demo.controller.VariantController.getVariants(java.lang.Long,java.lang.String); target is of class [com.example.demo.controller.VariantController]
2026-04-11 20:07:57.646 [http-nio-8080-exec-9] DEBUG o.s.s.a.m.AuthorizationManagerBeforeMethodInterceptor - Authorized method invocation ReflectiveMethodInvocation: public org.springframework.http.ResponseEntity com.example.demo.controller.StepikController.getStatus(java.lang.Long); target is of class [com.example.demo.controller.StepikController]
2026-04-11 20:07:57.647 [http-nio-8080-exec-1] DEBUG o.s.w.s.m.m.a.HttpEntityMethodProcessor - Using 'application/json', given [application/json, text/plain, */*] and supported [application/json, application/*+json]
2026-04-11 20:07:57.647 [http-nio-8080-exec-1] DEBUG o.s.w.s.m.m.a.HttpEntityMethodProcessor - Writing [[com.example.demo.entity.Student@4aa896c]]
2026-04-11 20:07:57.647 [http-nio-8080-exec-10] DEBUG o.s.s.a.m.AuthorizationManagerBeforeMethodInterceptor - Authorizing method invocation ReflectiveMethodInvocation: public org.springframework.http.ResponseEntity com.example.demo.controller.IntegrationController.searchTasks(java.lang.String,java.lang.String,java.lang.String,java.lang.String); target is of class [com.example.demo.controller.IntegrationController]
2026-04-11 20:07:57.648 [http-nio-8080-exec-5] DEBUG o.s.s.a.m.AuthorizationManagerBeforeMethodInterceptor - Authorized method invocation ReflectiveMethodInvocation: public org.springframework.http.ResponseEntity com.example.demo.controller.VariantController.getVariants(java.lang.Long,java.lang.String); target is of class [com.example.demo.controller.VariantController]
2026-04-11 20:07:57.648 [http-nio-8080-exec-7] DEBUG o.s.security.web.FilterChainProxy - Secured GET /api/lesson-plans
2026-04-11 20:07:57.648 [http-nio-8080-exec-3] DEBUG org.hibernate.SQL - 
    select
        st1_0.id,
        st1_0.access_token,
        st1_0.created_at,
        st1_0.expires_at,
        st1_0.refresh_token,
        st1_0.stepik_user_id,
        st1_0.tutor_id,
        st1_0.updated_at 
    from
        stepik_token st1_0 
    where
        st1_0.tutor_id=?
2026-04-11 20:07:57.648 [http-nio-8080-exec-7] DEBUG o.s.web.servlet.DispatcherServlet - GET "/api/lesson-plans", parameters={}
2026-04-11 20:07:57.648 [http-nio-8080-exec-10] DEBUG o.s.s.a.m.AuthorizationManagerBeforeMethodInterceptor - Authorized method invocation ReflectiveMethodInvocation: public org.springframework.http.ResponseEntity com.example.demo.controller.IntegrationController.searchTasks(java.lang.String,java.lang.String,java.lang.String,java.lang.String); target is of class [com.example.demo.controller.IntegrationController]
2026-04-11 20:07:57.648 [http-nio-8080-exec-7] DEBUG o.s.w.s.m.m.a.RequestMappingHandlerMapping - Mapped to com.example.demo.controller.LessonPlanController#getLessonPlans(Long)
2026-04-11 20:07:57.649 [http-nio-8080-exec-1] DEBUG o.s.web.servlet.DispatcherServlet - Completed 200 OK
2026-04-11 20:07:57.649 [http-nio-8080-exec-4] DEBUG org.hibernate.SQL - 
    select
        v1_0.id,
        v1_0.course_id,
        v1_0.created_at,
        v1_0.description,
        v1_0.exam_type,
        v1_0.subject,
        v1_0.title,
        v1_0.tutor_id,
        v1_0.url 
    from
        variant v1_0 
    where
        v1_0.tutor_id=?
2026-04-11 20:07:57.649 [http-nio-8080-exec-7] DEBUG o.s.s.a.m.AuthorizationManagerBeforeMethodInterceptor - Authorizing method invocation ReflectiveMethodInvocation: public org.springframework.http.ResponseEntity com.example.demo.controller.LessonPlanController.getLessonPlans(java.lang.Long); target is of class [com.example.demo.controller.LessonPlanController]
2026-04-11 20:07:57.650 [http-nio-8080-exec-6] DEBUG o.s.s.a.m.AuthorizationManagerBeforeMethodInterceptor - Authorizing method invocation ReflectiveMethodInvocation: public org.springframework.http.ResponseEntity com.example.demo.controller.IntegrationController.searchTasks(java.lang.String,java.lang.String,java.lang.String,java.lang.String); target is of class [com.example.demo.controller.IntegrationController]
2026-04-11 20:07:57.650 [http-nio-8080-exec-7] DEBUG o.s.s.a.m.AuthorizationManagerBeforeMethodInterceptor - Authorized method invocation ReflectiveMethodInvocation: public org.springframework.http.ResponseEntity com.example.demo.controller.LessonPlanController.getLessonPlans(java.lang.Long); target is of class [com.example.demo.controller.LessonPlanController]
2026-04-11 20:07:57.650 [http-nio-8080-exec-6] DEBUG o.s.s.a.m.AuthorizationManagerBeforeMethodInterceptor - Authorized method invocation ReflectiveMethodInvocation: public org.springframework.http.ResponseEntity com.example.demo.controller.IntegrationController.searchTasks(java.lang.String,java.lang.String,java.lang.String,java.lang.String); target is of class [com.example.demo.controller.IntegrationController]
2026-04-11 20:07:57.651 [http-nio-8080-exec-8] DEBUG o.s.w.s.m.m.a.HttpEntityMethodProcessor - Using 'application/json', given [application/json, text/plain, */*] and supported [application/json, application/*+json]
2026-04-11 20:07:57.652 [http-nio-8080-exec-8] DEBUG o.s.w.s.m.m.a.HttpEntityMethodProcessor - Writing [[]]
2026-04-11 20:07:57.652 [http-nio-8080-exec-4] DEBUG o.s.w.s.m.m.a.HttpEntityMethodProcessor - Using 'application/json', given [application/json, text/plain, */*] and supported [application/json, application/*+json]
2026-04-11 20:07:57.652 [http-nio-8080-exec-4] DEBUG o.s.w.s.m.m.a.HttpEntityMethodProcessor - Writing [[]]
2026-04-11 20:07:57.653 [http-nio-8080-exec-3] DEBUG o.s.w.s.m.m.a.HttpEntityMethodProcessor - Using 'application/json', given [application/json, text/plain, */*] and supported [application/json, application/*+json]
2026-04-11 20:07:57.653 [http-nio-8080-exec-3] DEBUG o.s.w.s.m.m.a.HttpEntityMethodProcessor - Writing [{connected=false}]
2026-04-11 20:07:57.653 [http-nio-8080-exec-4] DEBUG o.s.web.servlet.DispatcherServlet - Completed 200 OK
2026-04-11 20:07:57.653 [http-nio-8080-exec-8] DEBUG o.s.web.servlet.DispatcherServlet - Completed 200 OK
2026-04-11 20:07:57.653 [http-nio-8080-exec-3] DEBUG o.s.web.servlet.DispatcherServlet - Completed 200 OK
2026-04-11 20:07:57.656 [http-nio-8080-exec-9] DEBUG org.hibernate.SQL - 
    select
        st1_0.id,
        st1_0.access_token,
        st1_0.created_at,
        st1_0.expires_at,
        st1_0.refresh_token,
        st1_0.stepik_user_id,
        st1_0.tutor_id,
        st1_0.updated_at 
    from
        stepik_token st1_0 
    where
        st1_0.tutor_id=?
2026-04-11 20:07:57.656 [http-nio-8080-exec-5] DEBUG org.hibernate.SQL - 
    select
        v1_0.id,
        v1_0.course_id,
        v1_0.created_at,
        v1_0.description,
        v1_0.exam_type,
        v1_0.subject,
        v1_0.title,
        v1_0.tutor_id,
        v1_0.url 
    from
        variant v1_0 
    where
        v1_0.tutor_id=?
2026-04-11 20:07:57.657 [http-nio-8080-exec-7] DEBUG org.hibernate.SQL - 
    select
        lp1_0.id,
        lp1_0.course_id,
        lp1_0.created_at,
        lp1_0.description,
        lp1_0.difficulty_level,
        lp1_0.duration_minutes,
        lp1_0.homework_template,
        lp1_0.is_template,
        lp1_0.learning_objectives,
        lp1_0.lesson_structure,
        lp1_0.materials_needed,
        lp1_0.tags,
        lp1_0.title,
        lp1_0.topic,
        lp1_0.tutor_id,
        lp1_0.updated_at,
        lp1_0.usage_count 
    from
        lesson_plan lp1_0 
    where
        lp1_0.tutor_id=?
2026-04-11 20:07:57.658 [http-nio-8080-exec-5] DEBUG o.s.w.s.m.m.a.HttpEntityMethodProcessor - Using 'application/json', given [application/json, text/plain, */*] and supported [application/json, application/*+json]
2026-04-11 20:07:57.658 [http-nio-8080-exec-5] DEBUG o.s.w.s.m.m.a.HttpEntityMethodProcessor - Writing [[]]
2026-04-11 20:07:57.660 [http-nio-8080-exec-5] DEBUG o.s.web.servlet.DispatcherServlet - Completed 200 OK
2026-04-11 20:07:57.661 [http-nio-8080-exec-9] DEBUG o.s.w.s.m.m.a.HttpEntityMethodProcessor - Using 'application/json', given [application/json, text/plain, */*] and supported [application/json, application/*+json]
2026-04-11 20:07:57.661 [http-nio-8080-exec-7] DEBUG o.s.w.s.m.m.a.HttpEntityMethodProcessor - Using 'application/json', given [application/json, text/plain, */*] and supported [application/json, application/*+json]
2026-04-11 20:07:57.661 [http-nio-8080-exec-9] DEBUG o.s.w.s.m.m.a.HttpEntityMethodProcessor - Writing [{connected=false}]
2026-04-11 20:07:57.661 [http-nio-8080-exec-7] DEBUG o.s.w.s.m.m.a.HttpEntityMethodProcessor - Writing [[]]
2026-04-11 20:07:57.662 [http-nio-8080-exec-9] DEBUG o.s.web.servlet.DispatcherServlet - Completed 200 OK
2026-04-11 20:07:57.662 [http-nio-8080-exec-7] DEBUG o.s.web.servlet.DispatcherServlet - Completed 200 OK
2026-04-11 20:07:57.665 [http-nio-8080-exec-10] DEBUG org.hibernate.SQL - 
    select
        tb1_0.id,
        tb1_0.answer,
        tb1_0.created_at,
        tb1_0.difficulty,
        tb1_0.exam_type,
        tb1_0.explanation,
        tb1_0.external_id,
        tb1_0.grade_level,
        tb1_0.is_public,
        tb1_0.max_score,
        tb1_0.question,
        tb1_0.rating,
        tb1_0.rating_count,
        tb1_0.source,
        tb1_0.subject,
        tb1_0.subtopic,
        tb1_0.tags,
        tb1_0.task_number,
        tb1_0.topic,
        tb1_0.tutor_id,
        tb1_0.type,
        tb1_0.updated_at 
    from
        task_bank tb1_0 
    where
        lower(tb1_0.question) like lower(('%'||?||'%')) escape '' 
        or lower(tb1_0.topic) like lower(('%'||?||'%')) escape '' 
        or lower(tb1_0.tags) like lower(('%'||?||'%')) escape ''
2026-04-11 20:07:57.671 [http-nio-8080-exec-6] DEBUG org.hibernate.SQL - 
    select
        tb1_0.id,
        tb1_0.answer,
        tb1_0.created_at,
        tb1_0.difficulty,
        tb1_0.exam_type,
        tb1_0.explanation,
        tb1_0.external_id,
        tb1_0.grade_level,
        tb1_0.is_public,
        tb1_0.max_score,
        tb1_0.question,
        tb1_0.rating,
        tb1_0.rating_count,
        tb1_0.source,
        tb1_0.subject,
        tb1_0.subtopic,
        tb1_0.tags,
        tb1_0.task_number,
        tb1_0.topic,
        tb1_0.tutor_id,
        tb1_0.type,
        tb1_0.updated_at 
    from
        task_bank tb1_0 
    where
        lower(tb1_0.question) like lower(('%'||?||'%')) escape '' 
        or lower(tb1_0.topic) like lower(('%'||?||'%')) escape '' 
        or lower(tb1_0.tags) like lower(('%'||?||'%')) escape ''
2026-04-11 20:07:57.673 [http-nio-8080-exec-10] DEBUG org.hibernate.SQL - 
    select
        t1_0.id,
        t1_0.about,
        t1_0.avatar,
        t1_0.birthday,
        t1_0.city,
        t1_0.created_at,
        t1_0.email,
        t1_0.full_name,
        t1_0.is_active,
        t1_0.password_hash,
        t1_0.phone,
        t1_0.role 
    from
        tutor t1_0 
    where
        t1_0.id=?
2026-04-11 20:07:57.678 [http-nio-8080-exec-10] DEBUG o.s.w.s.m.m.a.HttpEntityMethodProcessor - Using 'application/json', given [application/json, text/plain, */*] and supported [application/json, application/*+json]
2026-04-11 20:07:57.679 [http-nio-8080-exec-10] DEBUG o.s.w.s.m.m.a.HttpEntityMethodProcessor - Writing [[com.example.demo.entity.TaskBank@bfda810]]
2026-04-11 20:07:57.680 [http-nio-8080-exec-6] DEBUG org.hibernate.SQL - 
    select
        t1_0.id,
        t1_0.about,
        t1_0.avatar,
        t1_0.birthday,
        t1_0.city,
        t1_0.created_at,
        t1_0.email,
        t1_0.full_name,
        t1_0.is_active,
        t1_0.password_hash,
        t1_0.phone,
        t1_0.role 
    from
        tutor t1_0 
    where
        t1_0.id=?
2026-04-11 20:07:57.681 [http-nio-8080-exec-10] DEBUG o.s.web.servlet.DispatcherServlet - Completed 200 OK
2026-04-11 20:07:57.684 [http-nio-8080-exec-6] DEBUG o.s.w.s.m.m.a.HttpEntityMethodProcessor - Using 'application/json', given [application/json, text/plain, */*] and supported [application/json, application/*+json]
2026-04-11 20:07:57.685 [http-nio-8080-exec-6] DEBUG o.s.w.s.m.m.a.HttpEntityMethodProcessor - Writing [[com.example.demo.entity.TaskBank@1e466291]]
2026-04-11 20:07:57.688 [http-nio-8080-exec-6] DEBUG o.s.web.servlet.DispatcherServlet - Completed 200 OK
2026-04-11 20:08:05.446 [http-nio-8080-exec-2] DEBUG o.s.security.web.FilterChainProxy - Securing OPTIONS /api/ai/generate
2026-04-11 20:08:05.452 [http-nio-8080-exec-1] DEBUG o.s.security.web.FilterChainProxy - Securing POST /api/ai/generate
2026-04-11 20:08:05.464 [http-nio-8080-exec-1] DEBUG o.s.security.web.FilterChainProxy - Secured POST /api/ai/generate
2026-04-11 20:08:05.465 [http-nio-8080-exec-1] DEBUG o.s.web.servlet.DispatcherServlet - POST "/api/ai/generate", parameters={}
2026-04-11 20:08:05.465 [http-nio-8080-exec-1] DEBUG o.s.w.s.m.m.a.RequestMappingHandlerMapping - Mapped to com.example.demo.controller.AIGenerationController#generateTask(Map)
2026-04-11 20:08:05.473 [http-nio-8080-exec-1] DEBUG o.s.w.s.m.m.a.RequestResponseBodyMethodProcessor - Read "application/json;charset=UTF-8" to [{prompt=16 задание ЕГЭ информатика на рекурсию, subject=Информатика, examType=ЕГЭ}]
2026-04-11 20:08:05.477 [http-nio-8080-exec-1] DEBUG o.s.s.a.m.AuthorizationManagerBeforeMethodInterceptor - Authorizing method invocation ReflectiveMethodInvocation: public org.springframework.http.ResponseEntity com.example.demo.controller.AIGenerationController.generateTask(java.util.Map); target is of class [com.example.demo.controller.AIGenerationController]
2026-04-11 20:08:05.477 [http-nio-8080-exec-1] DEBUG o.s.s.a.m.AuthorizationManagerBeforeMethodInterceptor - Authorized method invocation ReflectiveMethodInvocation: public org.springframework.http.ResponseEntity com.example.demo.controller.AIGenerationController.generateTask(java.util.Map); target is of class [com.example.demo.controller.AIGenerationController]
2026-04-11 20:08:05.479 [http-nio-8080-exec-1] INFO  c.e.demo.service.AIGenerationService - 📌 [RAG] Определён номер задания из промта: 16
2026-04-11 20:08:05.481 [http-nio-8080-exec-1] DEBUG org.hibernate.SQL - 
    select
        tb1_0.id,
        tb1_0.answer,
        tb1_0.created_at,
        tb1_0.difficulty,
        tb1_0.exam_type,
        tb1_0.explanation,
        tb1_0.external_id,
        tb1_0.grade_level,
        tb1_0.is_public,
        tb1_0.max_score,
        tb1_0.question,
        tb1_0.rating,
        tb1_0.rating_count,
        tb1_0.source,
        tb1_0.subject,
        tb1_0.subtopic,
        tb1_0.tags,
        tb1_0.task_number,
        tb1_0.topic,
        tb1_0.tutor_id,
        tb1_0.type,
        tb1_0.updated_at 
    from
        task_bank tb1_0 
    where
        tb1_0.subject=? 
        and tb1_0.task_number=?
2026-04-11 20:08:05.486 [http-nio-8080-exec-1] DEBUG org.hibernate.SQL - 
    select
        t1_0.id,
        t1_0.about,
        t1_0.avatar,
        t1_0.birthday,
        t1_0.city,
        t1_0.created_at,
        t1_0.email,
        t1_0.full_name,
        t1_0.is_active,
        t1_0.password_hash,
        t1_0.phone,
        t1_0.role 
    from
        tutor t1_0 
    where
        t1_0.id=?
2026-04-11 20:08:05.489 [http-nio-8080-exec-1] INFO  c.e.demo.service.AIGenerationService - 📚 [RAG] Найдено примеров для subject=Информатика, taskNumber=16: 1
2026-04-11 20:08:05.491 [http-nio-8080-exec-1] INFO  c.e.demo.service.AIGenerationService - 🤖 Отправка запроса к YandexGPT...
2026-04-11 20:08:05.496 [http-nio-8080-exec-1] DEBUG o.s.web.client.RestTemplate - HTTP POST https://llm.api.cloud.yandex.net/foundationModels/v1/completion
2026-04-11 20:08:05.497 [http-nio-8080-exec-1] DEBUG o.s.web.client.RestTemplate - Accept=[text/plain, application/json, application/*+json, */*]
2026-04-11 20:08:05.497 [http-nio-8080-exec-1] DEBUG o.s.web.client.RestTemplate - Writing [{"modelUri":"gpt://b1gqimsr47icbmd2vo6c/yandexgpt-lite/latest","completionOptions":{"temperature":0.7,"maxTokens":"2000","stream":false},"messages":[{"text":"Ты — опытный преподаватель и эксперт по составлению заданий ЕГЭ и ОГЭ. Отвечай строго в указанном формате.","role":"system"},{"text":"Вот примеры реальных заданий в таком же формате:\n\nПример 1:\nЗАДАНИЕ: Алгоритм вычисления значения функции F(n), где n – целое неотрицательное число, задан следующими соотношениями:\nF(0) = 1\nF(n) = F(n–1) + 2 * n, если n > 0.\nЧему равно значение функции F(3)?\nОТВЕТ: 11\n\nНа основе этих примеров, создай НОВОЕ уникальное задание такого же типа и сложности.\nТема: Информатика. 16 задание ЕГЭ информатика на рекурсию\n\nОтвет должен быть строго в следующем формате:\nЗАДАНИЕ: [текст задания]\nОТВЕТ: [правильный ответ]\nРЕШЕНИЕ: [краткое пояснение или решение]","role":"user"}]}] as "application/json"
2026-04-11 20:08:08.109 [http-nio-8080-exec-1] DEBUG o.s.web.client.RestTemplate - Response 200 OK
2026-04-11 20:08:08.109 [http-nio-8080-exec-1] DEBUG o.s.web.client.RestTemplate - Reading to [java.lang.String] as "application/json"
2026-04-11 20:08:08.127 [http-nio-8080-exec-1] INFO  c.e.demo.service.AIGenerationService - ✅ Ответ получен
2026-04-11 20:08:08.129 [http-nio-8080-exec-1] DEBUG o.s.w.s.m.m.a.HttpEntityMethodProcessor - Using 'application/json', given [application/json, text/plain, */*] and supported [application/json, application/*+json]
2026-04-11 20:08:08.129 [http-nio-8080-exec-1] DEBUG o.s.w.s.m.m.a.HttpEntityMethodProcessor - Writing [com.example.demo.entity.TaskBank@60a063d7]
2026-04-11 20:08:08.130 [http-nio-8080-exec-1] DEBUG o.s.web.servlet.DispatcherServlet - Completed 200 OK
2026-04-11 20:08:19.687 [http-nio-8080-exec-4] DEBUG o.s.security.web.FilterChainProxy - Securing GET /api/tutors/3/avatar
2026-04-11 20:08:19.688 [http-nio-8080-exec-8] DEBUG o.s.security.web.FilterChainProxy - Securing GET /api/students/tutor/3
2026-04-11 20:08:19.689 [http-nio-8080-exec-3] DEBUG o.s.security.web.FilterChainProxy - Securing GET /api/courses/tutor/3
2026-04-11 20:08:19.691 [http-nio-8080-exec-5] DEBUG o.s.security.web.FilterChainProxy - Securing GET /api/students/tutor/3
2026-04-11 20:08:19.693 [http-nio-8080-exec-7] DEBUG o.s.security.web.FilterChainProxy - Securing GET /api/courses/tutor/3
2026-04-11 20:08:19.694 [http-nio-8080-exec-4] DEBUG o.s.security.web.FilterChainProxy - Secured GET /api/tutors/3/avatar
2026-04-11 20:08:19.694 [http-nio-8080-exec-4] DEBUG o.s.web.servlet.DispatcherServlet - GET "/api/tutors/3/avatar", parameters={}
2026-04-11 20:08:19.695 [http-nio-8080-exec-4] DEBUG o.s.w.s.m.m.a.RequestMappingHandlerMapping - Mapped to com.example.demo.controller.TutorController#getAvatar(Long)
2026-04-11 20:08:19.696 [http-nio-8080-exec-8] DEBUG o.s.security.web.FilterChainProxy - Secured GET /api/students/tutor/3
2026-04-11 20:08:19.696 [http-nio-8080-exec-3] DEBUG o.s.security.web.FilterChainProxy - Secured GET /api/courses/tutor/3
2026-04-11 20:08:19.696 [http-nio-8080-exec-3] DEBUG o.s.web.servlet.DispatcherServlet - GET "/api/courses/tutor/3", parameters={}
2026-04-11 20:08:19.696 [http-nio-8080-exec-8] DEBUG o.s.web.servlet.DispatcherServlet - GET "/api/students/tutor/3", parameters={}
2026-04-11 20:08:19.697 [http-nio-8080-exec-3] DEBUG o.s.w.s.m.m.a.RequestMappingHandlerMapping - Mapped to com.example.demo.controller.CourseController#getCoursesByTutor(Long)
2026-04-11 20:08:19.697 [http-nio-8080-exec-8] DEBUG o.s.w.s.m.m.a.RequestMappingHandlerMapping - Mapped to com.example.demo.controller.StudentController#getStudentsByTutor(Long, Long, String)
2026-04-11 20:08:19.698 [http-nio-8080-exec-4] DEBUG org.hibernate.SQL - 
    select
        t1_0.id,
        t1_0.about,
        t1_0.avatar,
        t1_0.birthday,
        t1_0.city,
        t1_0.created_at,
        t1_0.email,
        t1_0.full_name,
        t1_0.is_active,
        t1_0.password_hash,
        t1_0.phone,
        t1_0.role 
    from
        tutor t1_0 
    where
        t1_0.id=?
2026-04-11 20:08:19.698 [http-nio-8080-exec-8] DEBUG o.s.s.a.m.AuthorizationManagerBeforeMethodInterceptor - Authorizing method invocation ReflectiveMethodInvocation: public org.springframework.http.ResponseEntity com.example.demo.controller.StudentController.getStudentsByTutor(java.lang.Long,java.lang.Long,java.lang.String); target is of class [com.example.demo.controller.StudentController]
2026-04-11 20:08:19.699 [http-nio-8080-exec-8] DEBUG o.s.s.a.m.AuthorizationManagerBeforeMethodInterceptor - Authorized method invocation ReflectiveMethodInvocation: public org.springframework.http.ResponseEntity com.example.demo.controller.StudentController.getStudentsByTutor(java.lang.Long,java.lang.Long,java.lang.String); target is of class [com.example.demo.controller.StudentController]
2026-04-11 20:08:19.699 [http-nio-8080-exec-3] DEBUG org.hibernate.SQL - 
    select
        c1_0.id,
        c1_0.color,
        c1_0.created_at,
        c1_0.description,
        c1_0.name,
        c1_0.tutor_id 
    from
        course c1_0 
    where
        c1_0.tutor_id=?
2026-04-11 20:08:19.700 [http-nio-8080-exec-5] DEBUG o.s.security.web.FilterChainProxy - Secured GET /api/students/tutor/3
2026-04-11 20:08:19.701 [http-nio-8080-exec-6] DEBUG o.s.security.web.FilterChainProxy - Securing OPTIONS /api/materials
2026-04-11 20:08:19.701 [http-nio-8080-exec-5] DEBUG o.s.web.servlet.DispatcherServlet - GET "/api/students/tutor/3", parameters={}
2026-04-11 20:08:19.701 [http-nio-8080-exec-3] DEBUG o.s.w.s.m.m.a.HttpEntityMethodProcessor - Using 'application/json', given [application/json, text/plain, */*] and supported [application/json, application/*+json]
2026-04-11 20:08:19.701 [http-nio-8080-exec-10] DEBUG o.s.security.web.FilterChainProxy - Securing OPTIONS /api/materials
2026-04-11 20:08:19.701 [http-nio-8080-exec-3] DEBUG o.s.w.s.m.m.a.HttpEntityMethodProcessor - Writing [[]]
2026-04-11 20:08:19.701 [http-nio-8080-exec-9] DEBUG o.s.security.web.FilterChainProxy - Securing OPTIONS /api/materials
2026-04-11 20:08:19.701 [http-nio-8080-exec-5] DEBUG o.s.w.s.m.m.a.RequestMappingHandlerMapping - Mapped to com.example.demo.controller.StudentController#getStudentsByTutor(Long, Long, String)
2026-04-11 20:08:19.702 [http-nio-8080-exec-8] DEBUG org.hibernate.SQL - 
    select
        s1_0.id,
        s1_0.birthday,
        s1_0.created_at,
        s1_0.email,
        s1_0.full_name,
        s1_0.parent_id,
        s1_0.parent_name,
        s1_0.parent_phone,
        s1_0.password_hash,
        s1_0.payment_type,
        s1_0.phone,
        s1_0.role 
    from
        student s1_0
2026-04-11 20:08:19.702 [http-nio-8080-exec-10] DEBUG o.s.security.web.FilterChainProxy - Securing OPTIONS /api/materials
2026-04-11 20:08:19.702 [http-nio-8080-exec-3] DEBUG o.s.web.servlet.DispatcherServlet - Completed 200 OK
2026-04-11 20:08:19.702 [http-nio-8080-exec-4] DEBUG o.s.w.s.m.m.a.ExceptionHandlerExceptionResolver - Using @ExceptionHandler com.example.demo.exception.GlobalExceptionHandler#handleRuntimeException(RuntimeException)
2026-04-11 20:08:19.702 [http-nio-8080-exec-5] DEBUG o.s.s.a.m.AuthorizationManagerBeforeMethodInterceptor - Authorizing method invocation ReflectiveMethodInvocation: public org.springframework.http.ResponseEntity com.example.demo.controller.StudentController.getStudentsByTutor(java.lang.Long,java.lang.Long,java.lang.String); target is of class [com.example.demo.controller.StudentController]
2026-04-11 20:08:19.702 [http-nio-8080-exec-5] DEBUG o.s.s.a.m.AuthorizationManagerBeforeMethodInterceptor - Authorized method invocation ReflectiveMethodInvocation: public org.springframework.http.ResponseEntity com.example.demo.controller.StudentController.getStudentsByTutor(java.lang.Long,java.lang.Long,java.lang.String); target is of class [com.example.demo.controller.StudentController]
2026-04-11 20:08:19.703 [http-nio-8080-exec-7] DEBUG o.s.security.web.FilterChainProxy - Secured GET /api/courses/tutor/3
2026-04-11 20:08:19.703 [http-nio-8080-exec-7] DEBUG o.s.web.servlet.DispatcherServlet - GET "/api/courses/tutor/3", parameters={}
2026-04-11 20:08:19.702 [http-nio-8080-exec-4] ERROR c.e.d.e.GlobalExceptionHandler - Ошибка выполнения: null
java.lang.NullPointerException
	at java.base/java.util.Objects.requireNonNull(Objects.java:209)
	at java.base/java.util.ImmutableCollections$Map1.<init>(ImmutableCollections.java:1105)
	at java.base/java.util.Map.of(Map.java:1353)
	at com.example.demo.controller.TutorController.getAvatar(TutorController.java:93)
	at jdk.internal.reflect.GeneratedMethodAccessor82.invoke(Unknown Source)
	at java.base/jdk.internal.reflect.DelegatingMethodAccessorImpl.invoke(DelegatingMethodAccessorImpl.java:43)
	at java.base/java.lang.reflect.Method.invoke(Method.java:569)
	at org.springframework.web.method.support.InvocableHandlerMethod.doInvoke(InvocableHandlerMethod.java:252)
	at org.springframework.web.method.support.InvocableHandlerMethod.invokeForRequest(InvocableHandlerMethod.java:184)
	at org.springframework.web.servlet.mvc.method.annotation.ServletInvocableHandlerMethod.invokeAndHandle(ServletInvocableHandlerMethod.java:117)
	at org.springframework.web.servlet.mvc.method.annotation.RequestMappingHandlerAdapter.invokeHandlerMethod(RequestMappingHandlerAdapter.java:934)
	at org.springframework.web.servlet.mvc.method.annotation.RequestMappingHandlerAdapter.handleInternal(RequestMappingHandlerAdapter.java:853)
	at org.springframework.web.servlet.mvc.method.AbstractHandlerMethodAdapter.handle(AbstractHandlerMethodAdapter.java:86)
	at org.springframework.web.servlet.DispatcherServlet.doDispatch(DispatcherServlet.java:963)
	at org.springframework.web.servlet.DispatcherServlet.doService(DispatcherServlet.java:866)
	at org.springframework.web.servlet.FrameworkServlet.processRequest(FrameworkServlet.java:1000)
	at org.springframework.web.servlet.FrameworkServlet.doGet(FrameworkServlet.java:892)
	at jakarta.servlet.http.HttpServlet.service(HttpServlet.java:622)
	at org.springframework.web.servlet.FrameworkServlet.service(FrameworkServlet.java:874)
	at jakarta.servlet.http.HttpServlet.service(HttpServlet.java:710)
	at org.apache.catalina.core.ApplicationFilterChain.doFilter(ApplicationFilterChain.java:128)
	at org.apache.tomcat.websocket.server.WsFilter.doFilter(WsFilter.java:53)
	at org.apache.catalina.core.ApplicationFilterChain.doFilter(ApplicationFilterChain.java:107)
	at org.springframework.web.filter.OncePerRequestFilter.doFilter(OncePerRequestFilter.java:110)
	at org.apache.catalina.core.ApplicationFilterChain.doFilter(ApplicationFilterChain.java:107)
	at org.springframework.web.filter.CompositeFilter$VirtualFilterChain.doFilter(CompositeFilter.java:108)
	at org.springframework.security.web.FilterChainProxy.lambda$doFilterInternal$3(FilterChainProxy.java:235)
	at org.springframework.security.web.FilterChainProxy$VirtualFilterChain.doFilter(FilterChainProxy.java:371)
	at org.springframework.security.web.access.intercept.AuthorizationFilter.doFilter(AuthorizationFilter.java:101)
	at org.springframework.security.web.FilterChainProxy$VirtualFilterChain.doFilter(FilterChainProxy.java:380)
	at org.springframework.security.web.access.ExceptionTranslationFilter.doFilter(ExceptionTranslationFilter.java:126)
	at org.springframework.security.web.access.ExceptionTranslationFilter.doFilter(ExceptionTranslationFilter.java:120)
	at org.springframework.security.web.FilterChainProxy$VirtualFilterChain.doFilter(FilterChainProxy.java:380)
	at org.springframework.security.web.session.SessionManagementFilter.doFilter(SessionManagementFilter.java:132)
	at org.springframework.security.web.session.SessionManagementFilter.doFilter(SessionManagementFilter.java:86)
	at org.springframework.security.web.FilterChainProxy$VirtualFilterChain.doFilter(FilterChainProxy.java:380)
	at org.springframework.security.web.authentication.AnonymousAuthenticationFilter.doFilter(AnonymousAuthenticationFilter.java:100)
	at org.springframework.security.web.FilterChainProxy$VirtualFilterChain.doFilter(FilterChainProxy.java:380)
	at org.springframework.security.web.servletapi.SecurityContextHolderAwareRequestFilter.doFilter(SecurityContextHolderAwareRequestFilter.java:181)
	at org.springframework.security.web.FilterChainProxy$VirtualFilterChain.doFilter(FilterChainProxy.java:380)
	at org.springframework.security.web.savedrequest.RequestCacheAwareFilter.doFilter(RequestCacheAwareFilter.java:63)
	at org.springframework.security.web.FilterChainProxy$VirtualFilterChain.doFilter(FilterChainProxy.java:380)
	at com.example.demo.config.AuthTokenFilter.doFilterInternal(AuthTokenFilter.java:59)
	at org.springframework.web.filter.OncePerRequestFilter.doFilter(OncePerRequestFilter.java:116)
	at org.springframework.security.web.FilterChainProxy$VirtualFilterChain.doFilter(FilterChainProxy.java:380)
	at org.springframework.security.web.authentication.logout.LogoutFilter.doFilter(LogoutFilter.java:110)
	at org.springframework.security.web.authentication.logout.LogoutFilter.doFilter(LogoutFilter.java:96)
	at org.springframework.security.web.FilterChainProxy$VirtualFilterChain.doFilter(FilterChainProxy.java:380)
	at org.springframework.web.filter.CorsFilter.doFilterInternal(CorsFilter.java:91)
	at org.springframework.web.filter.OncePerRequestFilter.doFilter(OncePerRequestFilter.java:116)
	at org.springframework.security.web.FilterChainProxy$VirtualFilterChain.doFilter(FilterChainProxy.java:380)
	at org.springframework.security.web.header.HeaderWriterFilter.doHeadersAfter(HeaderWriterFilter.java:90)
	at org.springframework.security.web.header.HeaderWriterFilter.doFilterInternal(HeaderWriterFilter.java:75)
	at org.springframework.web.filter.OncePerRequestFilter.doFilter(OncePerRequestFilter.java:116)
	at org.springframework.security.web.FilterChainProxy$VirtualFilterChain.doFilter(FilterChainProxy.java:380)
	at org.springframework.security.web.context.SecurityContextHolderFilter.doFilter(SecurityContextHolderFilter.java:82)
	at org.springframework.security.web.context.SecurityContextHolderFilter.doFilter(SecurityContextHolderFilter.java:69)
	at org.springframework.security.web.FilterChainProxy$VirtualFilterChain.doFilter(FilterChainProxy.java:380)
	at org.springframework.security.web.context.request.async.WebAsyncManagerIntegrationFilter.doFilterInternal(WebAsyncManagerIntegrationFilter.java:62)
	at org.springframework.web.filter.OncePerRequestFilter.doFilter(OncePerRequestFilter.java:116)
	at org.springframework.security.web.FilterChainProxy$VirtualFilterChain.doFilter(FilterChainProxy.java:380)
	at org.springframework.security.web.session.DisableEncodeUrlFilter.doFilterInternal(DisableEncodeUrlFilter.java:42)
	at org.springframework.web.filter.OncePerRequestFilter.doFilter(OncePerRequestFilter.java:116)
	at org.springframework.security.web.FilterChainProxy$VirtualFilterChain.doFilter(FilterChainProxy.java:380)
	at org.springframework.security.web.FilterChainProxy.doFilterInternal(FilterChainProxy.java:237)
	at org.springframework.security.web.FilterChainProxy.doFilter(FilterChainProxy.java:195)
	at org.springframework.web.filter.CompositeFilter$VirtualFilterChain.doFilter(CompositeFilter.java:113)
	at org.springframework.web.filter.ServletRequestPathFilter.doFilter(ServletRequestPathFilter.java:52)
	at org.springframework.web.filter.CompositeFilter$VirtualFilterChain.doFilter(CompositeFilter.java:113)
	at org.springframework.web.filter.CompositeFilter.doFilter(CompositeFilter.java:74)
	at org.springframework.security.config.annotation.web.configuration.WebSecurityConfiguration$CompositeFilterChainProxy.doFilter(WebSecurityConfiguration.java:317)
	at org.springframework.web.filter.DelegatingFilterProxy.invokeDelegate(DelegatingFilterProxy.java:355)
	at org.springframework.web.filter.DelegatingFilterProxy.doFilter(DelegatingFilterProxy.java:272)
	at org.apache.catalina.core.ApplicationFilterChain.doFilter(ApplicationFilterChain.java:107)
	at org.springframework.web.filter.RequestContextFilter.doFilterInternal(RequestContextFilter.java:100)
	at org.springframework.web.filter.OncePerRequestFilter.doFilter(OncePerRequestFilter.java:116)
	at org.apache.catalina.core.ApplicationFilterChain.doFilter(ApplicationFilterChain.java:107)
	at org.springframework.web.filter.FormContentFilter.doFilterInternal(FormContentFilter.java:93)
	at org.springframework.web.filter.OncePerRequestFilter.doFilter(OncePerRequestFilter.java:116)
	at org.apache.catalina.core.ApplicationFilterChain.doFilter(ApplicationFilterChain.java:107)
	at org.springframework.web.filter.CharacterEncodingFilter.doFilterInternal(CharacterEncodingFilter.java:199)
	at org.springframework.web.filter.OncePerRequestFilter.doFilter(OncePerRequestFilter.java:116)
	at org.apache.catalina.core.ApplicationFilterChain.doFilter(ApplicationFilterChain.java:107)
	at org.apache.catalina.core.StandardWrapperValve.invoke(StandardWrapperValve.java:165)
	at org.apache.catalina.core.StandardContextValve.invoke(StandardContextValve.java:77)
	at org.apache.catalina.authenticator.AuthenticatorBase.invoke(AuthenticatorBase.java:492)
	at org.apache.catalina.core.StandardHostValve.invoke(StandardHostValve.java:113)
	at org.apache.catalina.valves.ErrorReportValve.invoke(ErrorReportValve.java:83)
	at org.apache.catalina.core.StandardEngineValve.invoke(StandardEngineValve.java:72)
	at org.apache.catalina.connector.CoyoteAdapter.service(CoyoteAdapter.java:341)
	at org.apache.coyote.http11.Http11Processor.service(Http11Processor.java:397)
	at org.apache.coyote.AbstractProcessorLight.process(AbstractProcessorLight.java:63)
	at org.apache.coyote.AbstractProtocol$ConnectionHandler.process(AbstractProtocol.java:903)
	at org.apache.tomcat.util.net.NioEndpoint$SocketProcessor.doRun(NioEndpoint.java:1779)
	at org.apache.tomcat.util.net.SocketProcessorBase.run(SocketProcessorBase.java:52)
	at org.apache.tomcat.util.threads.ThreadPoolExecutor.runWorker(ThreadPoolExecutor.java:946)
	at org.apache.tomcat.util.threads.ThreadPoolExecutor$Worker.run(ThreadPoolExecutor.java:480)
	at org.apache.tomcat.util.threads.TaskThread$WrappingRunnable.run(TaskThread.java:57)
	at java.base/java.lang.Thread.run(Thread.java:840)
2026-04-11 20:08:19.703 [http-nio-8080-exec-4] DEBUG o.s.w.s.m.m.a.HttpEntityMethodProcessor - Using 'application/json', given [application/json, text/plain, */*] and supported [application/json, application/*+json]
2026-04-11 20:08:19.704 [http-nio-8080-exec-7] DEBUG o.s.w.s.m.m.a.RequestMappingHandlerMapping - Mapped to com.example.demo.controller.CourseController#getCoursesByTutor(Long)
2026-04-11 20:08:19.704 [http-nio-8080-exec-4] DEBUG o.s.w.s.m.m.a.HttpEntityMethodProcessor - Writing [{error=Внутренняя ошибка сервера}]
2026-04-11 20:08:19.705 [http-nio-8080-exec-4] DEBUG o.s.w.s.m.m.a.ExceptionHandlerExceptionResolver - Resolved [java.lang.NullPointerException]
2026-04-11 20:08:19.705 [http-nio-8080-exec-5] DEBUG org.hibernate.SQL - 
    select
        s1_0.id,
        s1_0.birthday,
        s1_0.created_at,
        s1_0.email,
        s1_0.full_name,
        s1_0.parent_id,
        s1_0.parent_name,
        s1_0.parent_phone,
        s1_0.password_hash,
        s1_0.payment_type,
        s1_0.phone,
        s1_0.role 
    from
        student s1_0
2026-04-11 20:08:19.705 [http-nio-8080-exec-4] DEBUG o.s.web.servlet.DispatcherServlet - Completed 500 INTERNAL_SERVER_ERROR
2026-04-11 20:08:19.706 [http-nio-8080-exec-7] DEBUG org.hibernate.SQL - 
    select
        c1_0.id,
        c1_0.color,
        c1_0.created_at,
        c1_0.description,
        c1_0.name,
        c1_0.tutor_id 
    from
        course c1_0 
    where
        c1_0.tutor_id=?
2026-04-11 20:08:19.708 [http-nio-8080-exec-5] DEBUG org.hibernate.SQL - 
    select
        p1_0.id,
        p1_0.created_at,
        p1_0.email,
        p1_0.full_name,
        p1_0.password_hash,
        p1_0.phone,
        p1_0.role 
    from
        parent p1_0 
    where
        p1_0.id=?
2026-04-11 20:08:19.709 [http-nio-8080-exec-7] DEBUG o.s.w.s.m.m.a.HttpEntityMethodProcessor - Using 'application/json', given [application/json, text/plain, */*] and supported [application/json, application/*+json]
2026-04-11 20:08:19.710 [http-nio-8080-exec-7] DEBUG o.s.w.s.m.m.a.HttpEntityMethodProcessor - Writing [[]]
2026-04-11 20:08:19.710 [http-nio-8080-exec-8] DEBUG org.hibernate.SQL - 
    select
        p1_0.id,
        p1_0.created_at,
        p1_0.email,
        p1_0.full_name,
        p1_0.password_hash,
        p1_0.phone,
        p1_0.role 
    from
        parent p1_0 
    where
        p1_0.id=?
2026-04-11 20:08:19.711 [http-nio-8080-exec-7] DEBUG o.s.web.servlet.DispatcherServlet - Completed 200 OK
2026-04-11 20:08:19.711 [http-nio-8080-exec-5] DEBUG org.hibernate.SQL - 
    select
        t1_0.student_id,
        t1_1.id,
        t1_1.about,
        t1_1.avatar,
        t1_1.birthday,
        t1_1.city,
        t1_1.created_at,
        t1_1.email,
        t1_1.full_name,
        t1_1.is_active,
        t1_1.password_hash,
        t1_1.phone,
        t1_1.role 
    from
        student_tutor t1_0 
    join
        tutor t1_1 
            on t1_1.id=t1_0.tutor_id 
    where
        t1_0.student_id=?
2026-04-11 20:08:19.714 [http-nio-8080-exec-7] DEBUG o.s.security.web.FilterChainProxy - Securing GET /api/materials
2026-04-11 20:08:19.715 [http-nio-8080-exec-5] DEBUG org.hibernate.SQL - 
    select
        r1_0.student_id,
        r1_0.id,
        r1_0.rate_per_lesson,
        r1_0.tutor_id,
        t1_0.id,
        t1_0.about,
        t1_0.avatar,
        t1_0.birthday,
        t1_0.city,
        t1_0.created_at,
        t1_0.email,
        t1_0.full_name,
        t1_0.is_active,
        t1_0.password_hash,
        t1_0.phone,
        t1_0.role 
    from
        student_rate r1_0 
    left join
        tutor t1_0 
            on t1_0.id=r1_0.tutor_id 
    where
        r1_0.student_id=?
2026-04-11 20:08:19.716 [http-nio-8080-exec-1] DEBUG o.s.security.web.FilterChainProxy - Securing GET /api/materials
2026-04-11 20:08:19.718 [http-nio-8080-exec-9] DEBUG o.s.security.web.FilterChainProxy - Securing GET /api/materials
2026-04-11 20:08:19.718 [http-nio-8080-exec-6] DEBUG o.s.security.web.FilterChainProxy - Securing GET /api/materials
2026-04-11 20:08:19.719 [http-nio-8080-exec-5] DEBUG o.s.w.s.m.m.a.HttpEntityMethodProcessor - Using 'application/json', given [application/json, text/plain, */*] and supported [application/json, application/*+json]
2026-04-11 20:08:19.719 [http-nio-8080-exec-8] DEBUG org.hibernate.SQL - 
    select
        t1_0.student_id,
        t1_1.id,
        t1_1.about,
        t1_1.avatar,
        t1_1.birthday,
        t1_1.city,
        t1_1.created_at,
        t1_1.email,
        t1_1.full_name,
        t1_1.is_active,
        t1_1.password_hash,
        t1_1.phone,
        t1_1.role 
    from
        student_tutor t1_0 
    join
        tutor t1_1 
            on t1_1.id=t1_0.tutor_id 
    where
        t1_0.student_id=?
2026-04-11 20:08:19.719 [http-nio-8080-exec-5] DEBUG o.s.w.s.m.m.a.HttpEntityMethodProcessor - Writing [[com.example.demo.entity.Student@288c2380]]
2026-04-11 20:08:19.721 [http-nio-8080-exec-5] DEBUG o.s.web.servlet.DispatcherServlet - Completed 200 OK
2026-04-11 20:08:19.725 [http-nio-8080-exec-8] DEBUG org.hibernate.SQL - 
    select
        r1_0.student_id,
        r1_0.id,
        r1_0.rate_per_lesson,
        r1_0.tutor_id,
        t1_0.id,
        t1_0.about,
        t1_0.avatar,
        t1_0.birthday,
        t1_0.city,
        t1_0.created_at,
        t1_0.email,
        t1_0.full_name,
        t1_0.is_active,
        t1_0.password_hash,
        t1_0.phone,
        t1_0.role 
    from
        student_rate r1_0 
    left join
        tutor t1_0 
            on t1_0.id=r1_0.tutor_id 
    where
        r1_0.student_id=?
2026-04-11 20:08:19.727 [http-nio-8080-exec-7] DEBUG o.s.security.web.FilterChainProxy - Secured GET /api/materials
2026-04-11 20:08:19.728 [http-nio-8080-exec-7] DEBUG o.s.web.servlet.DispatcherServlet - GET "/api/materials", parameters={}
2026-04-11 20:08:19.728 [http-nio-8080-exec-7] DEBUG o.s.w.s.m.m.a.RequestMappingHandlerMapping - Mapped to com.example.demo.controller.MaterialController#getMaterials(Long, Long)
2026-04-11 20:08:19.729 [http-nio-8080-exec-9] DEBUG o.s.security.web.FilterChainProxy - Secured GET /api/materials
2026-04-11 20:08:19.729 [http-nio-8080-exec-9] DEBUG o.s.web.servlet.DispatcherServlet - GET "/api/materials", parameters={}
2026-04-11 20:08:19.729 [http-nio-8080-exec-6] DEBUG o.s.security.web.FilterChainProxy - Secured GET /api/materials
2026-04-11 20:08:19.729 [http-nio-8080-exec-9] DEBUG o.s.w.s.m.m.a.RequestMappingHandlerMapping - Mapped to com.example.demo.controller.MaterialController#getMaterials(Long, Long)
2026-04-11 20:08:19.730 [http-nio-8080-exec-6] DEBUG o.s.web.servlet.DispatcherServlet - GET "/api/materials", parameters={}
2026-04-11 20:08:19.730 [http-nio-8080-exec-6] DEBUG o.s.w.s.m.m.a.RequestMappingHandlerMapping - Mapped to com.example.demo.controller.MaterialController#getMaterials(Long, Long)
2026-04-11 20:08:19.731 [http-nio-8080-exec-9] DEBUG o.s.s.a.m.AuthorizationManagerBeforeMethodInterceptor - Authorizing method invocation ReflectiveMethodInvocation: public org.springframework.http.ResponseEntity com.example.demo.controller.MaterialController.getMaterials(java.lang.Long,java.lang.Long); target is of class [com.example.demo.controller.MaterialController]
2026-04-11 20:08:19.731 [http-nio-8080-exec-1] DEBUG o.s.security.web.FilterChainProxy - Secured GET /api/materials
2026-04-11 20:08:19.731 [http-nio-8080-exec-6] DEBUG o.s.s.a.m.AuthorizationManagerBeforeMethodInterceptor - Authorizing method invocation ReflectiveMethodInvocation: public org.springframework.http.ResponseEntity com.example.demo.controller.MaterialController.getMaterials(java.lang.Long,java.lang.Long); target is of class [com.example.demo.controller.MaterialController]
2026-04-11 20:08:19.731 [http-nio-8080-exec-1] DEBUG o.s.web.servlet.DispatcherServlet - GET "/api/materials", parameters={}
2026-04-11 20:08:19.731 [http-nio-8080-exec-6] DEBUG o.s.s.a.m.AuthorizationManagerBeforeMethodInterceptor - Authorized method invocation ReflectiveMethodInvocation: public org.springframework.http.ResponseEntity com.example.demo.controller.MaterialController.getMaterials(java.lang.Long,java.lang.Long); target is of class [com.example.demo.controller.MaterialController]
2026-04-11 20:08:19.731 [http-nio-8080-exec-9] DEBUG o.s.s.a.m.AuthorizationManagerBeforeMethodInterceptor - Authorized method invocation ReflectiveMethodInvocation: public org.springframework.http.ResponseEntity com.example.demo.controller.MaterialController.getMaterials(java.lang.Long,java.lang.Long); target is of class [com.example.demo.controller.MaterialController]
2026-04-11 20:08:19.731 [http-nio-8080-exec-1] DEBUG o.s.w.s.m.m.a.RequestMappingHandlerMapping - Mapped to com.example.demo.controller.MaterialController#getMaterials(Long, Long)
2026-04-11 20:08:19.731 [http-nio-8080-exec-7] DEBUG o.s.s.a.m.AuthorizationManagerBeforeMethodInterceptor - Authorizing method invocation ReflectiveMethodInvocation: public org.springframework.http.ResponseEntity com.example.demo.controller.MaterialController.getMaterials(java.lang.Long,java.lang.Long); target is of class [com.example.demo.controller.MaterialController]
2026-04-11 20:08:19.731 [http-nio-8080-exec-7] DEBUG o.s.s.a.m.AuthorizationManagerBeforeMethodInterceptor - Authorized method invocation ReflectiveMethodInvocation: public org.springframework.http.ResponseEntity com.example.demo.controller.MaterialController.getMaterials(java.lang.Long,java.lang.Long); target is of class [com.example.demo.controller.MaterialController]
2026-04-11 20:08:19.731 [http-nio-8080-exec-1] DEBUG o.s.s.a.m.AuthorizationManagerBeforeMethodInterceptor - Authorizing method invocation ReflectiveMethodInvocation: public org.springframework.http.ResponseEntity com.example.demo.controller.MaterialController.getMaterials(java.lang.Long,java.lang.Long); target is of class [com.example.demo.controller.MaterialController]
2026-04-11 20:08:19.739 [http-nio-8080-exec-1] DEBUG o.s.s.a.m.AuthorizationManagerBeforeMethodInterceptor - Authorized method invocation ReflectiveMethodInvocation: public org.springframework.http.ResponseEntity com.example.demo.controller.MaterialController.getMaterials(java.lang.Long,java.lang.Long); target is of class [com.example.demo.controller.MaterialController]
2026-04-11 20:08:19.741 [http-nio-8080-exec-8] DEBUG o.s.w.s.m.m.a.HttpEntityMethodProcessor - Using 'application/json', given [application/json, text/plain, */*] and supported [application/json, application/*+json]
2026-04-11 20:08:19.741 [http-nio-8080-exec-8] DEBUG o.s.w.s.m.m.a.HttpEntityMethodProcessor - Writing [[com.example.demo.entity.Student@52723312]]
2026-04-11 20:08:19.741 [http-nio-8080-exec-7] DEBUG org.hibernate.SQL - 
    select
        m1_0.id,
        m1_0.course_id,
        m1_0.created_at,
        m1_0.description,
        m1_0.file_name,
        m1_0.file_path,
        m1_0.file_size,
        m1_0.file_type,
        m1_0.folder_id,
        m1_0.student_id,
        m1_0.title,
        m1_0.tutor_id,
        m1_0.updated_at 
    from
        material m1_0 
    where
        m1_0.tutor_id=? 
        and m1_0.folder_id is null
2026-04-11 20:08:19.741 [http-nio-8080-exec-9] DEBUG org.hibernate.SQL - 
    select
        m1_0.id,
        m1_0.course_id,
        m1_0.created_at,
        m1_0.description,
        m1_0.file_name,
        m1_0.file_path,
        m1_0.file_size,
        m1_0.file_type,
        m1_0.folder_id,
        m1_0.student_id,
        m1_0.title,
        m1_0.tutor_id,
        m1_0.updated_at 
    from
        material m1_0 
    where
        m1_0.tutor_id=? 
        and m1_0.folder_id is null
2026-04-11 20:08:19.742 [http-nio-8080-exec-8] DEBUG o.s.web.servlet.DispatcherServlet - Completed 200 OK
2026-04-11 20:08:19.742 [http-nio-8080-exec-1] DEBUG org.hibernate.SQL - 
    select
        m1_0.id,
        m1_0.course_id,
        m1_0.created_at,
        m1_0.description,
        m1_0.file_name,
        m1_0.file_path,
        m1_0.file_size,
        m1_0.file_type,
        m1_0.folder_id,
        m1_0.student_id,
        m1_0.title,
        m1_0.tutor_id,
        m1_0.updated_at 
    from
        material m1_0 
    where
        m1_0.tutor_id=? 
        and m1_0.folder_id is null
2026-04-11 20:08:19.743 [http-nio-8080-exec-6] DEBUG org.hibernate.SQL - 
    select
        m1_0.id,
        m1_0.course_id,
        m1_0.created_at,
        m1_0.description,
        m1_0.file_name,
        m1_0.file_path,
        m1_0.file_size,
        m1_0.file_type,
        m1_0.folder_id,
        m1_0.student_id,
        m1_0.title,
        m1_0.tutor_id,
        m1_0.updated_at 
    from
        material m1_0 
    where
        m1_0.tutor_id=? 
        and m1_0.folder_id is null
2026-04-11 20:08:19.747 [http-nio-8080-exec-1] DEBUG org.hibernate.SQL - 
    select
        mf1_0.id,
        mf1_0.course_id,
        mf1_0.created_at,
        mf1_0.name,
        mf1_0.parent_folder_id,
        mf1_0.tutor_id 
    from
        material_folder mf1_0 
    where
        mf1_0.tutor_id=? 
        and mf1_0.parent_folder_id is null
2026-04-11 20:08:19.747 [http-nio-8080-exec-6] DEBUG org.hibernate.SQL - 
    select
        mf1_0.id,
        mf1_0.course_id,
        mf1_0.created_at,
        mf1_0.name,
        mf1_0.parent_folder_id,
        mf1_0.tutor_id 
    from
        material_folder mf1_0 
    where
        mf1_0.tutor_id=? 
        and mf1_0.parent_folder_id is null
2026-04-11 20:08:19.747 [http-nio-8080-exec-9] DEBUG org.hibernate.SQL - 
    select
        mf1_0.id,
        mf1_0.course_id,
        mf1_0.created_at,
        mf1_0.name,
        mf1_0.parent_folder_id,
        mf1_0.tutor_id 
    from
        material_folder mf1_0 
    where
        mf1_0.tutor_id=? 
        and mf1_0.parent_folder_id is null
2026-04-11 20:08:19.747 [http-nio-8080-exec-7] DEBUG org.hibernate.SQL - 
    select
        mf1_0.id,
        mf1_0.course_id,
        mf1_0.created_at,
        mf1_0.name,
        mf1_0.parent_folder_id,
        mf1_0.tutor_id 
    from
        material_folder mf1_0 
    where
        mf1_0.tutor_id=? 
        and mf1_0.parent_folder_id is null
2026-04-11 20:08:19.752 [http-nio-8080-exec-1] DEBUG o.s.w.s.m.m.a.HttpEntityMethodProcessor - Using 'application/json', given [application/json, text/plain, */*] and supported [application/json, application/*+json]
2026-04-11 20:08:19.752 [http-nio-8080-exec-7] DEBUG o.s.w.s.m.m.a.HttpEntityMethodProcessor - Using 'application/json', given [application/json, text/plain, */*] and supported [application/json, application/*+json]
2026-04-11 20:08:19.752 [http-nio-8080-exec-9] DEBUG o.s.w.s.m.m.a.HttpEntityMethodProcessor - Using 'application/json', given [application/json, text/plain, */*] and supported [application/json, application/*+json]
2026-04-11 20:08:19.752 [http-nio-8080-exec-9] DEBUG o.s.w.s.m.m.a.HttpEntityMethodProcessor - Writing [{folders=[], materials=[]}]
2026-04-11 20:08:19.752 [http-nio-8080-exec-7] DEBUG o.s.w.s.m.m.a.HttpEntityMethodProcessor - Writing [{folders=[], materials=[]}]
2026-04-11 20:08:19.752 [http-nio-8080-exec-6] DEBUG o.s.w.s.m.m.a.HttpEntityMethodProcessor - Using 'application/json', given [application/json, text/plain, */*] and supported [application/json, application/*+json]
2026-04-11 20:08:19.752 [http-nio-8080-exec-6] DEBUG o.s.w.s.m.m.a.HttpEntityMethodProcessor - Writing [{folders=[], materials=[]}]
2026-04-11 20:08:19.752 [http-nio-8080-exec-1] DEBUG o.s.w.s.m.m.a.HttpEntityMethodProcessor - Writing [{folders=[], materials=[]}]
2026-04-11 20:08:19.753 [http-nio-8080-exec-7] DEBUG o.s.web.servlet.DispatcherServlet - Completed 200 OK
2026-04-11 20:08:19.753 [http-nio-8080-exec-6] DEBUG o.s.web.servlet.DispatcherServlet - Completed 200 OK
2026-04-11 20:08:19.753 [http-nio-8080-exec-9] DEBUG o.s.web.servlet.DispatcherServlet - Completed 200 OK
2026-04-11 20:08:19.754 [http-nio-8080-exec-1] DEBUG o.s.web.servlet.DispatcherServlet - Completed 200 OK
2026-04-11 20:08:19.772 [http-nio-8080-exec-10] DEBUG o.s.security.web.FilterChainProxy - Securing OPTIONS /api/materials/folders
2026-04-11 20:08:19.772 [http-nio-8080-exec-3] DEBUG o.s.security.web.FilterChainProxy - Securing OPTIONS /api/materials/folders
2026-04-11 20:08:19.772 [http-nio-8080-exec-4] DEBUG o.s.security.web.FilterChainProxy - Securing OPTIONS /api/materials/folders
2026-04-11 20:08:19.772 [http-nio-8080-exec-2] DEBUG o.s.security.web.FilterChainProxy - Securing OPTIONS /api/materials/folders
2026-04-11 20:08:19.777 [http-nio-8080-exec-5] DEBUG o.s.security.web.FilterChainProxy - Securing GET /api/materials/folders
2026-04-11 20:08:19.777 [http-nio-8080-exec-9] DEBUG o.s.security.web.FilterChainProxy - Securing GET /api/materials/folders
2026-04-11 20:08:19.777 [http-nio-8080-exec-8] DEBUG o.s.security.web.FilterChainProxy - Securing GET /api/materials/folders
2026-04-11 20:08:19.777 [http-nio-8080-exec-7] DEBUG o.s.security.web.FilterChainProxy - Securing GET /api/materials/folders
2026-04-11 20:08:19.783 [http-nio-8080-exec-8] DEBUG o.s.security.web.FilterChainProxy - Secured GET /api/materials/folders
2026-04-11 20:08:19.784 [http-nio-8080-exec-7] DEBUG o.s.security.web.FilterChainProxy - Secured GET /api/materials/folders
2026-04-11 20:08:19.784 [http-nio-8080-exec-5] DEBUG o.s.security.web.FilterChainProxy - Secured GET /api/materials/folders
2026-04-11 20:08:19.784 [http-nio-8080-exec-5] DEBUG o.s.web.servlet.DispatcherServlet - GET "/api/materials/folders", parameters={}
2026-04-11 20:08:19.784 [http-nio-8080-exec-8] DEBUG o.s.web.servlet.DispatcherServlet - GET "/api/materials/folders", parameters={}
2026-04-11 20:08:19.784 [http-nio-8080-exec-7] DEBUG o.s.web.servlet.DispatcherServlet - GET "/api/materials/folders", parameters={}
2026-04-11 20:08:19.784 [http-nio-8080-exec-7] DEBUG o.s.w.s.m.m.a.RequestMappingHandlerMapping - Mapped to com.example.demo.controller.MaterialController#getFolders(Long)
2026-04-11 20:08:19.784 [http-nio-8080-exec-8] DEBUG o.s.w.s.m.m.a.RequestMappingHandlerMapping - Mapped to com.example.demo.controller.MaterialController#getFolders(Long)
2026-04-11 20:08:19.784 [http-nio-8080-exec-5] DEBUG o.s.w.s.m.m.a.RequestMappingHandlerMapping - Mapped to com.example.demo.controller.MaterialController#getFolders(Long)
2026-04-11 20:08:19.785 [http-nio-8080-exec-9] DEBUG o.s.security.web.FilterChainProxy - Secured GET /api/materials/folders
2026-04-11 20:08:19.785 [http-nio-8080-exec-9] DEBUG o.s.web.servlet.DispatcherServlet - GET "/api/materials/folders", parameters={}
2026-04-11 20:08:19.785 [http-nio-8080-exec-9] DEBUG o.s.w.s.m.m.a.RequestMappingHandlerMapping - Mapped to com.example.demo.controller.MaterialController#getFolders(Long)
2026-04-11 20:08:19.785 [http-nio-8080-exec-7] DEBUG o.s.s.a.m.AuthorizationManagerBeforeMethodInterceptor - Authorizing method invocation ReflectiveMethodInvocation: public org.springframework.http.ResponseEntity com.example.demo.controller.MaterialController.getFolders(java.lang.Long); target is of class [com.example.demo.controller.MaterialController]
2026-04-11 20:08:19.785 [http-nio-8080-exec-5] DEBUG o.s.s.a.m.AuthorizationManagerBeforeMethodInterceptor - Authorizing method invocation ReflectiveMethodInvocation: public org.springframework.http.ResponseEntity com.example.demo.controller.MaterialController.getFolders(java.lang.Long); target is of class [com.example.demo.controller.MaterialController]
2026-04-11 20:08:19.785 [http-nio-8080-exec-8] DEBUG o.s.s.a.m.AuthorizationManagerBeforeMethodInterceptor - Authorizing method invocation ReflectiveMethodInvocation: public org.springframework.http.ResponseEntity com.example.demo.controller.MaterialController.getFolders(java.lang.Long); target is of class [com.example.demo.controller.MaterialController]
2026-04-11 20:08:19.785 [http-nio-8080-exec-9] DEBUG o.s.s.a.m.AuthorizationManagerBeforeMethodInterceptor - Authorizing method invocation ReflectiveMethodInvocation: public org.springframework.http.ResponseEntity com.example.demo.controller.MaterialController.getFolders(java.lang.Long); target is of class [com.example.demo.controller.MaterialController]
2026-04-11 20:08:19.785 [http-nio-8080-exec-5] DEBUG o.s.s.a.m.AuthorizationManagerBeforeMethodInterceptor - Authorized method invocation ReflectiveMethodInvocation: public org.springframework.http.ResponseEntity com.example.demo.controller.MaterialController.getFolders(java.lang.Long); target is of class [com.example.demo.controller.MaterialController]
2026-04-11 20:08:19.785 [http-nio-8080-exec-8] DEBUG o.s.s.a.m.AuthorizationManagerBeforeMethodInterceptor - Authorized method invocation ReflectiveMethodInvocation: public org.springframework.http.ResponseEntity com.example.demo.controller.MaterialController.getFolders(java.lang.Long); target is of class [com.example.demo.controller.MaterialController]
2026-04-11 20:08:19.785 [http-nio-8080-exec-7] DEBUG o.s.s.a.m.AuthorizationManagerBeforeMethodInterceptor - Authorized method invocation ReflectiveMethodInvocation: public org.springframework.http.ResponseEntity com.example.demo.controller.MaterialController.getFolders(java.lang.Long); target is of class [com.example.demo.controller.MaterialController]
2026-04-11 20:08:19.785 [http-nio-8080-exec-9] DEBUG o.s.s.a.m.AuthorizationManagerBeforeMethodInterceptor - Authorized method invocation ReflectiveMethodInvocation: public org.springframework.http.ResponseEntity com.example.demo.controller.MaterialController.getFolders(java.lang.Long); target is of class [com.example.demo.controller.MaterialController]
2026-04-11 20:08:19.786 [http-nio-8080-exec-9] DEBUG org.hibernate.SQL - 
    select
        mf1_0.id,
        mf1_0.course_id,
        mf1_0.created_at,
        mf1_0.name,
        mf1_0.parent_folder_id,
        mf1_0.tutor_id 
    from
        material_folder mf1_0 
    where
        mf1_0.tutor_id=?
2026-04-11 20:08:19.786 [http-nio-8080-exec-5] DEBUG org.hibernate.SQL - 
    select
        mf1_0.id,
        mf1_0.course_id,
        mf1_0.created_at,
        mf1_0.name,
        mf1_0.parent_folder_id,
        mf1_0.tutor_id 
    from
        material_folder mf1_0 
    where
        mf1_0.tutor_id=?
2026-04-11 20:08:19.786 [http-nio-8080-exec-8] DEBUG org.hibernate.SQL - 
    select
        mf1_0.id,
        mf1_0.course_id,
        mf1_0.created_at,
        mf1_0.name,
        mf1_0.parent_folder_id,
        mf1_0.tutor_id 
    from
        material_folder mf1_0 
    where
        mf1_0.tutor_id=?
2026-04-11 20:08:19.787 [http-nio-8080-exec-7] DEBUG org.hibernate.SQL - 
    select
        mf1_0.id,
        mf1_0.course_id,
        mf1_0.created_at,
        mf1_0.name,
        mf1_0.parent_folder_id,
        mf1_0.tutor_id 
    from
        material_folder mf1_0 
    where
        mf1_0.tutor_id=?
2026-04-11 20:08:19.788 [http-nio-8080-exec-5] DEBUG o.s.w.s.m.m.a.HttpEntityMethodProcessor - Using 'application/json', given [application/json, text/plain, */*] and supported [application/json, application/*+json]
2026-04-11 20:08:19.788 [http-nio-8080-exec-9] DEBUG o.s.w.s.m.m.a.HttpEntityMethodProcessor - Using 'application/json', given [application/json, text/plain, */*] and supported [application/json, application/*+json]
2026-04-11 20:08:19.788 [http-nio-8080-exec-7] DEBUG o.s.w.s.m.m.a.HttpEntityMethodProcessor - Using 'application/json', given [application/json, text/plain, */*] and supported [application/json, application/*+json]
2026-04-11 20:08:19.788 [http-nio-8080-exec-5] DEBUG o.s.w.s.m.m.a.HttpEntityMethodProcessor - Writing [[]]
2026-04-11 20:08:19.788 [http-nio-8080-exec-9] DEBUG o.s.w.s.m.m.a.HttpEntityMethodProcessor - Writing [[]]
2026-04-11 20:08:19.788 [http-nio-8080-exec-7] DEBUG o.s.w.s.m.m.a.HttpEntityMethodProcessor - Writing [[]]
2026-04-11 20:08:19.788 [http-nio-8080-exec-8] DEBUG o.s.w.s.m.m.a.HttpEntityMethodProcessor - Using 'application/json', given [application/json, text/plain, */*] and supported [application/json, application/*+json]
2026-04-11 20:08:19.789 [http-nio-8080-exec-8] DEBUG o.s.w.s.m.m.a.HttpEntityMethodProcessor - Writing [[]]
2026-04-11 20:08:19.789 [http-nio-8080-exec-5] DEBUG o.s.web.servlet.DispatcherServlet - Completed 200 OK
2026-04-11 20:08:19.789 [http-nio-8080-exec-9] DEBUG o.s.web.servlet.DispatcherServlet - Completed 200 OK
2026-04-11 20:08:19.789 [http-nio-8080-exec-8] DEBUG o.s.web.servlet.DispatcherServlet - Completed 200 OK
2026-04-11 20:08:19.791 [http-nio-8080-exec-7] DEBUG o.s.web.servlet.DispatcherServlet - Completed 200 OK
2026-04-11 20:08:21.526 [http-nio-8080-exec-6] DEBUG o.s.security.web.FilterChainProxy - Securing GET /api/tutors/3/avatar
2026-04-11 20:08:21.527 [http-nio-8080-exec-10] DEBUG o.s.security.web.FilterChainProxy - Securing GET /api/students/tutor/3
2026-04-11 20:08:21.527 [http-nio-8080-exec-1] DEBUG o.s.security.web.FilterChainProxy - Securing GET /api/payments/tutor/3
2026-04-11 20:08:21.528 [http-nio-8080-exec-4] DEBUG o.s.security.web.FilterChainProxy - Securing GET /api/lessons/all?tutorId=3
2026-04-11 20:08:21.528 [http-nio-8080-exec-3] DEBUG o.s.security.web.FilterChainProxy - Securing GET /api/payments/tutor/3
2026-04-11 20:08:21.528 [http-nio-8080-exec-5] DEBUG o.s.security.web.FilterChainProxy - Securing GET /api/lessons/all?tutorId=3
2026-04-11 20:08:21.528 [http-nio-8080-exec-2] DEBUG o.s.security.web.FilterChainProxy - Securing GET /api/students/tutor/3
2026-04-11 20:08:21.533 [http-nio-8080-exec-10] DEBUG o.s.security.web.FilterChainProxy - Secured GET /api/students/tutor/3
2026-04-11 20:08:21.533 [http-nio-8080-exec-10] DEBUG o.s.web.servlet.DispatcherServlet - GET "/api/students/tutor/3", parameters={}
2026-04-11 20:08:21.533 [http-nio-8080-exec-6] DEBUG o.s.security.web.FilterChainProxy - Secured GET /api/tutors/3/avatar
2026-04-11 20:08:21.533 [http-nio-8080-exec-6] DEBUG o.s.web.servlet.DispatcherServlet - GET "/api/tutors/3/avatar", parameters={}
2026-04-11 20:08:21.533 [http-nio-8080-exec-4] DEBUG o.s.security.web.FilterChainProxy - Secured GET /api/lessons/all?tutorId=3
2026-04-11 20:08:21.533 [http-nio-8080-exec-4] DEBUG o.s.web.servlet.DispatcherServlet - GET "/api/lessons/all?tutorId=3", parameters={masked}
2026-04-11 20:08:21.533 [http-nio-8080-exec-10] DEBUG o.s.w.s.m.m.a.RequestMappingHandlerMapping - Mapped to com.example.demo.controller.StudentController#getStudentsByTutor(Long, Long, String)
2026-04-11 20:08:21.533 [http-nio-8080-exec-4] DEBUG o.s.w.s.m.m.a.RequestMappingHandlerMapping - Mapped to com.example.demo.controller.LessonController#getAllLessons(Long, Long)
2026-04-11 20:08:21.533 [http-nio-8080-exec-6] DEBUG o.s.w.s.m.m.a.RequestMappingHandlerMapping - Mapped to com.example.demo.controller.TutorController#getAvatar(Long)
2026-04-11 20:08:21.534 [http-nio-8080-exec-10] DEBUG o.s.s.a.m.AuthorizationManagerBeforeMethodInterceptor - Authorizing method invocation ReflectiveMethodInvocation: public org.springframework.http.ResponseEntity com.example.demo.controller.StudentController.getStudentsByTutor(java.lang.Long,java.lang.Long,java.lang.String); target is of class [com.example.demo.controller.StudentController]
2026-04-11 20:08:21.534 [http-nio-8080-exec-1] DEBUG o.s.security.web.FilterChainProxy - Secured GET /api/payments/tutor/3
2026-04-11 20:08:21.534 [http-nio-8080-exec-3] DEBUG o.s.security.web.FilterChainProxy - Secured GET /api/payments/tutor/3
2026-04-11 20:08:21.534 [http-nio-8080-exec-5] DEBUG o.s.security.web.FilterChainProxy - Secured GET /api/lessons/all?tutorId=3
2026-04-11 20:08:21.534 [http-nio-8080-exec-4] DEBUG o.s.s.a.m.AuthorizationManagerBeforeMethodInterceptor - Authorizing method invocation ReflectiveMethodInvocation: public org.springframework.http.ResponseEntity com.example.demo.controller.LessonController.getAllLessons(java.lang.Long,java.lang.Long); target is of class [com.example.demo.controller.LessonController]
2026-04-11 20:08:21.534 [http-nio-8080-exec-3] DEBUG o.s.web.servlet.DispatcherServlet - GET "/api/payments/tutor/3", parameters={}
2026-04-11 20:08:21.534 [http-nio-8080-exec-5] DEBUG o.s.web.servlet.DispatcherServlet - GET "/api/lessons/all?tutorId=3", parameters={masked}
2026-04-11 20:08:21.534 [http-nio-8080-exec-5] DEBUG o.s.w.s.m.m.a.RequestMappingHandlerMapping - Mapped to com.example.demo.controller.LessonController#getAllLessons(Long, Long)
2026-04-11 20:08:21.534 [http-nio-8080-exec-10] DEBUG o.s.s.a.m.AuthorizationManagerBeforeMethodInterceptor - Authorized method invocation ReflectiveMethodInvocation: public org.springframework.http.ResponseEntity com.example.demo.controller.StudentController.getStudentsByTutor(java.lang.Long,java.lang.Long,java.lang.String); target is of class [com.example.demo.controller.StudentController]
2026-04-11 20:08:21.534 [http-nio-8080-exec-4] DEBUG o.s.s.a.m.AuthorizationManagerBeforeMethodInterceptor - Authorized method invocation ReflectiveMethodInvocation: public org.springframework.http.ResponseEntity com.example.demo.controller.LessonController.getAllLessons(java.lang.Long,java.lang.Long); target is of class [com.example.demo.controller.LessonController]
2026-04-11 20:08:21.534 [http-nio-8080-exec-3] DEBUG o.s.w.s.m.m.a.RequestMappingHandlerMapping - Mapped to com.example.demo.controller.PaymentController#getPaymentsByTutor(Long)
2026-04-11 20:08:21.534 [http-nio-8080-exec-5] DEBUG o.s.s.a.m.AuthorizationManagerBeforeMethodInterceptor - Authorizing method invocation ReflectiveMethodInvocation: public org.springframework.http.ResponseEntity com.example.demo.controller.LessonController.getAllLessons(java.lang.Long,java.lang.Long); target is of class [com.example.demo.controller.LessonController]
2026-04-11 20:08:21.534 [http-nio-8080-exec-2] DEBUG o.s.security.web.FilterChainProxy - Secured GET /api/students/tutor/3
2026-04-11 20:08:21.535 [http-nio-8080-exec-2] DEBUG o.s.web.servlet.DispatcherServlet - GET "/api/students/tutor/3", parameters={}
2026-04-11 20:08:21.535 [http-nio-8080-exec-5] DEBUG o.s.s.a.m.AuthorizationManagerBeforeMethodInterceptor - Authorized method invocation ReflectiveMethodInvocation: public org.springframework.http.ResponseEntity com.example.demo.controller.LessonController.getAllLessons(java.lang.Long,java.lang.Long); target is of class [com.example.demo.controller.LessonController]
2026-04-11 20:08:21.534 [http-nio-8080-exec-1] DEBUG o.s.web.servlet.DispatcherServlet - GET "/api/payments/tutor/3", parameters={}
2026-04-11 20:08:21.535 [http-nio-8080-exec-2] DEBUG o.s.w.s.m.m.a.RequestMappingHandlerMapping - Mapped to com.example.demo.controller.StudentController#getStudentsByTutor(Long, Long, String)
2026-04-11 20:08:21.535 [http-nio-8080-exec-1] DEBUG o.s.w.s.m.m.a.RequestMappingHandlerMapping - Mapped to com.example.demo.controller.PaymentController#getPaymentsByTutor(Long)
2026-04-11 20:08:21.535 [http-nio-8080-exec-4] DEBUG org.hibernate.SQL - 
    select
        l1_0.id,
        l1_0.completed_at,
        l1_0.course_id,
        l1_0.created_at,
        l1_0.end_time,
        l1_0.lesson_date,
        l1_0.next_lesson_plan,
        l1_0.notes,
        l1_0.original_lesson_id,
        l1_0.paid_at,
        l1_0.start_time,
        l1_0.status,
        l1_0.student_id,
        l1_0.tutor_id,
        l1_0.updated_at 
    from
        lesson l1_0 
    where
        l1_0.tutor_id=? 
    order by
        l1_0.lesson_date,
        l1_0.start_time
2026-04-11 20:08:21.535 [http-nio-8080-exec-5] DEBUG org.hibernate.SQL - 
    select
        l1_0.id,
        l1_0.completed_at,
        l1_0.course_id,
        l1_0.created_at,
        l1_0.end_time,
        l1_0.lesson_date,
        l1_0.next_lesson_plan,
        l1_0.notes,
        l1_0.original_lesson_id,
        l1_0.paid_at,
        l1_0.start_time,
        l1_0.status,
        l1_0.student_id,
        l1_0.tutor_id,
        l1_0.updated_at 
    from
        lesson l1_0 
    where
        l1_0.tutor_id=? 
    order by
        l1_0.lesson_date,
        l1_0.start_time
2026-04-11 20:08:21.535 [http-nio-8080-exec-2] DEBUG o.s.s.a.m.AuthorizationManagerBeforeMethodInterceptor - Authorizing method invocation ReflectiveMethodInvocation: public org.springframework.http.ResponseEntity com.example.demo.controller.StudentController.getStudentsByTutor(java.lang.Long,java.lang.Long,java.lang.String); target is of class [com.example.demo.controller.StudentController]
2026-04-11 20:08:21.535 [http-nio-8080-exec-3] DEBUG org.hibernate.SQL - 
    select
        p1_0.id,
        p1_0.amount,
        p1_0.confirmed_by_parent,
        p1_0.course_name,
        p1_0.created_at,
        p1_0.lesson_id,
        p1_0.lesson_date,
        p1_0.notes,
        p1_0.payment_date,
        p1_0.payment_type,
        p1_0.status,
        p1_0.student_id,
        p1_0.subscription_id,
        p1_0.tutor_id,
        p1_0.tutor_name 
    from
        payment p1_0 
    where
        p1_0.tutor_id=?
2026-04-11 20:08:21.535 [http-nio-8080-exec-2] DEBUG o.s.s.a.m.AuthorizationManagerBeforeMethodInterceptor - Authorized method invocation ReflectiveMethodInvocation: public org.springframework.http.ResponseEntity com.example.demo.controller.StudentController.getStudentsByTutor(java.lang.Long,java.lang.Long,java.lang.String); target is of class [com.example.demo.controller.StudentController]
2026-04-11 20:08:21.537 [http-nio-8080-exec-5] DEBUG o.s.w.s.m.m.a.HttpEntityMethodProcessor - Using 'application/json', given [application/json, text/plain, */*] and supported [application/json, application/*+json]
2026-04-11 20:08:21.537 [http-nio-8080-exec-4] DEBUG o.s.w.s.m.m.a.HttpEntityMethodProcessor - Using 'application/json', given [application/json, text/plain, */*] and supported [application/json, application/*+json]
2026-04-11 20:08:21.537 [http-nio-8080-exec-1] DEBUG org.hibernate.SQL - 
    select
        p1_0.id,
        p1_0.amount,
        p1_0.confirmed_by_parent,
        p1_0.course_name,
        p1_0.created_at,
        p1_0.lesson_id,
        p1_0.lesson_date,
        p1_0.notes,
        p1_0.payment_date,
        p1_0.payment_type,
        p1_0.status,
        p1_0.student_id,
        p1_0.subscription_id,
        p1_0.tutor_id,
        p1_0.tutor_name 
    from
        payment p1_0 
    where
        p1_0.tutor_id=?
2026-04-11 20:08:21.537 [http-nio-8080-exec-5] DEBUG o.s.w.s.m.m.a.HttpEntityMethodProcessor - Writing [[]]
2026-04-11 20:08:21.537 [http-nio-8080-exec-4] DEBUG o.s.w.s.m.m.a.HttpEntityMethodProcessor - Writing [[]]
2026-04-11 20:08:21.538 [http-nio-8080-exec-3] DEBUG o.s.w.s.m.m.a.HttpEntityMethodProcessor - Using 'application/json', given [application/json, text/plain, */*] and supported [application/json, application/*+json]
2026-04-11 20:08:21.538 [http-nio-8080-exec-4] DEBUG o.s.web.servlet.DispatcherServlet - Completed 200 OK
2026-04-11 20:08:21.538 [http-nio-8080-exec-3] DEBUG o.s.w.s.m.m.a.HttpEntityMethodProcessor - Writing [[]]
2026-04-11 20:08:21.538 [http-nio-8080-exec-10] DEBUG org.hibernate.SQL - 
    select
        s1_0.id,
        s1_0.birthday,
        s1_0.created_at,
        s1_0.email,
        s1_0.full_name,
        s1_0.parent_id,
        s1_0.parent_name,
        s1_0.parent_phone,
        s1_0.password_hash,
        s1_0.payment_type,
        s1_0.phone,
        s1_0.role 
    from
        student s1_0
2026-04-11 20:08:21.538 [http-nio-8080-exec-5] DEBUG o.s.web.servlet.DispatcherServlet - Completed 200 OK
2026-04-11 20:08:21.538 [http-nio-8080-exec-2] DEBUG org.hibernate.SQL - 
    select
        s1_0.id,
        s1_0.birthday,
        s1_0.created_at,
        s1_0.email,
        s1_0.full_name,
        s1_0.parent_id,
        s1_0.parent_name,
        s1_0.parent_phone,
        s1_0.password_hash,
        s1_0.payment_type,
        s1_0.phone,
        s1_0.role 
    from
        student s1_0
2026-04-11 20:08:21.538 [http-nio-8080-exec-3] DEBUG o.s.web.servlet.DispatcherServlet - Completed 200 OK
2026-04-11 20:08:21.539 [http-nio-8080-exec-6] DEBUG org.hibernate.SQL - 
    select
        t1_0.id,
        t1_0.about,
        t1_0.avatar,
        t1_0.birthday,
        t1_0.city,
        t1_0.created_at,
        t1_0.email,
        t1_0.full_name,
        t1_0.is_active,
        t1_0.password_hash,
        t1_0.phone,
        t1_0.role 
    from
        tutor t1_0 
    where
        t1_0.id=?
2026-04-11 20:08:21.539 [http-nio-8080-exec-10] DEBUG org.hibernate.SQL - 
    select
        p1_0.id,
        p1_0.created_at,
        p1_0.email,
        p1_0.full_name,
        p1_0.password_hash,
        p1_0.phone,
        p1_0.role 
    from
        parent p1_0 
    where
        p1_0.id=?
2026-04-11 20:08:21.539 [http-nio-8080-exec-2] DEBUG org.hibernate.SQL - 
    select
        p1_0.id,
        p1_0.created_at,
        p1_0.email,
        p1_0.full_name,
        p1_0.password_hash,
        p1_0.phone,
        p1_0.role 
    from
        parent p1_0 
    where
        p1_0.id=?
2026-04-11 20:08:21.540 [http-nio-8080-exec-1] DEBUG o.s.w.s.m.m.a.HttpEntityMethodProcessor - Using 'application/json', given [application/json, text/plain, */*] and supported [application/json, application/*+json]
2026-04-11 20:08:21.541 [http-nio-8080-exec-1] DEBUG o.s.w.s.m.m.a.HttpEntityMethodProcessor - Writing [[]]
2026-04-11 20:08:21.541 [http-nio-8080-exec-10] DEBUG org.hibernate.SQL - 
    select
        t1_0.student_id,
        t1_1.id,
        t1_1.about,
        t1_1.avatar,
        t1_1.birthday,
        t1_1.city,
        t1_1.created_at,
        t1_1.email,
        t1_1.full_name,
        t1_1.is_active,
        t1_1.password_hash,
        t1_1.phone,
        t1_1.role 
    from
        student_tutor t1_0 
    join
        tutor t1_1 
            on t1_1.id=t1_0.tutor_id 
    where
        t1_0.student_id=?
2026-04-11 20:08:21.541 [http-nio-8080-exec-2] DEBUG org.hibernate.SQL - 
    select
        t1_0.student_id,
        t1_1.id,
        t1_1.about,
        t1_1.avatar,
        t1_1.birthday,
        t1_1.city,
        t1_1.created_at,
        t1_1.email,
        t1_1.full_name,
        t1_1.is_active,
        t1_1.password_hash,
        t1_1.phone,
        t1_1.role 
    from
        student_tutor t1_0 
    join
        tutor t1_1 
            on t1_1.id=t1_0.tutor_id 
    where
        t1_0.student_id=?
2026-04-11 20:08:21.542 [http-nio-8080-exec-6] DEBUG o.s.w.s.m.m.a.ExceptionHandlerExceptionResolver - Using @ExceptionHandler com.example.demo.exception.GlobalExceptionHandler#handleRuntimeException(RuntimeException)
2026-04-11 20:08:21.542 [http-nio-8080-exec-1] DEBUG o.s.web.servlet.DispatcherServlet - Completed 200 OK
2026-04-11 20:08:21.542 [http-nio-8080-exec-6] ERROR c.e.d.e.GlobalExceptionHandler - Ошибка выполнения: null
java.lang.NullPointerException
	at java.base/java.util.Objects.requireNonNull(Objects.java:209)
	at java.base/java.util.ImmutableCollections$Map1.<init>(ImmutableCollections.java:1105)
	at java.base/java.util.Map.of(Map.java:1353)
	at com.example.demo.controller.TutorController.getAvatar(TutorController.java:93)
	at jdk.internal.reflect.GeneratedMethodAccessor82.invoke(Unknown Source)
	at java.base/jdk.internal.reflect.DelegatingMethodAccessorImpl.invoke(DelegatingMethodAccessorImpl.java:43)
	at java.base/java.lang.reflect.Method.invoke(Method.java:569)
	at org.springframework.web.method.support.InvocableHandlerMethod.doInvoke(InvocableHandlerMethod.java:252)
	at org.springframework.web.method.support.InvocableHandlerMethod.invokeForRequest(InvocableHandlerMethod.java:184)
	at org.springframework.web.servlet.mvc.method.annotation.ServletInvocableHandlerMethod.invokeAndHandle(ServletInvocableHandlerMethod.java:117)
	at org.springframework.web.servlet.mvc.method.annotation.RequestMappingHandlerAdapter.invokeHandlerMethod(RequestMappingHandlerAdapter.java:934)
	at org.springframework.web.servlet.mvc.method.annotation.RequestMappingHandlerAdapter.handleInternal(RequestMappingHandlerAdapter.java:853)
	at org.springframework.web.servlet.mvc.method.AbstractHandlerMethodAdapter.handle(AbstractHandlerMethodAdapter.java:86)
	at org.springframework.web.servlet.DispatcherServlet.doDispatch(DispatcherServlet.java:963)
	at org.springframework.web.servlet.DispatcherServlet.doService(DispatcherServlet.java:866)
	at org.springframework.web.servlet.FrameworkServlet.processRequest(FrameworkServlet.java:1000)
	at org.springframework.web.servlet.FrameworkServlet.doGet(FrameworkServlet.java:892)
	at jakarta.servlet.http.HttpServlet.service(HttpServlet.java:622)
	at org.springframework.web.servlet.FrameworkServlet.service(FrameworkServlet.java:874)
	at jakarta.servlet.http.HttpServlet.service(HttpServlet.java:710)
	at org.apache.catalina.core.ApplicationFilterChain.doFilter(ApplicationFilterChain.java:128)
	at org.apache.tomcat.websocket.server.WsFilter.doFilter(WsFilter.java:53)
	at org.apache.catalina.core.ApplicationFilterChain.doFilter(ApplicationFilterChain.java:107)
	at org.springframework.web.filter.OncePerRequestFilter.doFilter(OncePerRequestFilter.java:110)
	at org.apache.catalina.core.ApplicationFilterChain.doFilter(ApplicationFilterChain.java:107)
	at org.springframework.web.filter.CompositeFilter$VirtualFilterChain.doFilter(CompositeFilter.java:108)
	at org.springframework.security.web.FilterChainProxy.lambda$doFilterInternal$3(FilterChainProxy.java:235)
	at org.springframework.security.web.FilterChainProxy$VirtualFilterChain.doFilter(FilterChainProxy.java:371)
	at org.springframework.security.web.access.intercept.AuthorizationFilter.doFilter(AuthorizationFilter.java:101)
	at org.springframework.security.web.FilterChainProxy$VirtualFilterChain.doFilter(FilterChainProxy.java:380)
	at org.springframework.security.web.access.ExceptionTranslationFilter.doFilter(ExceptionTranslationFilter.java:126)
	at org.springframework.security.web.access.ExceptionTranslationFilter.doFilter(ExceptionTranslationFilter.java:120)
	at org.springframework.security.web.FilterChainProxy$VirtualFilterChain.doFilter(FilterChainProxy.java:380)
	at org.springframework.security.web.session.SessionManagementFilter.doFilter(SessionManagementFilter.java:132)
	at org.springframework.security.web.session.SessionManagementFilter.doFilter(SessionManagementFilter.java:86)
	at org.springframework.security.web.FilterChainProxy$VirtualFilterChain.doFilter(FilterChainProxy.java:380)
	at org.springframework.security.web.authentication.AnonymousAuthenticationFilter.doFilter(AnonymousAuthenticationFilter.java:100)
	at org.springframework.security.web.FilterChainProxy$VirtualFilterChain.doFilter(FilterChainProxy.java:380)
	at org.springframework.security.web.servletapi.SecurityContextHolderAwareRequestFilter.doFilter(SecurityContextHolderAwareRequestFilter.java:181)
	at org.springframework.security.web.FilterChainProxy$VirtualFilterChain.doFilter(FilterChainProxy.java:380)
	at org.springframework.security.web.savedrequest.RequestCacheAwareFilter.doFilter(RequestCacheAwareFilter.java:63)
	at org.springframework.security.web.FilterChainProxy$VirtualFilterChain.doFilter(FilterChainProxy.java:380)
	at com.example.demo.config.AuthTokenFilter.doFilterInternal(AuthTokenFilter.java:59)
	at org.springframework.web.filter.OncePerRequestFilter.doFilter(OncePerRequestFilter.java:116)
	at org.springframework.security.web.FilterChainProxy$VirtualFilterChain.doFilter(FilterChainProxy.java:380)
	at org.springframework.security.web.authentication.logout.LogoutFilter.doFilter(LogoutFilter.java:110)
	at org.springframework.security.web.authentication.logout.LogoutFilter.doFilter(LogoutFilter.java:96)
	at org.springframework.security.web.FilterChainProxy$VirtualFilterChain.doFilter(FilterChainProxy.java:380)
	at org.springframework.web.filter.CorsFilter.doFilterInternal(CorsFilter.java:91)
	at org.springframework.web.filter.OncePerRequestFilter.doFilter(OncePerRequestFilter.java:116)
	at org.springframework.security.web.FilterChainProxy$VirtualFilterChain.doFilter(FilterChainProxy.java:380)
	at org.springframework.security.web.header.HeaderWriterFilter.doHeadersAfter(HeaderWriterFilter.java:90)
	at org.springframework.security.web.header.HeaderWriterFilter.doFilterInternal(HeaderWriterFilter.java:75)
	at org.springframework.web.filter.OncePerRequestFilter.doFilter(OncePerRequestFilter.java:116)
	at org.springframework.security.web.FilterChainProxy$VirtualFilterChain.doFilter(FilterChainProxy.java:380)
	at org.springframework.security.web.context.SecurityContextHolderFilter.doFilter(SecurityContextHolderFilter.java:82)
	at org.springframework.security.web.context.SecurityContextHolderFilter.doFilter(SecurityContextHolderFilter.java:69)
	at org.springframework.security.web.FilterChainProxy$VirtualFilterChain.doFilter(FilterChainProxy.java:380)
	at org.springframework.security.web.context.request.async.WebAsyncManagerIntegrationFilter.doFilterInternal(WebAsyncManagerIntegrationFilter.java:62)
	at org.springframework.web.filter.OncePerRequestFilter.doFilter(OncePerRequestFilter.java:116)
	at org.springframework.security.web.FilterChainProxy$VirtualFilterChain.doFilter(FilterChainProxy.java:380)
	at org.springframework.security.web.session.DisableEncodeUrlFilter.doFilterInternal(DisableEncodeUrlFilter.java:42)
	at org.springframework.web.filter.OncePerRequestFilter.doFilter(OncePerRequestFilter.java:116)
	at org.springframework.security.web.FilterChainProxy$VirtualFilterChain.doFilter(FilterChainProxy.java:380)
	at org.springframework.security.web.FilterChainProxy.doFilterInternal(FilterChainProxy.java:237)
	at org.springframework.security.web.FilterChainProxy.doFilter(FilterChainProxy.java:195)
	at org.springframework.web.filter.CompositeFilter$VirtualFilterChain.doFilter(CompositeFilter.java:113)
	at org.springframework.web.filter.ServletRequestPathFilter.doFilter(ServletRequestPathFilter.java:52)
	at org.springframework.web.filter.CompositeFilter$VirtualFilterChain.doFilter(CompositeFilter.java:113)
	at org.springframework.web.filter.CompositeFilter.doFilter(CompositeFilter.java:74)
	at org.springframework.security.config.annotation.web.configuration.WebSecurityConfiguration$CompositeFilterChainProxy.doFilter(WebSecurityConfiguration.java:317)
	at org.springframework.web.filter.DelegatingFilterProxy.invokeDelegate(DelegatingFilterProxy.java:355)
	at org.springframework.web.filter.DelegatingFilterProxy.doFilter(DelegatingFilterProxy.java:272)
	at org.apache.catalina.core.ApplicationFilterChain.doFilter(ApplicationFilterChain.java:107)
	at org.springframework.web.filter.RequestContextFilter.doFilterInternal(RequestContextFilter.java:100)
	at org.springframework.web.filter.OncePerRequestFilter.doFilter(OncePerRequestFilter.java:116)
	at org.apache.catalina.core.ApplicationFilterChain.doFilter(ApplicationFilterChain.java:107)
	at org.springframework.web.filter.FormContentFilter.doFilterInternal(FormContentFilter.java:93)
	at org.springframework.web.filter.OncePerRequestFilter.doFilter(OncePerRequestFilter.java:116)
	at org.apache.catalina.core.ApplicationFilterChain.doFilter(ApplicationFilterChain.java:107)
	at org.springframework.web.filter.CharacterEncodingFilter.doFilterInternal(CharacterEncodingFilter.java:199)
	at org.springframework.web.filter.OncePerRequestFilter.doFilter(OncePerRequestFilter.java:116)
	at org.apache.catalina.core.ApplicationFilterChain.doFilter(ApplicationFilterChain.java:107)
	at org.apache.catalina.core.StandardWrapperValve.invoke(StandardWrapperValve.java:165)
	at org.apache.catalina.core.StandardContextValve.invoke(StandardContextValve.java:77)
	at org.apache.catalina.authenticator.AuthenticatorBase.invoke(AuthenticatorBase.java:492)
	at org.apache.catalina.core.StandardHostValve.invoke(StandardHostValve.java:113)
	at org.apache.catalina.valves.ErrorReportValve.invoke(ErrorReportValve.java:83)
	at org.apache.catalina.core.StandardEngineValve.invoke(StandardEngineValve.java:72)
	at org.apache.catalina.connector.CoyoteAdapter.service(CoyoteAdapter.java:341)
	at org.apache.coyote.http11.Http11Processor.service(Http11Processor.java:397)
	at org.apache.coyote.AbstractProcessorLight.process(AbstractProcessorLight.java:63)
	at org.apache.coyote.AbstractProtocol$ConnectionHandler.process(AbstractProtocol.java:903)
	at org.apache.tomcat.util.net.NioEndpoint$SocketProcessor.doRun(NioEndpoint.java:1779)
	at org.apache.tomcat.util.net.SocketProcessorBase.run(SocketProcessorBase.java:52)
	at org.apache.tomcat.util.threads.ThreadPoolExecutor.runWorker(ThreadPoolExecutor.java:946)
	at org.apache.tomcat.util.threads.ThreadPoolExecutor$Worker.run(ThreadPoolExecutor.java:480)
	at org.apache.tomcat.util.threads.TaskThread$WrappingRunnable.run(TaskThread.java:57)
	at java.base/java.lang.Thread.run(Thread.java:840)
2026-04-11 20:08:21.544 [http-nio-8080-exec-10] DEBUG org.hibernate.SQL - 
    select
        r1_0.student_id,
        r1_0.id,
        r1_0.rate_per_lesson,
        r1_0.tutor_id,
        t1_0.id,
        t1_0.about,
        t1_0.avatar,
        t1_0.birthday,
        t1_0.city,
        t1_0.created_at,
        t1_0.email,
        t1_0.full_name,
        t1_0.is_active,
        t1_0.password_hash,
        t1_0.phone,
        t1_0.role 
    from
        student_rate r1_0 
    left join
        tutor t1_0 
            on t1_0.id=r1_0.tutor_id 
    where
        r1_0.student_id=?
2026-04-11 20:08:21.544 [http-nio-8080-exec-6] DEBUG o.s.w.s.m.m.a.HttpEntityMethodProcessor - Using 'application/json', given [application/json, text/plain, */*] and supported [application/json, application/*+json]
2026-04-11 20:08:21.544 [http-nio-8080-exec-2] DEBUG org.hibernate.SQL - 
    select
        r1_0.student_id,
        r1_0.id,
        r1_0.rate_per_lesson,
        r1_0.tutor_id,
        t1_0.id,
        t1_0.about,
        t1_0.avatar,
        t1_0.birthday,
        t1_0.city,
        t1_0.created_at,
        t1_0.email,
        t1_0.full_name,
        t1_0.is_active,
        t1_0.password_hash,
        t1_0.phone,
        t1_0.role 
    from
        student_rate r1_0 
    left join
        tutor t1_0 
            on t1_0.id=r1_0.tutor_id 
    where
        r1_0.student_id=?
2026-04-11 20:08:21.544 [http-nio-8080-exec-6] DEBUG o.s.w.s.m.m.a.HttpEntityMethodProcessor - Writing [{error=Внутренняя ошибка сервера}]
2026-04-11 20:08:21.545 [http-nio-8080-exec-6] DEBUG o.s.w.s.m.m.a.ExceptionHandlerExceptionResolver - Resolved [java.lang.NullPointerException]
2026-04-11 20:08:21.545 [http-nio-8080-exec-6] DEBUG o.s.web.servlet.DispatcherServlet - Completed 500 INTERNAL_SERVER_ERROR
2026-04-11 20:08:21.546 [http-nio-8080-exec-2] DEBUG o.s.w.s.m.m.a.HttpEntityMethodProcessor - Using 'application/json', given [application/json, text/plain, */*] and supported [application/json, application/*+json]
2026-04-11 20:08:21.546 [http-nio-8080-exec-10] DEBUG o.s.w.s.m.m.a.HttpEntityMethodProcessor - Using 'application/json', given [application/json, text/plain, */*] and supported [application/json, application/*+json]
2026-04-11 20:08:21.547 [http-nio-8080-exec-2] DEBUG o.s.w.s.m.m.a.HttpEntityMethodProcessor - Writing [[com.example.demo.entity.Student@89edd]]
2026-04-11 20:08:21.547 [http-nio-8080-exec-10] DEBUG o.s.w.s.m.m.a.HttpEntityMethodProcessor - Writing [[com.example.demo.entity.Student@1da40091]]
2026-04-11 20:08:21.548 [http-nio-8080-exec-2] DEBUG o.s.web.servlet.DispatcherServlet - Completed 200 OK
2026-04-11 20:08:21.548 [http-nio-8080-exec-10] DEBUG o.s.web.servlet.DispatcherServlet - Completed 200 OK
2026-04-11 20:08:33.007 [SpringApplicationShutdownHook] INFO  o.s.boot.tomcat.GracefulShutdown - Commencing graceful shutdown. Waiting for active requests to complete
2026-04-11 20:08:33.187 [tomcat-shutdown] INFO  o.s.boot.tomcat.GracefulShutdown - Graceful shutdown complete
2026-04-11 20:08:33.198 [SpringApplicationShutdownHook] INFO  o.s.o.j.LocalContainerEntityManagerFactoryBean - Closing JPA EntityManagerFactory for persistence unit 'default'
2026-04-11 20:08:33.207 [SpringApplicationShutdownHook] INFO  com.zaxxer.hikari.HikariDataSource - HikariPool-1 - Shutdown initiated...
2026-04-11 20:08:33.212 [SpringApplicationShutdownHook] INFO  com.zaxxer.hikari.HikariDataSource - HikariPool-1 - Shutdown completed.
